train_and_optimize_models started at 2024-09-20 15:29:20 and ended at 2024-09-20 15:35:42, executed in 0d 0h 6m 22.2041s (382.2041 seconds)
evaluate_best_models started at 2024-09-20 15:35:42 and ended at 2024-09-20 15:35:43, executed in 0d 0h 0m 0.1532s (0.1532 seconds)
shap_calculation started at 2024-09-20 15:35:43 and ended at 2024-09-20 15:35:45, executed in 0d 0h 0m 2.1202s (2.1202 seconds)
shap_clustering started at 2024-09-20 15:35:45 and ended at 2024-09-20 15:36:07, executed in 0d 0h 0m 22.4469s (22.4469 seconds)
sage_calculation started at 2024-09-20 15:36:07 and ended at 2024-09-20 15:36:24, executed in 0d 0h 0m 17.3189s (17.3189 seconds)
Global execution started at 2024-09-20 15:29:20 and ended at 2024-09-20 15:36:24, executed in 0d 0h 7m 4.3073s (424.3073 seconds)
sage_calculation started at 2024-09-20 15:46:20 and ended at 2024-09-20 15:46:30, executed in 0d 0h 0m 10.0415s (10.0415 seconds)
Global execution started at 2024-09-20 15:46:20 and ended at 2024-09-20 15:46:30, executed in 0d 0h 0m 10.0449s (10.0449 seconds)
train_and_optimize_models started at 2024-09-20 19:38:46 and ended at 2024-09-20 19:44:51, executed in 0d 0h 6m 5.2737s (365.2737 seconds)
Global execution started at 2024-09-20 19:38:46 and ended at 2024-09-20 19:44:51, executed in 0d 0h 6m 5.2783s (365.2783 seconds)
train_and_optimize_models started at 2024-09-20 21:07:51 and ended at 2024-09-20 21:14:35, executed in 0d 0h 6m 43.4060s (403.4060 seconds)
Global execution started at 2024-09-20 21:07:51 and ended at 2024-09-20 21:14:35, executed in 0d 0h 6m 43.4076s (403.4076 seconds)
train_and_optimize_models started at 2024-09-20 21:34:21 and ended at 2024-09-20 21:36:35, executed in 0d 0h 2m 14.7720s (134.7720 seconds)
Global execution started at 2024-09-20 21:34:21 and ended at 2024-09-20 21:36:35, executed in 0d 0h 2m 14.7736s (134.7736 seconds)
Global execution started at 2024-09-20 21:37:58 and ended at 2024-09-20 21:37:58, executed in 0d 0h 0m 0.0128s (0.0128 seconds)
Global execution started at 2024-09-20 21:39:01 and ended at 2024-09-20 21:39:01, executed in 0d 0h 0m 0.0060s (0.0060 seconds)
Global execution started at 2024-09-20 21:39:47 and ended at 2024-09-20 21:39:47, executed in 0d 0h 0m 0.0066s (0.0066 seconds)
Global execution started at 2024-09-20 21:40:36 and ended at 2024-09-20 21:40:36, executed in 0d 0h 0m 0.0138s (0.0138 seconds)
Global execution started at 2024-09-20 21:48:51 and ended at 2024-09-20 21:48:51, executed in 0d 0h 0m 0.0051s (0.0051 seconds)
Global execution started at 2024-09-20 21:51:14 and ended at 2024-09-20 21:51:14, executed in 0d 0h 0m 0.0058s (0.0058 seconds)
Global execution started at 2024-09-20 21:52:28 and ended at 2024-09-20 21:52:28, executed in 0d 0h 0m 0.0074s (0.0074 seconds)
Global execution started at 2024-09-20 21:53:08 and ended at 2024-09-20 21:53:08, executed in 0d 0h 0m 0.0061s (0.0061 seconds)
Global execution started at 2024-09-20 21:53:54 and ended at 2024-09-20 21:53:54, executed in 0d 0h 0m 0.0116s (0.0116 seconds)
Global execution started at 2024-09-20 21:54:54 and ended at 2024-09-20 21:54:54, executed in 0d 0h 0m 0.0200s (0.0200 seconds)
Global execution started at 2024-09-20 21:58:36 and ended at 2024-09-20 21:58:36, executed in 0d 0h 0m 0.0183s (0.0183 seconds)
Global execution started at 2024-09-20 21:59:18 and ended at 2024-09-20 21:59:18, executed in 0d 0h 0m 0.0068s (0.0068 seconds)
Global execution started at 2024-09-20 22:17:52 and ended at 2024-09-20 22:17:52, executed in 0d 0h 0m 0.0054s (0.0054 seconds)
train_and_optimize_models started at 2024-09-20 22:25:39 and ended at 2024-09-20 22:31:20, executed in 0d 0h 5m 41.1734s (341.1734 seconds)
evaluate_best_models started at 2024-09-20 22:31:20 and ended at 2024-09-20 22:31:21, executed in 0d 0h 0m 0.2107s (0.2107 seconds)
Global execution started at 2024-09-20 22:25:39 and ended at 2024-09-20 22:31:21, executed in 0d 0h 5m 41.4384s (341.4384 seconds)
shap_calculation started at 2024-09-20 22:37:45 and ended at 2024-09-20 22:37:46, executed in 0d 0h 0m 1.2818s (1.2818 seconds)
Global execution started at 2024-09-20 22:37:45 and ended at 2024-09-20 22:37:46, executed in 0d 0h 0m 1.2840s (1.2840 seconds)
shap_calculation started at 2024-09-20 22:38:12 and ended at 2024-09-20 22:38:13, executed in 0d 0h 0m 1.3102s (1.3102 seconds)
shap_clustering started at 2024-09-20 22:38:13 and ended at 2024-09-20 22:38:25, executed in 0d 0h 0m 11.5826s (11.5826 seconds)
shap_calculation started at 2024-09-20 22:38:48 and ended at 2024-09-20 22:38:50, executed in 0d 0h 0m 1.2540s (1.2540 seconds)
shap_clustering started at 2024-09-20 22:38:50 and ended at 2024-09-20 22:39:02, executed in 0d 0h 0m 12.6999s (12.6999 seconds)
sage_calculation started at 2024-09-20 22:39:02 and ended at 2024-09-20 22:39:19, executed in 0d 0h 0m 16.1196s (16.1196 seconds)
Global execution started at 2024-09-20 22:38:48 and ended at 2024-09-20 22:39:19, executed in 0d 0h 0m 30.0786s (30.0786 seconds)
evaluate_best_models started at 2024-09-20 22:45:48 and ended at 2024-09-20 22:45:48, executed in 0d 0h 0m 0.1263s (0.1263 seconds)
Global execution started at 2024-09-20 22:45:48 and ended at 2024-09-20 22:45:48, executed in 0d 0h 0m 0.1293s (0.1293 seconds)
evaluate_best_models started at 2024-09-20 22:50:20 and ended at 2024-09-20 22:50:20, executed in 0d 0h 0m 0.1271s (0.1271 seconds)
Global execution started at 2024-09-20 22:50:20 and ended at 2024-09-20 22:50:20, executed in 0d 0h 0m 0.1300s (0.1300 seconds)
evaluate_best_models started at 2024-09-20 22:56:17 and ended at 2024-09-20 22:56:17, executed in 0d 0h 0m 0.1328s (0.1328 seconds)
Global execution started at 2024-09-20 22:56:17 and ended at 2024-09-20 22:56:17, executed in 0d 0h 0m 0.1354s (0.1354 seconds)
evaluate_best_models started at 2024-09-20 22:57:23 and ended at 2024-09-20 22:57:23, executed in 0d 0h 0m 0.1261s (0.1261 seconds)
Global execution started at 2024-09-20 22:57:23 and ended at 2024-09-20 22:57:23, executed in 0d 0h 0m 0.1286s (0.1286 seconds)
evaluate_best_models started at 2024-09-20 22:57:45 and ended at 2024-09-20 22:57:45, executed in 0d 0h 0m 0.1295s (0.1295 seconds)
Global execution started at 2024-09-20 22:57:45 and ended at 2024-09-20 22:57:45, executed in 0d 0h 0m 0.1321s (0.1321 seconds)
evaluate_best_models started at 2024-09-20 22:58:44 and ended at 2024-09-20 22:58:44, executed in 0d 0h 0m 0.1303s (0.1303 seconds)
Global execution started at 2024-09-20 22:58:44 and ended at 2024-09-20 22:58:44, executed in 0d 0h 0m 0.1333s (0.1333 seconds)
evaluate_best_models started at 2024-09-20 23:03:07 and ended at 2024-09-20 23:03:07, executed in 0d 0h 0m 0.1260s (0.1260 seconds)
evaluate_best_models started at 2024-09-20 23:03:27 and ended at 2024-09-20 23:03:27, executed in 0d 0h 0m 0.1208s (0.1208 seconds)
evaluate_best_models started at 2024-09-20 23:04:49 and ended at 2024-09-20 23:04:49, executed in 0d 0h 0m 0.1220s (0.1220 seconds)
evaluate_best_models started at 2024-09-20 23:05:04 and ended at 2024-09-20 23:05:04, executed in 0d 0h 0m 0.1256s (0.1256 seconds)
sage_calculation started at 2024-09-20 23:05:04 and ended at 2024-09-20 23:05:42, executed in 0d 0h 0m 38.3016s (38.3016 seconds)
Global execution started at 2024-09-20 23:05:04 and ended at 2024-09-20 23:05:42, executed in 0d 0h 0m 38.4305s (38.4305 seconds)
evaluate_best_models started at 2024-09-20 23:17:01 and ended at 2024-09-20 23:17:01, executed in 0d 0h 0m 0.1265s (0.1265 seconds)
shap_calculation started at 2024-09-20 23:18:05 and ended at 2024-09-20 23:18:08, executed in 0d 0h 0m 3.4301s (3.4301 seconds)
Global execution started at 2024-09-20 23:18:05 and ended at 2024-09-20 23:18:08, executed in 0d 0h 0m 3.4330s (3.4330 seconds)
train_and_optimize_models started at 2024-09-20 23:30:12 and ended at 2024-09-20 23:36:17, executed in 0d 0h 6m 5.1231s (365.1231 seconds)
Global execution started at 2024-09-20 23:30:12 and ended at 2024-09-20 23:36:17, executed in 0d 0h 6m 5.1291s (365.1291 seconds)
train_and_optimize_models started at 2024-09-20 23:41:45 and ended at 2024-09-20 23:48:04, executed in 0d 0h 6m 19.0168s (379.0168 seconds)
Global execution started at 2024-09-20 23:41:45 and ended at 2024-09-20 23:48:04, executed in 0d 0h 6m 19.0185s (379.0185 seconds)
train_and_optimize_models started at 2024-09-21 00:20:32 and ended at 2024-09-21 00:26:50, executed in 0d 0h 6m 18.0105s (378.0105 seconds)
Global execution started at 2024-09-21 00:20:32 and ended at 2024-09-21 00:26:50, executed in 0d 0h 6m 18.0150s (378.0150 seconds)
train_and_optimize_models started at 2024-09-21 00:35:30 and ended at 2024-09-21 00:41:50, executed in 0d 0h 6m 19.6333s (379.6333 seconds)
Global execution started at 2024-09-21 00:35:30 and ended at 2024-09-21 00:41:50, executed in 0d 0h 6m 19.6346s (379.6346 seconds)
Global execution started at 2024-09-21 00:45:20 and ended at 2024-09-21 00:45:20, executed in 0d 0h 0m 0.0066s (0.0066 seconds)
Global execution started at 2024-09-21 00:47:31 and ended at 2024-09-21 00:47:31, executed in 0d 0h 0m 0.0059s (0.0059 seconds)
evaluate_best_models started at 2024-09-21 00:49:16 and ended at 2024-09-21 00:49:16, executed in 0d 0h 0m 0.1365s (0.1365 seconds)
Global execution started at 2024-09-21 00:49:16 and ended at 2024-09-21 00:49:16, executed in 0d 0h 0m 0.1399s (0.1399 seconds)
shap_calculation started at 2024-09-21 00:50:00 and ended at 2024-09-21 00:50:00, executed in 0d 0h 0m 0.0055s (0.0055 seconds)
Global execution started at 2024-09-21 00:50:00 and ended at 2024-09-21 00:50:00, executed in 0d 0h 0m 0.0076s (0.0076 seconds)
shap_calculation started at 2024-09-21 00:50:40 and ended at 2024-09-21 00:50:40, executed in 0d 0h 0m 0.0299s (0.0299 seconds)
Global execution started at 2024-09-21 00:50:40 and ended at 2024-09-21 00:50:40, executed in 0d 0h 0m 0.0322s (0.0322 seconds)
shap_calculation started at 2024-09-21 00:51:37 and ended at 2024-09-21 00:51:39, executed in 0d 0h 0m 1.5538s (1.5538 seconds)
Global execution started at 2024-09-21 00:51:37 and ended at 2024-09-21 00:51:39, executed in 0d 0h 0m 1.5564s (1.5564 seconds)
train_and_optimize_models started at 2024-09-21 00:55:19 and ended at 2024-09-21 01:01:26, executed in 0d 0h 6m 6.4952s (366.4952 seconds)
evaluate_best_models started at 2024-09-21 01:01:26 and ended at 2024-09-21 01:01:26, executed in 0d 0h 0m 0.1611s (0.1611 seconds)
shap_calculation started at 2024-09-21 01:01:26 and ended at 2024-09-21 01:01:31, executed in 0d 0h 0m 4.7892s (4.7892 seconds)
Global execution started at 2024-09-21 00:55:19 and ended at 2024-09-21 01:01:31, executed in 0d 0h 6m 11.5239s (371.5239 seconds)
shap_clustering started at 2024-09-21 01:02:39 and ended at 2024-09-21 01:03:02, executed in 0d 0h 0m 22.5473s (22.5473 seconds)
Global execution started at 2024-09-21 01:02:39 and ended at 2024-09-21 01:03:02, executed in 0d 0h 0m 22.5505s (22.5505 seconds)
sage_calculation started at 2024-09-21 01:04:00 and ended at 2024-09-21 01:05:17, executed in 0d 0h 1m 16.6538s (76.6538 seconds)
Global execution started at 2024-09-21 01:04:00 and ended at 2024-09-21 01:05:17, executed in 0d 0h 1m 16.6566s (76.6566 seconds)
train_and_optimize_models started at 2024-09-21 01:07:00 and ended at 2024-09-21 01:13:15, executed in 0d 0h 6m 15.0404s (375.0404 seconds)
evaluate_best_models started at 2024-09-21 01:13:15 and ended at 2024-09-21 01:13:15, executed in 0d 0h 0m 0.1572s (0.1572 seconds)
shap_calculation started at 2024-09-21 01:13:15 and ended at 2024-09-21 01:13:20, executed in 0d 0h 0m 4.8942s (4.8942 seconds)
shap_clustering started at 2024-09-21 01:13:20 and ended at 2024-09-21 01:13:40, executed in 0d 0h 0m 19.3371s (19.3371 seconds)
sage_calculation started at 2024-09-21 01:13:40 and ended at 2024-09-21 01:14:37, executed in 0d 0h 0m 57.6661s (57.6661 seconds)
Global execution started at 2024-09-21 01:07:00 and ended at 2024-09-21 01:14:37, executed in 0d 0h 7m 37.1566s (457.1566 seconds)
train_and_optimize_models started at 2024-09-21 01:16:31 and ended at 2024-09-21 01:22:29, executed in 0d 0h 5m 58.5828s (358.5828 seconds)
evaluate_best_models started at 2024-09-21 01:22:29 and ended at 2024-09-21 01:22:30, executed in 0d 0h 0m 0.1592s (0.1592 seconds)
shap_calculation started at 2024-09-21 01:22:30 and ended at 2024-09-21 01:22:35, executed in 0d 0h 0m 5.1244s (5.1244 seconds)
shap_clustering started at 2024-09-21 01:22:35 and ended at 2024-09-21 01:22:54, executed in 0d 0h 0m 19.0871s (19.0871 seconds)
sage_calculation started at 2024-09-21 01:22:54 and ended at 2024-09-21 01:23:44, executed in 0d 0h 0m 50.5276s (50.5276 seconds)
Global execution started at 2024-09-21 01:16:31 and ended at 2024-09-21 01:23:44, executed in 0d 0h 7m 13.5237s (433.5237 seconds)
train_and_optimize_models started at 2024-09-21 02:10:08 and ended at 2024-09-21 02:16:24, executed in 0d 0h 6m 15.5392s (375.5392 seconds)
evaluate_best_models started at 2024-09-21 02:16:24 and ended at 2024-09-21 02:16:24, executed in 0d 0h 0m 0.1662s (0.1662 seconds)
shap_calculation started at 2024-09-21 02:16:24 and ended at 2024-09-21 02:16:29, executed in 0d 0h 0m 4.7066s (4.7066 seconds)
shap_clustering started at 2024-09-21 02:16:29 and ended at 2024-09-21 02:16:48, executed in 0d 0h 0m 19.1099s (19.1099 seconds)
sage_calculation started at 2024-09-21 02:16:48 and ended at 2024-09-21 02:17:35, executed in 0d 0h 0m 47.0108s (47.0108 seconds)
Global execution started at 2024-09-21 02:10:08 and ended at 2024-09-21 02:17:35, executed in 0d 0h 7m 26.6007s (446.6007 seconds)
sage_calculation started at 2024-09-23 21:36:08 and ended at 2024-09-23 21:36:39, executed in 0d 0h 0m 31.4636s (31.4636 seconds)
Global execution started at 2024-09-23 21:36:08 and ended at 2024-09-23 21:36:39, executed in 0d 0h 0m 31.4837s (31.4837 seconds)
sage_calculation started at 2024-09-23 21:42:59 and ended at 2024-09-23 21:43:34, executed in 0d 0h 0m 34.5931s (34.5931 seconds)
Global execution started at 2024-09-23 21:42:59 and ended at 2024-09-23 21:43:34, executed in 0d 0h 0m 34.5959s (34.5959 seconds)
sage_calculation started at 2024-09-23 21:44:14 and ended at 2024-09-23 21:45:05, executed in 0d 0h 0m 50.5138s (50.5138 seconds)
Global execution started at 2024-09-23 21:44:14 and ended at 2024-09-23 21:45:05, executed in 0d 0h 0m 50.5167s (50.5167 seconds)
train_and_optimize_models started at 2024-09-24 00:23:58 and ended at 2024-09-24 01:03:34, executed in 0d 0h 39m 36.7421s (2376.7421 seconds)
evaluate_best_models started at 2024-09-24 01:03:34 and ended at 2024-09-24 01:03:35, executed in 0d 0h 0m 0.7194s (0.7194 seconds)
shap_calculation started at 2024-09-24 01:03:35 and ended at 2024-09-24 01:04:35, executed in 0d 0h 0m 59.4426s (59.4426 seconds)
shap_clustering started at 2024-09-24 01:04:35 and ended at 2024-09-24 01:05:38, executed in 0d 0h 1m 3.8455s (63.8455 seconds)
train_and_optimize_models started at 2024-09-24 01:23:41 and ended at 2024-09-24 04:33:18, executed in 0d 3h 9m 37.0608s (11377.0608 seconds)
evaluate_best_models started at 2024-09-24 04:33:18 and ended at 2024-09-24 04:33:19, executed in 0d 0h 0m 0.3958s (0.3958 seconds)
shap_calculation started at 2024-09-24 04:33:19 and ended at 2024-09-24 04:33:55, executed in 0d 0h 0m 35.7934s (35.7934 seconds)
shap_clustering started at 2024-09-24 04:33:55 and ended at 2024-09-24 04:35:35, executed in 0d 0h 1m 40.2503s (100.2503 seconds)
train_and_optimize_models started at 2024-09-28 10:41:47 and ended at 2024-09-28 11:25:22, executed in 0d 0h 43m 35.1587s (2615.1587 seconds)
evaluate_best_models started at 2024-09-28 11:25:22 and ended at 2024-09-28 11:25:23, executed in 0d 0h 0m 0.6236s (0.6236 seconds)
shap_calculation started at 2024-09-28 11:25:23 and ended at 2024-09-28 11:26:25, executed in 0d 0h 1m 1.8621s (61.8621 seconds)
shap_clustering started at 2024-09-28 11:26:25 and ended at 2024-09-28 11:27:39, executed in 0d 0h 1m 14.4894s (74.4894 seconds)
sage_calculation started at 2024-09-28 11:27:39 and ended at 2024-09-28 11:47:42, executed in 0d 0h 20m 2.4668s (1202.4668 seconds)
Global execution started at 2024-09-28 10:41:47 and ended at 2024-09-28 11:47:42, executed in 0d 1h 5m 54.6666s (3954.6666 seconds)
sage_calculation started at 2024-09-28 11:49:16 and ended at 2024-09-28 12:10:09, executed in 0d 0h 20m 52.9164s (1252.9164 seconds)
Global execution started at 2024-09-28 11:49:16 and ended at 2024-09-28 12:10:09, executed in 0d 0h 20m 52.9245s (1252.9245 seconds)
train_and_optimize_models started at 2024-09-28 16:21:24 and ended at 2024-09-28 16:43:08, executed in 0d 0h 21m 43.8865s (1303.8865 seconds)
evaluate_best_models started at 2024-09-28 16:43:08 and ended at 2024-09-28 16:43:08, executed in 0d 0h 0m 0.2472s (0.2472 seconds)
shap_calculation started at 2024-09-28 16:43:08 and ended at 2024-09-28 16:51:54, executed in 0d 0h 8m 46.3312s (526.3312 seconds)
shap_clustering started at 2024-09-28 16:51:54 and ended at 2024-09-28 16:52:33, executed in 0d 0h 0m 39.0147s (39.0147 seconds)
Global execution started at 2024-09-28 16:54:47 and ended at 2024-09-28 16:54:47, executed in 0d 0h 0m 0.0179s (0.0179 seconds)
evaluate_best_models started at 2024-09-28 16:55:38 and ended at 2024-09-28 16:55:38, executed in 0d 0h 0m 0.1794s (0.1794 seconds)
Global execution started at 2024-09-28 16:55:38 and ended at 2024-09-28 16:55:38, executed in 0d 0h 0m 0.1869s (0.1869 seconds)
shap_calculation started at 2024-09-28 16:56:29 and ended at 2024-09-28 17:04:34, executed in 0d 0h 8m 4.3805s (484.3805 seconds)
Global execution started at 2024-09-28 16:56:29 and ended at 2024-09-28 17:04:34, executed in 0d 0h 8m 4.3845s (484.3845 seconds)
shap_clustering started at 2024-09-28 17:22:39 and ended at 2024-09-28 17:23:06, executed in 0d 0h 0m 27.3213s (27.3213 seconds)
Global execution started at 2024-09-28 17:22:39 and ended at 2024-09-28 17:23:06, executed in 0d 0h 0m 27.3251s (27.3251 seconds)
sage_calculation started at 2024-09-28 17:23:20 and ended at 2024-09-28 17:29:05, executed in 0d 0h 5m 44.6565s (344.6565 seconds)
Global execution started at 2024-09-28 17:23:20 and ended at 2024-09-28 17:29:05, executed in 0d 0h 5m 44.6604s (344.6604 seconds)
train_and_optimize_models started at 2024-09-28 17:54:36 and ended at 2024-09-28 18:54:59, executed in 0d 1h 0m 23.2264s (3623.2264 seconds)
evaluate_best_models started at 2024-09-28 18:54:59 and ended at 2024-09-28 18:54:59, executed in 0d 0h 0m 0.3052s (0.3052 seconds)
shap_calculation started at 2024-09-28 18:54:59 and ended at 2024-09-28 19:01:31, executed in 0d 0h 6m 32.1448s (392.1448 seconds)
shap_clustering started at 2024-09-28 19:01:31 and ended at 2024-09-28 19:02:10, executed in 0d 0h 0m 38.3321s (38.3321 seconds)
sage_calculation started at 2024-09-28 19:02:10 and ended at 2024-09-28 19:05:42, executed in 0d 0h 3m 32.1681s (212.1681 seconds)
Global execution started at 2024-09-28 17:54:36 and ended at 2024-09-28 19:05:42, executed in 0d 1h 11m 6.2345s (4266.2345 seconds)
train_and_optimize_models started at 2024-09-28 20:10:11 and ended at 2024-09-28 20:22:47, executed in 0d 0h 12m 36.1946s (756.1946 seconds)
evaluate_best_models started at 2024-09-28 20:22:47 and ended at 2024-09-28 20:22:47, executed in 0d 0h 0m 0.6534s (0.6534 seconds)
shap_calculation started at 2024-09-28 20:22:47 and ended at 2024-09-28 20:23:58, executed in 0d 0h 1m 10.3648s (70.3648 seconds)
shap_clustering started at 2024-09-28 20:23:58 and ended at 2024-09-28 20:23:58, executed in 0d 0h 0m 0.0010s (0.0010 seconds)
sage_calculation started at 2024-09-28 20:23:58 and ended at 2024-09-28 20:31:27, executed in 0d 0h 7m 29.3519s (449.3519 seconds)
Global execution started at 2024-09-28 20:10:11 and ended at 2024-09-28 20:31:27, executed in 0d 0h 21m 16.6573s (1276.6573 seconds)
shap_calculation started at 2024-09-28 20:33:20 and ended at 2024-09-28 20:34:01, executed in 0d 0h 0m 41.5204s (41.5204 seconds)
shap_clustering started at 2024-09-28 20:34:01 and ended at 2024-09-28 20:34:43, executed in 0d 0h 0m 41.2682s (41.2682 seconds)
Global execution started at 2024-09-28 20:33:20 and ended at 2024-09-28 20:34:43, executed in 0d 0h 1m 22.7934s (82.7934 seconds)
Setup information:
{
    "user_name": "Timi",
    "num_epochs": 2,
    "population_size": 5,
    "targets": [
        "target"
    ],
    "mh_algorithms": [
        "HHO"
    ],
    "filter_col": null,
    "task_type": "classification",
    "data_usage": "train_and_test",
    "datetime_col": null,
    "threshold": 90,
    "classification_model_registry": [
        "BalancedRandomForestCls",
        "LGBMModel",
        "ExtraTreesModel",
        "HistGradientBoostingCls"
    ],
    "regression_model_registry": [
        "AdaBoostModel",
        "LGBMModel",
        "XGBoostModel",
        "ExtraTreesModel",
        "GradientBoostingModel",
        "HistGradientBoostingModel"
    ]
}

Execution Setup Information
---------------------------
Date and Time:     2024-09-28 20:56:58
User Name:         Timi
Task Type:         classification
Data Usage:        train_and_test
Number of Epochs:  2
Population Size:   5
Threshold:         90

Targets:           ['target']
Metaheuristic Algorithms:
    - HHO

Datetime Column:   None
Filter Column:     None

Classification Models:
    - BalancedRandomForestCls
    - LGBMModel
    - ExtraTreesModel
    - HistGradientBoostingCls

Regression Models:
    - AdaBoostModel
    - LGBMModel
    - XGBoostModel
    - ExtraTreesModel
    - GradientBoostingModel
    - HistGradientBoostingModel


Execution Setup Information
---------------------------
Date and Time:     2024-09-28 21:04:59
User Name:         Timi
Task Type:         classification
Data Usage:        train_and_test
Number of Epochs:  2
Population Size:   5
Threshold:         90

Targets:           ['target']
Metaheuristic Algorithms:

Datetime Column:   None
Filter Column:     None

Classification Models:
    - HHO
    - BalancedRandomForestCls
    - LGBMModel
    - ExtraTreesModel
    - HistGradientBoostingCls

Regression Models:
    - AdaBoostModel
    - LGBMModel
    - XGBoostModel
    - ExtraTreesModel
    - GradientBoostingModel
    - HistGradientBoostingModel


Execution Setup Information
---------------------------
Date and Time:     2024-09-28 21:06:52
User Name:         Timi
Task Type:         classification
Data Usage:        train_and_test
Number of Epochs:  2
Population Size:   5
Threshold:         90

Targets:           ['target']

Datetime Column:   None
Filter Column:     None

Classification Models:
Metaheuristic Algorithms:
    - HHO
    - BalancedRandomForestCls
    - LGBMModel
    - ExtraTreesModel
    - HistGradientBoostingCls

Regression Models:
    - AdaBoostModel
    - LGBMModel
    - XGBoostModel
    - ExtraTreesModel
    - GradientBoostingModel
    - HistGradientBoostingModel


Execution Setup Information
---------------------------
Date and Time:     2024-09-28 21:08:24
User Name:         Timi
Task Type:         classification
Data Usage:        train_and_test
Number of Epochs:  2
Population Size:   5
Threshold:         90

Targets:           ['target']
Datetime Column:   None
Filter Column:     None

Metaheuristic Algorithms:
    - HHO

Classification Models:
    - BalancedRandomForestCls
    - LGBMModel
    - ExtraTreesModel
    - HistGradientBoostingCls

Regression Models:
    - AdaBoostModel
    - LGBMModel
    - XGBoostModel
    - ExtraTreesModel
    - GradientBoostingModel
    - HistGradientBoostingModel


Execution Setup Information
---------------------------
Date and Time:     2024-09-28 21:09:45
User Name:         Timi
Task Type:         classification
Data Usage:        train_and_test
Number of Epochs:  2
Population Size:   5
Threshold:         90
Targets:           ['target']
Datetime Column:   None
Filter Column:     None

Metaheuristic Algorithms:
    - HHO

Classification Models:
    - BalancedRandomForestCls
    - LGBMModel
    - ExtraTreesModel
    - HistGradientBoostingCls

Regression Models:
    - AdaBoostModel
    - LGBMModel
    - XGBoostModel
    - ExtraTreesModel
    - GradientBoostingModel
    - HistGradientBoostingModel


Execution Setup Information
---------------------------
Date and Time:     2024-09-28 21:11:45
User Name:         Timi
Task Type:         classification
Data Usage:        train_and_test
Number of Epochs:  2
Population Size:   5
SAGE Threshold:         90
Datetime Column:   None
Filter Column:     None

Targets:
    - target

Metaheuristic Algorithms:
    - HHO

Classification Models:
    - BalancedRandomForestCls
    - LGBMModel
    - ExtraTreesModel
    - HistGradientBoostingCls

Regression Models:
    - AdaBoostModel
    - LGBMModel
    - XGBoostModel
    - ExtraTreesModel
    - GradientBoostingModel
    - HistGradientBoostingModel


Execution Setup Information
---------------------------
Date and Time:     2024-09-28 21:13:47
User Name:         Timi
Task Type:         classification
Data Usage:        train_and_test
Number of Epochs:  2
Population Size:   5
SAGE Threshold:    90
Datetime Column:   None
Filter Column:     None

Targets:
    - target

Metaheuristic Algorithms:
    - HHO

Classification Models:
    - BalancedRandomForestCls
    - LGBMModel
    - ExtraTreesModel
    - HistGradientBoostingCls

Regression Models:
    - AdaBoostModel
    - LGBMModel
    - XGBoostModel
    - ExtraTreesModel
    - GradientBoostingModel
    - HistGradientBoostingModel


Execution Setup Information
---------------------------
Date and Time:     2024-09-28 21:20:04
User Name:         Timi
Task Type:         classification
Data Usage:        train_and_test
Number of Epochs:  2
Population Size:   5
SAGE Threshold:    90
Datetime Column:   None
Filter Column:     None

Targets:
    - target

Metaheuristic Algorithms:
    - HHO

Classification Models:
    - BalancedRandomForestCls
    - LGBMModel
    - ExtraTreesModel
    - HistGradientBoostingCls

Regression Models:
    - AdaBoostModel
    - LGBMModel
    - XGBoostModel
    - ExtraTreesModel
    - GradientBoostingModel
    - HistGradientBoostingModel


Execution Setup Information
---------------------------
Date and Time:     2024-09-28 21:22:26
User Name:         Timi
Task Type:         classification
Data Usage:        train_and_test
Number of Epochs:  2
Population Size:   5
SAGE Threshold:    90
Datetime Column:   None
Filter Column:     None

Targets:
    - target

Metaheuristic Algorithms:
    - HHO

Classification Models:
    - BalancedRandomForestCls
    - LGBMModel
    - ExtraTreesModel
    - HistGradientBoostingCls

Regression Models:
    - AdaBoostModel
    - LGBMModel
    - XGBoostModel
    - ExtraTreesModel
    - GradientBoostingModel
    - HistGradientBoostingModel


Execution Setup Information
---------------------------
Date and Time:     2024-09-28 21:24:11
User Name:         Timi
Task Type:         classification
Data Usage:        train_and_test
Number of Epochs:  2
Population Size:   5
SAGE Threshold:    90
Datetime Column:   None
Filter Column:     None

Targets:
    - target

Metaheuristic Algorithms:
    - HHO

Classification Models:
    - BalancedRandomForestCls
    - LGBMModel
    - ExtraTreesModel
    - HistGradientBoostingCls

Regression Models:
    - AdaBoostModel
    - LGBMModel
    - XGBoostModel
    - ExtraTreesModel
    - GradientBoostingModel
    - HistGradientBoostingModel


Execution Setup Information
---------------------------
Date and Time:     2024-09-28 21:25:14
User Name:         Timi
Task Type:         classification
Data Usage:        train_and_test
Number of Epochs:  2
Population Size:   5
SAGE Threshold:    90
Datetime Column:   None
Filter Column:     None

Targets:
    - target

Metaheuristic Algorithms:
    - HHO

Classification Models:
    - BalancedRandomForestCls
    - LGBMModel
    - ExtraTreesModel
    - HistGradientBoostingCls

Regression Models:
    - AdaBoostModel
    - LGBMModel
    - XGBoostModel
    - ExtraTreesModel
    - GradientBoostingModel
    - HistGradientBoostingModel


Execution Setup Information
---------------------------
Date and Time:     2024-09-28 21:26:18
User Name:         Timi
Task Type:         classification
Data Usage:        train_and_test
Number of Epochs:  2
Population Size:   5
SAGE Threshold:    90
Datetime Column:   None
Filter Column:     None

Targets:
    - target

Metaheuristic Algorithms:
    - HHO

Classification Models:
    - BalancedRandomForestCls
    - LGBMModel
    - ExtraTreesModel
    - HistGradientBoostingCls

Regression Models:
    - AdaBoostModel
    - LGBMModel
    - XGBoostModel
    - ExtraTreesModel
    - GradientBoostingModel
    - HistGradientBoostingModel


Execution Setup Information
---------------------------
Date and Time:     2024-09-28 21:28:58
User Name:         Timi
Task Type:         classification
Data Usage:        train_and_test
Number of Epochs:  2
Population Size:   5
SAGE Threshold:    90
Datetime Column:   None
Filter Column:     None

Targets:
    - target

Metaheuristic Algorithms:
    - HHO

Classification Models:
    - BalancedRandomForestCls
    - LGBMModel
    - ExtraTreesModel
    - HistGradientBoostingCls

Regression Models:
    - AdaBoostModel
    - LGBMModel
    - XGBoostModel
    - ExtraTreesModel
    - GradientBoostingModel
    - HistGradientBoostingModel


Execution Setup Information
---------------------------
Date and Time:     2024-09-28 21:33:20
User Name:         Timi
Task Type:         classification
Data Usage:        train_and_test
Number of Epochs:  2
Population Size:   5
SAGE Threshold:    90
Datetime Column:   None
Filter Column:     None

Targets:
    - target

Metaheuristic Algorithms:
    - HHO
\ML Models:
    - BalancedRandomForestCls
    - LGBMModel
    - ExtraTreesModel
    - HistGradientBoostingCls


Execution Setup Information
---------------------------
Date and Time:     2024-09-28 21:34:06
User Name:         Timi
Task Type:         classification
Data Usage:        train_and_test
Number of Epochs:  2
Population Size:   5
SAGE Threshold:    90
Datetime Column:   None
Filter Column:     None

Targets:
    - target

Metaheuristic Algorithms:
    - HHO

ML Models:
    - BalancedRandomForestCls
    - LGBMModel
    - ExtraTreesModel
    - HistGradientBoostingCls


Execution Setup Information
---------------------------
Date and Time:     2024-09-28 21:35:40
User Name:         Timi
Task Type:         classification
Data Usage:        train_and_test
Number of Epochs:  2
Population Size:   5
SAGE Threshold:    90
Datetime Column:   None
Filter Column:     None

Targets:
    - target

Metaheuristic Algorithms:
    - HHO

ML Models:
    - BalancedRandomForestCls
    - LGBMModel
    - ExtraTreesModel
    - HistGradientBoostingCls

train_and_optimize_models started at 2024-09-28 21:35:40 and ended at 2024-09-28 21:47:33, executed in 0d 0h 11m 53.0119s (713.0119 seconds)
Global execution started at 2024-09-28 21:35:40 and ended at 2024-09-28 21:47:33, executed in 0d 0h 11m 53.0161s (713.0161 seconds)

Execution Setup Information
---------------------------
Date and Time:     2024-09-28 21:48:35
User Name:         Timi
Task Type:         classification
Data Usage:        train_and_test
Number of Epochs:  2
Population Size:   5
SAGE Threshold:    90
Datetime Column:   None
Filter Column:     None

Targets:
    - target

Metaheuristic Algorithms:
    - HHO

ML Models:
    - BalancedRandomForestCls
    - LGBMModel
    - ExtraTreesModel
    - HistGradientBoostingCls

evaluate_best_models started at 2024-09-28 21:48:35 and ended at 2024-09-28 21:48:36, executed in 0d 0h 0m 0.2215s (0.2215 seconds)
shap_calculation started at 2024-09-28 21:48:36 and ended at 2024-09-28 21:49:09, executed in 0d 0h 0m 33.4535s (33.4535 seconds)
shap_clustering started at 2024-09-28 21:49:09 and ended at 2024-09-28 21:49:51, executed in 0d 0h 0m 41.4340s (41.4340 seconds)

Execution Setup Information
---------------------------
Date and Time:     2024-09-28 21:53:08
User Name:         Timi
Task Type:         classification
Data Usage:        train_and_test
Number of Epochs:  2
Population Size:   5
SAGE Threshold:    90
Datetime Column:   None
Filter Column:     None

Targets:
    - target

Metaheuristic Algorithms:
    - HHO

ML Models:
    - BalancedRandomForestCls
    - LGBMModel
    - ExtraTreesModel
    - HistGradientBoostingCls

evaluate_best_models started at 2024-09-28 21:53:08 and ended at 2024-09-28 21:53:08, executed in 0d 0h 0m 0.2739s (0.2739 seconds)
shap_calculation started at 2024-09-28 21:53:08 and ended at 2024-09-28 21:53:43, executed in 0d 0h 0m 34.6962s (34.6962 seconds)

Execution Setup Information
---------------------------
Date and Time:     2024-09-28 21:54:44
User Name:         Timi
Task Type:         classification
Data Usage:        train_and_test
Number of Epochs:  2
Population Size:   5
SAGE Threshold:    90
Datetime Column:   None
Filter Column:     None

Targets:
    - target

Metaheuristic Algorithms:
    - HHO

ML Models:
    - BalancedRandomForestCls
    - LGBMModel
    - ExtraTreesModel
    - HistGradientBoostingCls


Execution Setup Information
---------------------------
Date and Time:     2024-09-28 21:55:32
User Name:         Timi
Task Type:         classification
Data Usage:        train_and_test
Number of Epochs:  2
Population Size:   5
SAGE Threshold:    90
Datetime Column:   None
Filter Column:     None

Targets:
    - target

Metaheuristic Algorithms:
    - HHO

ML Models:
    - BalancedRandomForestCls
    - LGBMModel
    - ExtraTreesModel
    - HistGradientBoostingCls

shap_clustering started at 2024-09-28 21:55:32 and ended at 2024-09-28 21:56:13, executed in 0d 0h 0m 41.3424s (41.3424 seconds)
sage_calculation started at 2024-09-28 21:56:13 and ended at 2024-09-28 22:06:22, executed in 0d 0h 10m 8.4211s (608.4211 seconds)
Global execution started at 2024-09-28 21:55:32 and ended at 2024-09-28 22:06:22, executed in 0d 0h 10m 49.7704s (649.7704 seconds)

Execution Setup Information
---------------------------
Date and Time:     2024-09-28 22:08:05
User Name:         Timi
Task Type:         classification
Data Usage:        train_and_test
Number of Epochs:  2
Population Size:   5
SAGE Threshold:    90
Datetime Column:   None
Filter Column:     None

Targets:
    - target

Metaheuristic Algorithms:
    - HHO

ML Models:
    - BalancedRandomForestCls
    - LGBMModel
    - ExtraTreesModel
    - HistGradientBoostingCls

shap_calculation started at 2024-09-28 22:08:05 and ended at 2024-09-28 22:08:43, executed in 0d 0h 0m 37.5772s (37.5772 seconds)
Global execution started at 2024-09-28 22:08:05 and ended at 2024-09-28 22:08:43, executed in 0d 0h 0m 37.5811s (37.5811 seconds)

Execution Setup Information
---------------------------
Date and Time:     2024-09-28 22:11:36
User Name:         Timi
Task Type:         classification
Data Usage:        train_and_test
Number of Epochs:  2
Population Size:   5
SAGE Threshold:    90
Datetime Column:   None
Filter Column:     None

Targets:
    - target

Metaheuristic Algorithms:
    - HHO

ML Models:
    - BalancedRandomForestCls
    - LGBMModel
    - ExtraTreesModel
    - HistGradientBoostingCls

shap_calculation started at 2024-09-28 22:11:36 and ended at 2024-09-28 22:12:06, executed in 0d 0h 0m 29.8705s (29.8705 seconds)
Global execution started at 2024-09-28 22:11:36 and ended at 2024-09-28 22:12:06, executed in 0d 0h 0m 29.8753s (29.8753 seconds)

Execution Setup Information
---------------------------
Date and Time:     2024-09-28 22:23:00
User Name:         Timi
Task Type:         classification
Data Usage:        train_and_test
Number of Epochs:  2
Population Size:   5
SAGE Threshold:    90
Datetime Column:   None
Filter Column:     None

Targets:
    - target

Metaheuristic Algorithms:
    - HHO

ML Models:
    - BalancedRandomForestCls
    - LGBMModel
    - ExtraTreesModel
    - HistGradientBoostingCls

shap_calculation started at 2024-09-28 22:23:00 and ended at 2024-09-28 22:23:30, executed in 0d 0h 0m 29.1125s (29.1125 seconds)
Global execution started at 2024-09-28 22:23:00 and ended at 2024-09-28 22:23:30, executed in 0d 0h 0m 29.1192s (29.1192 seconds)

Execution Setup Information
---------------------------
Date and Time:     2024-09-28 22:29:33
User Name:         Timi
Task Type:         classification
Data Usage:        train_and_test
Number of Epochs:  2
Population Size:   5
SAGE Threshold:    90
Datetime Column:   None
Filter Column:     None

Targets:
    - target

Metaheuristic Algorithms:
    - HHO

ML Models:
    - BalancedRandomForestCls
    - LGBMModel
    - ExtraTreesModel
    - HistGradientBoostingCls

shap_clustering started at 2024-09-28 22:29:33 and ended at 2024-09-28 22:30:10, executed in 0d 0h 0m 36.9355s (36.9355 seconds)
Global execution started at 2024-09-28 22:29:33 and ended at 2024-09-28 22:30:10, executed in 0d 0h 0m 36.9397s (36.9397 seconds)

Execution Setup Information
---------------------------
Date and Time:     2024-09-28 22:34:02
User Name:         timea_bezdan
Task Type:         classification
Data Usage:        test
Number of Epochs:  2
Population Size:   5
SAGE Threshold:    90
Datetime Column:   None
Filter Column:     None

Targets:
    - target

Metaheuristic Algorithms:
    - HHO

ML Models:
    - BalancedRandomForestCls
    - LGBMModel
    - ExtraTreesModel
    - HistGradientBoostingCls

train_and_optimize_models started at 2024-09-28 22:34:02 and ended at 2024-09-28 22:45:10, executed in 0d 0h 11m 7.1675s (667.1675 seconds)
evaluate_best_models started at 2024-09-28 22:45:10 and ended at 2024-09-28 22:45:10, executed in 0d 0h 0m 0.1607s (0.1607 seconds)
shap_calculation started at 2024-09-28 22:45:10 and ended at 2024-09-28 22:45:19, executed in 0d 0h 0m 9.2389s (9.2389 seconds)
shap_clustering started at 2024-09-28 22:45:19 and ended at 2024-09-28 22:45:38, executed in 0d 0h 0m 19.1804s (19.1804 seconds)
sage_calculation started at 2024-09-28 22:45:38 and ended at 2024-09-28 22:47:08, executed in 0d 0h 1m 30.2106s (90.2106 seconds)
Global execution started at 2024-09-28 22:34:02 and ended at 2024-09-28 22:47:08, executed in 0d 0h 13m 5.9985s (785.9985 seconds)

Execution Setup Information
---------------------------
Date and Time:     2024-09-28 22:54:54
User Name:         timea_bezdan
Task Type:         classification
Data Usage:        test
Number of Epochs:  20
Population Size:   5
SAGE Threshold:    90
Datetime Column:   None
Filter Column:     None

Targets:
    - target

Metaheuristic Algorithms:
    - HHO

ML Models:
    - BalancedRandomForestCls
    - LGBMModel
    - ExtraTreesModel
    - HistGradientBoostingCls


Execution Setup Information
---------------------------
Date and Time:     2024-09-29 00:27:49
User Name:         timea_bezdan
Task Type:         classification
Data Usage:        test
Number of Epochs:  2
Population Size:   5
SAGE Threshold:    90
Datetime Column:   None
Filter Column:     None

Targets:
    - target

Metaheuristic Algorithms:
    - HHO

ML Models:
    - BalancedRandomForestCls
    - LGBMModel
    - ExtraTreesModel
    - HistGradientBoostingCls


Execution Setup Information
---------------------------
Date and Time:     2024-09-29 00:48:04
User Name:         timea_bezdan
Task Type:         classification
Data Usage:        test
Number of Epochs:  2
Population Size:   5
SAGE Threshold:    90
Datetime Column:   None
Filter Column:     None

Targets:
    - target

Metaheuristic Algorithms:
    - HHO

ML Models:
    - BalancedRandomForestCls
    - LGBMModel
    - ExtraTreesModel
    - HistGradientBoostingCls


Execution Setup Information
---------------------------
Date and Time:     2024-09-29 00:51:10
User Name:         timea_bezdan
Task Type:         classification
Data Usage:        test
Number of Epochs:  2
Population Size:   5
SAGE Threshold:    90
Datetime Column:   None
Filter Column:     None

Targets:
    - target

Metaheuristic Algorithms:
    - HHO

ML Models:
    - BalancedRandomForestCls
    - LGBMModel
    - ExtraTreesModel
    - HistGradientBoostingCls


Execution Setup Information
---------------------------
Date and Time:     2024-09-29 00:57:08
User Name:         timea_bezdan
Task Type:         classification
Data Usage:        test
Number of Epochs:  2
Population Size:   5
SAGE Threshold:    90
Datetime Column:   None
Filter Column:     None

Targets:
    - target

Metaheuristic Algorithms:
    - HHO

ML Models:
    - BalancedRandomForestCls
    - LGBMModel
    - ExtraTreesModel
    - HistGradientBoostingCls

train_and_optimize_models started at 2024-09-29 00:57:08 and ended at 2024-09-29 01:07:16, executed in 0d 0h 10m 8.2126s (608.2126 seconds)
evaluate_best_models started at 2024-09-29 01:07:16 and ended at 2024-09-29 01:07:16, executed in 0d 0h 0m 0.0715s (0.0715 seconds)
shap_calculation started at 2024-09-29 01:07:16 and ended at 2024-09-29 01:07:16, executed in 0d 0h 0m 0.3732s (0.3732 seconds)
shap_clustering started at 2024-09-29 01:07:16 and ended at 2024-09-29 01:07:16, executed in 0d 0h 0m 0.0010s (0.0010 seconds)
sage_calculation started at 2024-09-29 01:07:16 and ended at 2024-09-29 01:08:31, executed in 0d 0h 1m 14.7477s (74.7477 seconds)
Global execution started at 2024-09-29 00:57:08 and ended at 2024-09-29 01:08:31, executed in 0d 0h 11m 23.4644s (683.4644 seconds)

Execution Setup Information
---------------------------
Date and Time:     2024-09-29 01:19:36
User Name:         timea_bezdan
Task Type:         classification
Data Usage:        test
Number of Epochs:  2
Population Size:   5
SAGE Threshold:    90
Datetime Column:   None
Filter Column:     None

Targets:
    - target

Metaheuristic Algorithms:
    - HHO

ML Models:
    - BalancedRandomForestCls
    - LGBMModel
    - ExtraTreesModel
    - HistGradientBoostingCls

shap_calculation started at 2024-09-29 01:19:36 and ended at 2024-09-29 01:19:36, executed in 0d 0h 0m 0.2345s (0.2345 seconds)
shap_clustering started at 2024-09-29 01:19:36 and ended at 2024-09-29 01:19:36, executed in 0d 0h 0m 0.0005s (0.0005 seconds)
sage_calculation started at 2024-09-29 01:19:36 and ended at 2024-09-29 01:20:35, executed in 0d 0h 0m 59.1433s (59.1433 seconds)
Global execution started at 2024-09-29 01:19:36 and ended at 2024-09-29 01:20:35, executed in 0d 0h 0m 59.3875s (59.3875 seconds)

Execution Setup Information
---------------------------
Date and Time:     2024-09-29 01:22:47
User Name:         timea_bezdan
Task Type:         classification
Data Usage:        test
Number of Epochs:  2
Population Size:   5
SAGE Threshold:    90
Datetime Column:   None
Filter Column:     None

Targets:
    - target

Metaheuristic Algorithms:
    - HHO

ML Models:
    - BalancedRandomForestCls
    - LGBMModel
    - ExtraTreesModel
    - HistGradientBoostingCls

shap_calculation started at 2024-09-29 01:22:47 and ended at 2024-09-29 01:22:47, executed in 0d 0h 0m 0.2376s (0.2376 seconds)
shap_clustering started at 2024-09-29 01:22:47 and ended at 2024-09-29 01:22:47, executed in 0d 0h 0m 0.0005s (0.0005 seconds)

Execution Setup Information
---------------------------
Date and Time:     2024-09-29 01:23:21
User Name:         timea_bezdan
Task Type:         classification
Data Usage:        test
Number of Epochs:  2
Population Size:   5
SAGE Threshold:    90
Datetime Column:   None
Filter Column:     None

Targets:
    - target

Metaheuristic Algorithms:
    - HHO

ML Models:
    - BalancedRandomForestCls
    - LGBMModel
    - ExtraTreesModel
    - HistGradientBoostingCls

shap_calculation started at 2024-09-29 01:23:21 and ended at 2024-09-29 01:23:21, executed in 0d 0h 0m 0.2867s (0.2867 seconds)
shap_clustering started at 2024-09-29 01:23:21 and ended at 2024-09-29 01:23:21, executed in 0d 0h 0m 0.0006s (0.0006 seconds)
sage_calculation started at 2024-09-29 01:23:21 and ended at 2024-09-29 01:24:43, executed in 0d 0h 1m 22.3592s (82.3592 seconds)
Global execution started at 2024-09-29 01:23:21 and ended at 2024-09-29 01:24:43, executed in 0d 0h 1m 22.6520s (82.6520 seconds)

Execution Setup Information
---------------------------
Date and Time:     2024-09-29 01:25:11
User Name:         timea_bezdan
Task Type:         classification
Data Usage:        test
Number of Epochs:  2
Population Size:   5
SAGE Threshold:    90
Datetime Column:   None
Filter Column:     None

Targets:
    - target

Metaheuristic Algorithms:
    - HHO

ML Models:
    - BalancedRandomForestCls
    - LGBMModel
    - ExtraTreesModel
    - HistGradientBoostingCls

shap_calculation started at 2024-09-29 01:25:11 and ended at 2024-09-29 01:25:24, executed in 0d 0h 0m 12.1741s (12.1741 seconds)
shap_clustering started at 2024-09-29 01:25:24 and ended at 2024-09-29 01:25:39, executed in 0d 0h 0m 15.6826s (15.6826 seconds)

Execution Setup Information
---------------------------
Date and Time:     2024-09-29 01:27:02
User Name:         timea_bezdan
Task Type:         classification
Data Usage:        test
Number of Epochs:  2
Population Size:   5
SAGE Threshold:    90
Datetime Column:   None
Filter Column:     None

Targets:
    - target

Metaheuristic Algorithms:
    - HHO

ML Models:
    - BalancedRandomForestCls
    - LGBMModel
    - ExtraTreesModel
    - HistGradientBoostingCls

train_and_optimize_models started at 2024-09-29 01:27:02 and ended at 2024-09-29 02:07:40, executed in 0d 0h 40m 37.8030s (2437.8030 seconds)
evaluate_best_models started at 2024-09-29 02:07:40 and ended at 2024-09-29 02:07:41, executed in 0d 0h 0m 0.9210s (0.9210 seconds)
shap_calculation started at 2024-09-29 02:07:41 and ended at 2024-09-29 02:10:16, executed in 0d 0h 2m 34.6357s (154.6357 seconds)
shap_clustering started at 2024-09-29 02:10:16 and ended at 2024-09-29 02:10:59, executed in 0d 0h 0m 42.9752s (42.9752 seconds)

Execution Setup Information
---------------------------
Date and Time:     2024-09-29 02:13:17
User Name:         timea_bezdan
Task Type:         classification
Data Usage:        test
Number of Epochs:  30
Population Size:   20
SAGE Threshold:    90
Datetime Column:   None
Filter Column:     None

Targets:
    - target

Metaheuristic Algorithms:
    - HHO

ML Models:
    - BalancedRandomForestCls
    - LGBMModel
    - ExtraTreesModel
    - HistGradientBoostingCls

train_and_optimize_models started at 2024-09-29 02:13:17 and ended at 2024-09-30 00:05:16, executed in 0d 21h 51m 57.3471s (78717.3471 seconds)
evaluate_best_models started at 2024-09-30 00:05:16 and ended at 2024-09-30 00:05:16, executed in 0d 0h 0m 0.5806s (0.5806 seconds)
shap_calculation started at 2024-09-30 00:05:16 and ended at 2024-09-30 00:06:59, executed in 0d 0h 1m 42.4388s (102.4388 seconds)
shap_clustering started at 2024-09-30 00:06:59 and ended at 2024-09-30 00:07:45, executed in 0d 0h 0m 46.4737s (46.4737 seconds)
sage_calculation started at 2024-09-30 00:07:45 and ended at 2024-09-30 00:11:32, executed in 0d 0h 3m 46.9000s (226.9000 seconds)
Global execution started at 2024-09-29 02:13:17 and ended at 2024-09-30 00:11:32, executed in 0d 21h 58m 13.8023s (79093.8023 seconds)

Execution Setup Information
---------------------------
Date and Time:     2024-09-30 13:19:20
User Name:         timea_bezdan
Task Type:         classification
Data Usage:        test
Number of Epochs:  50
Population Size:   20
SAGE Threshold:    90
Datetime Column:   None
Filter Column:     None

Targets:
    - target

Metaheuristic Algorithms:
    - SCA
    - HHO

ML Models:
    - BalancedRandomForestCls
    - LGBMModel
    - ExtraTreesModel
    - HistGradientBoostingCls

train_and_optimize_models started at 2024-09-30 13:19:20 and ended at 2024-10-03 04:16:47, executed in 2d 14h 57m 23.4879s (226643.4879 seconds)
evaluate_best_models started at 2024-10-03 04:16:47 and ended at 2024-10-03 04:16:47, executed in 0d 0h 0m 0.4789s (0.4789 seconds)
shap_calculation started at 2024-10-03 04:16:47 and ended at 2024-10-03 04:18:35, executed in 0d 0h 1m 47.5167s (107.5167 seconds)
shap_clustering started at 2024-10-03 04:18:35 and ended at 2024-10-03 04:19:21, executed in 0d 0h 0m 45.7428s (45.7428 seconds)
sage_calculation started at 2024-10-03 04:19:21 and ended at 2024-10-03 04:24:31, executed in 0d 0h 5m 10.4365s (310.4365 seconds)
Global execution started at 2024-09-30 13:19:20 and ended at 2024-10-03 04:24:31, executed in 2d 15h 5m 7.7113s (227107.7113 seconds)

Execution Setup Information
---------------------------
Date and Time:     2024-10-16 22:58:44
User Name:         timea_bezdan
Task Type:         classification
Data Usage:        test
Number of Epochs:  50
Population Size:   20
SAGE Threshold:    90
Datetime Column:   None
Filter Column:     None

Targets:
    - target

Metaheuristic Algorithms:
    - SCA
    - HHO

ML Models:
    - BalancedRandomForestCls
    - LGBMModel
    - ExtraTreesModel
    - HistGradientBoostingCls

shap_calculation started at 2024-10-16 22:58:44 and ended at 2024-10-16 23:02:04, executed in 0d 0h 3m 19.6057s (199.6057 seconds)
shap_clustering started at 2024-10-16 23:02:04 and ended at 2024-10-16 23:03:06, executed in 0d 0h 1m 1.5061s (61.5061 seconds)
Global execution started at 2024-10-16 22:58:44 and ended at 2024-10-16 23:03:06, executed in 0d 0h 4m 21.1370s (261.1370 seconds)

Execution Setup Information
---------------------------
Date and Time:     2024-10-16 23:11:35
User Name:         timea_bezdan
Task Type:         classification
Data Usage:        test
Number of Epochs:  50
Population Size:   20
SAGE Threshold:    90
Datetime Column:   Datetime
Filter Column:     None

Targets:
    - CRAI

Metaheuristic Algorithms:
    - SCA
    - HHO

ML Models:
    - BalancedRandomForestCls
    - LGBMModel
    - ExtraTreesModel
    - HistGradientBoostingCls


Execution Setup Information
---------------------------
Date and Time:     2024-10-16 23:12:16
User Name:         timea_bezdan
Task Type:         classification
Data Usage:        test
Number of Epochs:  50
Population Size:   20
SAGE Threshold:    90
Datetime Column:   Datetime
Filter Column:     None

Targets:
    - CRAI

Metaheuristic Algorithms:
    - SCA
    - HHO

ML Models:
    - BalancedRandomForestCls
    - LGBMModel
    - ExtraTreesModel
    - HistGradientBoostingCls

train_and_optimize_models started at 2024-10-16 23:12:16 and ended at 2024-10-18 14:54:29, executed in 1d 15h 42m 9.7977s (142929.7977 seconds)
evaluate_best_models started at 2024-10-18 14:54:29 and ended at 2024-10-18 14:54:29, executed in 0d 0h 0m 0.2817s (0.2817 seconds)
shap_calculation started at 2024-10-18 14:54:29 and ended at 2024-10-18 14:56:20, executed in 0d 0h 1m 50.9462s (110.9462 seconds)
shap_clustering started at 2024-10-18 14:56:20 and ended at 2024-10-18 14:56:20, executed in 0d 0h 0m 0.0008s (0.0008 seconds)
sage_calculation started at 2024-10-18 14:56:20 and ended at 2024-10-18 15:11:54, executed in 0d 0h 15m 33.9970s (933.9970 seconds)
Global execution started at 2024-10-16 23:12:16 and ended at 2024-10-18 15:11:54, executed in 1d 15h 59m 35.0828s (143975.0828 seconds)

Execution Setup Information
---------------------------
Date and Time:     2024-10-21 10:33:17
User Name:         timea_bezdan
Task Type:         classification
Data Usage:        test
Number of Epochs:  50
Population Size:   20
SAGE Threshold:    90
Datetime Column:   Datetime
Filter Column:     None

Targets:
    - CRAI

Metaheuristic Algorithms:
    - SCA
    - HHO

ML Models:
    - BalancedRandomForestCls
    - LGBMModel
    - ExtraTreesModel
    - HistGradientBoostingCls

shap_calculation started at 2024-10-21 10:33:17 and ended at 2024-10-21 10:33:18, executed in 0d 0h 0m 0.2338s (0.2338 seconds)
Global execution started at 2024-10-21 10:33:17 and ended at 2024-10-21 10:33:18, executed in 0d 0h 0m 0.2501s (0.2501 seconds)

Execution Setup Information
---------------------------
Date and Time:     2024-10-21 10:34:15
User Name:         timea_bezdan
Task Type:         classification
Data Usage:        test
Number of Epochs:  50
Population Size:   20
SAGE Threshold:    90
Datetime Column:   None
Filter Column:     None

Targets:
    - CRAI

Metaheuristic Algorithms:
    - SCA
    - HHO

ML Models:
    - BalancedRandomForestCls
    - LGBMModel
    - ExtraTreesModel
    - HistGradientBoostingCls

shap_calculation started at 2024-10-21 10:34:15 and ended at 2024-10-21 10:35:49, executed in 0d 0h 1m 34.7545s (94.7545 seconds)
Global execution started at 2024-10-21 10:34:15 and ended at 2024-10-21 10:35:49, executed in 0d 0h 1m 34.7582s (94.7582 seconds)

Execution Setup Information
---------------------------
Date and Time:     2024-10-21 10:54:20
User Name:         timea_bezdan
Task Type:         regression
Data Usage:        test
Number of Epochs:  50
Population Size:   20
SAGE Threshold:    90
Datetime Column:   Datetime
Filter Column:     None

Targets:
    - CRAI

Metaheuristic Algorithms:
    - SCA
    - HHO

ML Models:
    - AdaBoostModel
    - LGBMModel
    - XGBoostModel
    - ExtraTreesModel
    - GradientBoostingModel
    - HistGradientBoostingModel

shap_calculation started at 2024-10-21 10:54:20 and ended at 2024-10-21 10:54:20, executed in 0d 0h 0m 0.1725s (0.1725 seconds)
Global execution started at 2024-10-21 10:54:20 and ended at 2024-10-21 10:54:20, executed in 0d 0h 0m 0.1754s (0.1754 seconds)

Execution Setup Information
---------------------------
Date and Time:     2024-10-21 10:55:01
User Name:         timea_bezdan
Task Type:         regression
Data Usage:        test
Number of Epochs:  50
Population Size:   20
SAGE Threshold:    90
Datetime Column:   Datetime
Filter Column:     None

Targets:
    - CRAI

Metaheuristic Algorithms:
    - SCA
    - HHO

ML Models:
    - AdaBoostModel
    - LGBMModel
    - XGBoostModel
    - ExtraTreesModel
    - GradientBoostingModel
    - HistGradientBoostingModel


Execution Setup Information
---------------------------
Date and Time:     2024-10-21 11:13:10
User Name:         timea_bezdan
Task Type:         regression
Data Usage:        test
Number of Epochs:  50
Population Size:   20
SAGE Threshold:    90
Datetime Column:   Datetime
Filter Column:     None

Targets:
    - CRAI

Metaheuristic Algorithms:
    - SCA
    - HHO

ML Models:
    - AdaBoostModel
    - LGBMModel
    - XGBoostModel
    - ExtraTreesModel
    - GradientBoostingModel
    - HistGradientBoostingModel


Execution Setup Information
---------------------------
Date and Time:     2024-10-21 11:14:09
User Name:         timea_bezdan
Task Type:         regression
Data Usage:        test
Number of Epochs:  50
Population Size:   20
SAGE Threshold:    90
Datetime Column:   Datetime
Filter Column:     CRAI

Targets:
    - PM2_5_Aerosol_PM2_5_6001

Metaheuristic Algorithms:
    - SCA
    - HHO

ML Models:
    - AdaBoostModel
    - LGBMModel
    - XGBoostModel
    - ExtraTreesModel
    - GradientBoostingModel
    - HistGradientBoostingModel


Execution Setup Information
---------------------------
Date and Time:     2024-10-21 11:15:29
User Name:         timea_bezdan
Task Type:         regression
Data Usage:        test
Number of Epochs:  50
Population Size:   20
SAGE Threshold:    90
Datetime Column:   Datetime
Filter Column:     CRAI

Targets:
    - PM2_5_Aerosol_PM2_5_6001

Metaheuristic Algorithms:
    - SCA
    - HHO

ML Models:
    - AdaBoostModel
    - LGBMModel
    - XGBoostModel
    - ExtraTreesModel
    - GradientBoostingModel
    - HistGradientBoostingModel


Execution Setup Information
---------------------------
Date and Time:     2024-10-21 20:31:28
User Name:         timea_bezdan
Task Type:         regression
Data Usage:        test
Number of Epochs:  50
Population Size:   20
SAGE Threshold:    90
Datetime Column:   Datetime
Filter Column:     CRAI

Targets:
    - PM2_5_Aerosol_PM2_5_6001

Metaheuristic Algorithms:
    - SCA
    - HHO

ML Models:
    - AdaBoostModel
    - LGBMModel
    - XGBoostModel
    - ExtraTreesModel
    - GradientBoostingModel
    - HistGradientBoostingModel


Execution Setup Information
---------------------------
Date and Time:     2024-10-21 20:49:49
User Name:         timea_bezdan
Task Type:         regression
Data Usage:        test
Number of Epochs:  50
Population Size:   20
SAGE Threshold:    90
Datetime Column:   Datetime
Filter Column:     CRAI

Targets:
    - PM2_5_Aerosol_PM2_5_6001

Metaheuristic Algorithms:
    - SCA
    - HHO

ML Models:
    - AdaBoostModel
    - LGBMModel
    - XGBoostModel
    - ExtraTreesModel
    - GradientBoostingModel
    - HistGradientBoostingModel

shap_calculation started at 2024-10-21 20:49:49 and ended at 2024-10-21 20:49:49, executed in 0d 0h 0m 0.0052s (0.0052 seconds)
shap_clustering started at 2024-10-21 20:49:49 and ended at 2024-10-21 20:49:49, executed in 0d 0h 0m 0.0005s (0.0005 seconds)

Execution Setup Information
---------------------------
Date and Time:     2024-10-21 20:50:59
User Name:         timea_bezdan
Task Type:         regression
Data Usage:        test
Number of Epochs:  50
Population Size:   20
SAGE Threshold:    90
Datetime Column:   Datetime
Filter Column:     None

Targets:
    - CRAI

Metaheuristic Algorithms:
    - SCA
    - HHO

ML Models:
    - AdaBoostModel
    - LGBMModel
    - XGBoostModel
    - ExtraTreesModel
    - GradientBoostingModel
    - HistGradientBoostingModel

shap_calculation started at 2024-10-21 20:50:59 and ended at 2024-10-21 20:54:41, executed in 0d 0h 3m 41.7660s (221.7660 seconds)
shap_clustering started at 2024-10-21 20:54:41 and ended at 2024-10-21 20:54:41, executed in 0d 0h 0m 0.0025s (0.0025 seconds)

Execution Setup Information
---------------------------
Date and Time:     2024-10-21 21:00:54
User Name:         timea_bezdan
Task Type:         regression
Data Usage:        test
Number of Epochs:  50
Population Size:   20
SAGE Threshold:    90
Datetime Column:   Datetime
Filter Column:     None

Targets:
    - CRAI

Metaheuristic Algorithms:
    - SCA
    - HHO

ML Models:
    - AdaBoostModel
    - LGBMModel
    - XGBoostModel
    - ExtraTreesModel
    - GradientBoostingModel
    - HistGradientBoostingModel

shap_calculation started at 2024-10-21 21:00:54 and ended at 2024-10-21 21:04:43, executed in 0d 0h 3m 48.8580s (228.8580 seconds)
shap_clustering started at 2024-10-21 21:04:43 and ended at 2024-10-21 21:04:43, executed in 0d 0h 0m 0.0016s (0.0016 seconds)

Execution Setup Information
---------------------------
Date and Time:     2024-10-21 21:05:30
User Name:         timea_bezdan
Task Type:         regression
Data Usage:        test
Number of Epochs:  50
Population Size:   20
SAGE Threshold:    90
Datetime Column:   Datetime
Filter Column:     None

Targets:
    - CRAI

Metaheuristic Algorithms:
    - SCA
    - HHO

ML Models:
    - AdaBoostModel
    - LGBMModel
    - XGBoostModel
    - ExtraTreesModel
    - GradientBoostingModel
    - HistGradientBoostingModel

shap_calculation started at 2024-10-21 21:05:30 and ended at 2024-10-21 21:08:48, executed in 0d 0h 3m 17.5364s (197.5364 seconds)
shap_clustering started at 2024-10-21 21:08:48 and ended at 2024-10-21 21:08:48, executed in 0d 0h 0m 0.0007s (0.0007 seconds)

Execution Setup Information
---------------------------
Date and Time:     2024-10-21 21:11:13
User Name:         timea_bezdan
Task Type:         classification
Data Usage:        test
Number of Epochs:  50
Population Size:   20
SAGE Threshold:    90
Datetime Column:   Datetime
Filter Column:     None

Targets:
    - CRAI

Metaheuristic Algorithms:
    - SCA
    - HHO

ML Models:
    - BalancedRandomForestCls
    - LGBMModel
    - ExtraTreesModel
    - HistGradientBoostingCls

shap_calculation started at 2024-10-21 21:11:13 and ended at 2024-10-21 21:13:52, executed in 0d 0h 2m 39.1098s (159.1098 seconds)
shap_clustering started at 2024-10-21 21:13:52 and ended at 2024-10-21 21:13:52, executed in 0d 0h 0m 0.0041s (0.0041 seconds)

Execution Setup Information
---------------------------
Date and Time:     2024-10-21 21:14:38
User Name:         timea_bezdan
Task Type:         classification
Data Usage:        test
Number of Epochs:  50
Population Size:   20
SAGE Threshold:    90
Datetime Column:   Datetime
Filter Column:     None

Targets:
    - CRAI

Metaheuristic Algorithms:
    - SCA
    - HHO

ML Models:
    - BalancedRandomForestCls
    - LGBMModel
    - ExtraTreesModel
    - HistGradientBoostingCls

shap_calculation started at 2024-10-21 21:14:38 and ended at 2024-10-21 21:18:18, executed in 0d 0h 3m 40.3088s (220.3088 seconds)
shap_clustering started at 2024-10-21 21:18:18 and ended at 2024-10-21 21:18:31, executed in 0d 0h 0m 12.7319s (12.7319 seconds)

Execution Setup Information
---------------------------
Date and Time:     2024-10-21 21:25:59
User Name:         timea_bezdan
Task Type:         classification
Data Usage:        test
Number of Epochs:  50
Population Size:   20
SAGE Threshold:    90
Datetime Column:   Datetime
Filter Column:     None

Targets:
    - CRAI

Metaheuristic Algorithms:
    - SCA
    - HHO

ML Models:
    - BalancedRandomForestCls
    - LGBMModel
    - ExtraTreesModel
    - HistGradientBoostingCls

shap_calculation started at 2024-10-21 21:25:59 and ended at 2024-10-21 21:25:59, executed in 0d 0h 0m 0.0118s (0.0118 seconds)
shap_clustering started at 2024-10-21 21:25:59 and ended at 2024-10-21 21:25:59, executed in 0d 0h 0m 0.0014s (0.0014 seconds)

Execution Setup Information
---------------------------
Date and Time:     2024-10-21 21:29:08
User Name:         timea_bezdan
Task Type:         classification
Data Usage:        test
Number of Epochs:  50
Population Size:   20
SAGE Threshold:    90
Datetime Column:   Datetime
Filter Column:     None

Targets:
    - CRAI

Metaheuristic Algorithms:
    - SCA
    - HHO

ML Models:
    - BalancedRandomForestCls
    - LGBMModel
    - ExtraTreesModel
    - HistGradientBoostingCls

shap_calculation started at 2024-10-21 21:29:08 and ended at 2024-10-21 21:29:08, executed in 0d 0h 0m 0.0075s (0.0075 seconds)
shap_clustering started at 2024-10-21 21:29:08 and ended at 2024-10-21 21:29:08, executed in 0d 0h 0m 0.0006s (0.0006 seconds)

Execution Setup Information
---------------------------
Date and Time:     2024-10-21 21:31:35
User Name:         timea_bezdan
Task Type:         classification
Data Usage:        test
Number of Epochs:  50
Population Size:   20
SAGE Threshold:    90
Datetime Column:   Datetime
Filter Column:     None

Targets:
    - CRAI

Metaheuristic Algorithms:
    - SCA
    - HHO

ML Models:
    - BalancedRandomForestCls
    - LGBMModel
    - ExtraTreesModel
    - HistGradientBoostingCls

shap_calculation started at 2024-10-21 21:31:35 and ended at 2024-10-21 21:35:06, executed in 0d 0h 3m 31.0304s (211.0304 seconds)
shap_clustering started at 2024-10-21 21:35:06 and ended at 2024-10-21 21:35:18, executed in 0d 0h 0m 11.5582s (11.5582 seconds)

Execution Setup Information
---------------------------
Date and Time:     2024-10-21 21:42:37
User Name:         timea_bezdan
Task Type:         classification
Data Usage:        test
Number of Epochs:  50
Population Size:   20
SAGE Threshold:    90
Datetime Column:   Datetime
Filter Column:     None

Targets:
    - CRAI

Metaheuristic Algorithms:
    - SCA
    - HHO

ML Models:
    - BalancedRandomForestCls
    - LGBMModel
    - ExtraTreesModel
    - HistGradientBoostingCls

shap_calculation started at 2024-10-21 21:42:37 and ended at 2024-10-21 21:45:54, executed in 0d 0h 3m 17.0191s (197.0191 seconds)
shap_clustering started at 2024-10-21 21:45:54 and ended at 2024-10-21 21:46:14, executed in 0d 0h 0m 19.7087s (19.7087 seconds)

Execution Setup Information
---------------------------
Date and Time:     2024-10-21 22:23:54
User Name:         timea_bezdan
Task Type:         classification
Data Usage:        test
Number of Epochs:  50
Population Size:   20
SAGE Threshold:    90
Datetime Column:   Datetime
Filter Column:     None

Targets:
    - CRAI

Metaheuristic Algorithms:
    - SCA
    - HHO

ML Models:
    - BalancedRandomForestCls
    - LGBMModel
    - ExtraTreesModel
    - HistGradientBoostingCls

sage_calculation started at 2024-10-21 22:23:54 and ended at 2024-10-21 22:52:30, executed in 0d 0h 28m 35.6889s (1715.6889 seconds)
Global execution started at 2024-10-21 22:23:54 and ended at 2024-10-21 22:52:30, executed in 0d 0h 28m 35.6948s (1715.6948 seconds)

Execution Setup Information
---------------------------
Date and Time:     2024-10-21 23:03:40
User Name:         timea_bezdan
Task Type:         regression
Data Usage:        test
Number of Epochs:  50
Population Size:   20
SAGE Threshold:    90
Datetime Column:   Datetime
Filter Column:     CRAI

Targets:
    - PM2_5_Aerosol_PM2_5_6001

Metaheuristic Algorithms:
    - SCA
    - HHO

ML Models:
    - AdaBoostModel
    - LGBMModel
    - XGBoostModel
    - ExtraTreesModel
    - GradientBoostingModel
    - HistGradientBoostingModel


Execution Setup Information
---------------------------
Date and Time:     2024-10-21 23:04:19
User Name:         timea_bezdan
Task Type:         regression
Data Usage:        test
Number of Epochs:  50
Population Size:   20
SAGE Threshold:    90
Datetime Column:   Datetime
Filter Column:     CRAI

Targets:
    - PM2_5_Aerosol_PM2_5_6001

Metaheuristic Algorithms:
    - SCA
    - HHO

ML Models:
    - AdaBoostModel
    - LGBMModel
    - XGBoostModel
    - ExtraTreesModel
    - GradientBoostingModel
    - HistGradientBoostingModel

train_and_optimize_models started at 2024-10-21 23:04:19 and ended at 2024-10-24 23:29:56, executed in 3d 0h 25m 31.8516s (260731.8516 seconds)

Execution Setup Information
---------------------------
Date and Time:     2024-10-25 10:50:17
User Name:         timea_bezdan
Task Type:         regression
Data Usage:        test
Number of Epochs:  50
Population Size:   20
SAGE Threshold:    90
Datetime Column:   Datetime
Filter Column:     CRAI

Targets:
    - PM2_5_Aerosol_PM2_5_6001

Metaheuristic Algorithms:
    - SCA
    - HHO

ML Models:
    - AdaBoostModel
    - LGBMModel
    - XGBoostModel
    - ExtraTreesModel
    - GradientBoostingModel
    - HistGradientBoostingModel

evaluate_best_models started at 2024-10-25 10:50:17 and ended at 2024-10-25 10:50:18, executed in 0d 0h 0m 0.3368s (0.3368 seconds)
shap_calculation started at 2024-10-25 10:50:18 and ended at 2024-10-25 10:52:13, executed in 0d 0h 1m 55.2657s (115.2657 seconds)
shap_clustering started at 2024-10-25 10:52:13 and ended at 2024-10-25 10:52:13, executed in 0d 0h 0m 0.0012s (0.0012 seconds)
sage_calculation started at 2024-10-25 10:52:13 and ended at 2024-10-25 11:03:11, executed in 0d 0h 10m 57.7678s (657.7678 seconds)
Global execution started at 2024-10-25 10:50:17 and ended at 2024-10-25 11:03:11, executed in 0d 0h 12m 53.4072s (773.4072 seconds)

Execution Setup Information
---------------------------
Date and Time:     2024-10-25 11:04:32
User Name:         timea_bezdan
Task Type:         regression
Data Usage:        test
Number of Epochs:  50
Population Size:   20
SAGE Threshold:    90
Datetime Column:   Datetime
Filter Column:     CRAI

Targets:
    - PM2_5_Aerosol_PM2_5_6001

Metaheuristic Algorithms:
    - SCA
    - HHO

ML Models:
    - AdaBoostModel
    - LGBMModel
    - XGBoostModel
    - ExtraTreesModel
    - GradientBoostingModel
    - HistGradientBoostingModel

Global execution started at 2024-10-25 11:04:32 and ended at 2024-10-25 11:04:32, executed in 0d 0h 0m 0.0119s (0.0119 seconds)

Execution Setup Information
---------------------------
Date and Time:     2024-10-25 11:05:08
User Name:         timea_bezdan
Task Type:         regression
Data Usage:        test
Number of Epochs:  50
Population Size:   20
SAGE Threshold:    90
Datetime Column:   Datetime
Filter Column:     CRAI

Targets:
    - PM2_5_Aerosol_PM2_5_6001

Metaheuristic Algorithms:
    - SCA
    - HHO

ML Models:
    - AdaBoostModel
    - LGBMModel
    - XGBoostModel
    - ExtraTreesModel
    - GradientBoostingModel
    - HistGradientBoostingModel

Global execution started at 2024-10-25 11:05:08 and ended at 2024-10-25 11:05:08, executed in 0d 0h 0m 0.0068s (0.0068 seconds)

Execution Setup Information
---------------------------
Date and Time:     2024-10-25 11:05:38
User Name:         timea_bezdan
Task Type:         regression
Data Usage:        test
Number of Epochs:  50
Population Size:   20
SAGE Threshold:    90
Datetime Column:   Datetime
Filter Column:     CRAI

Targets:
    - PM2_5_Aerosol_PM2_5_6001

Metaheuristic Algorithms:
    - SCA
    - HHO

ML Models:
    - AdaBoostModel
    - LGBMModel
    - XGBoostModel
    - ExtraTreesModel
    - GradientBoostingModel
    - HistGradientBoostingModel

evaluate_best_models started at 2024-10-25 11:05:38 and ended at 2024-10-25 11:05:39, executed in 0d 0h 0m 0.2990s (0.2990 seconds)
Global execution started at 2024-10-25 11:05:38 and ended at 2024-10-25 11:05:39, executed in 0d 0h 0m 0.3036s (0.3036 seconds)

Execution Setup Information
---------------------------
Date and Time:     2024-10-25 11:06:02
User Name:         timea_bezdan
Task Type:         regression
Data Usage:        test
Number of Epochs:  50
Population Size:   20
SAGE Threshold:    90
Datetime Column:   Datetime
Filter Column:     CRAI

Targets:
    - PM2_5_Aerosol_PM2_5_6001

Metaheuristic Algorithms:
    - SCA
    - HHO

ML Models:
    - AdaBoostModel
    - LGBMModel
    - XGBoostModel
    - ExtraTreesModel
    - GradientBoostingModel
    - HistGradientBoostingModel

shap_calculation started at 2024-10-25 11:06:02 and ended at 2024-10-25 11:08:02, executed in 0d 0h 1m 59.8982s (119.8982 seconds)
Global execution started at 2024-10-25 11:06:02 and ended at 2024-10-25 11:08:02, executed in 0d 0h 1m 59.9038s (119.9038 seconds)

Execution Setup Information
---------------------------
Date and Time:     2024-10-25 11:16:45
User Name:         timea_bezdan
Task Type:         regression
Data Usage:        test
Number of Epochs:  50
Population Size:   20
SAGE Threshold:    90
Datetime Column:   Datetime
Filter Column:     CRAI

Targets:
    - PM2_5_Aerosol_PM2_5_6001

Metaheuristic Algorithms:
    - SCA
    - HHO

ML Models:
    - AdaBoostModel
    - LGBMModel
    - XGBoostModel
    - ExtraTreesModel
    - GradientBoostingModel
    - HistGradientBoostingModel

shap_calculation started at 2024-10-25 11:16:45 and ended at 2024-10-25 11:18:47, executed in 0d 0h 2m 2.1979s (122.1979 seconds)
Global execution started at 2024-10-25 11:16:45 and ended at 2024-10-25 11:18:47, executed in 0d 0h 2m 2.2017s (122.2017 seconds)

Execution Setup Information
---------------------------
Date and Time:     2024-10-25 11:19:53
User Name:         timea_bezdan
Task Type:         regression
Data Usage:        test
Number of Epochs:  50
Population Size:   20
SAGE Threshold:    90
Datetime Column:   Datetime
Filter Column:     CRAI

Targets:
    - PM2_5_Aerosol_PM2_5_6001

Metaheuristic Algorithms:
    - SCA
    - HHO

ML Models:
    - AdaBoostModel
    - LGBMModel
    - XGBoostModel
    - ExtraTreesModel
    - GradientBoostingModel
    - HistGradientBoostingModel

shap_clustering started at 2024-10-25 11:19:53 and ended at 2024-10-25 11:19:53, executed in 0d 0h 0m 0.0006s (0.0006 seconds)
Global execution started at 2024-10-25 11:19:53 and ended at 2024-10-25 11:19:53, executed in 0d 0h 0m 0.0045s (0.0045 seconds)

Execution Setup Information
---------------------------
Date and Time:     2024-10-25 11:22:38
User Name:         timea_bezdan
Task Type:         regression
Data Usage:        test
Number of Epochs:  50
Population Size:   20
SAGE Threshold:    90
Datetime Column:   Datetime
Filter Column:     CRAI

Targets:
    - PM2_5_Aerosol_PM2_5_6001

Metaheuristic Algorithms:
    - SCA
    - HHO

ML Models:
    - AdaBoostModel
    - LGBMModel
    - XGBoostModel
    - ExtraTreesModel
    - GradientBoostingModel
    - HistGradientBoostingModel

shap_calculation started at 2024-10-25 11:22:38 and ended at 2024-10-25 11:24:34, executed in 0d 0h 1m 56.1557s (116.1557 seconds)
Global execution started at 2024-10-25 11:22:38 and ended at 2024-10-25 11:24:34, executed in 0d 0h 1m 56.1600s (116.1600 seconds)

Execution Setup Information
---------------------------
Date and Time:     2024-10-25 11:25:46
User Name:         timea_bezdan
Task Type:         regression
Data Usage:        test
Number of Epochs:  50
Population Size:   20
SAGE Threshold:    90
Datetime Column:   Datetime
Filter Column:     CRAI

Targets:
    - PM2_5_Aerosol_PM2_5_6001

Metaheuristic Algorithms:
    - SCA
    - HHO

ML Models:
    - AdaBoostModel
    - LGBMModel
    - XGBoostModel
    - ExtraTreesModel
    - GradientBoostingModel
    - HistGradientBoostingModel

shap_clustering started at 2024-10-25 11:25:46 and ended at 2024-10-25 11:25:52, executed in 0d 0h 0m 6.8521s (6.8521 seconds)
Global execution started at 2024-10-25 11:25:46 and ended at 2024-10-25 11:25:52, executed in 0d 0h 0m 6.8559s (6.8559 seconds)

Execution Setup Information
---------------------------
Date and Time:     2024-10-25 11:26:55
User Name:         timea_bezdan
Task Type:         regression
Data Usage:        test
Number of Epochs:  50
Population Size:   20
SAGE Threshold:    90
Datetime Column:   Datetime
Filter Column:     CRAI

Targets:
    - PM2_5_Aerosol_PM2_5_6001

Metaheuristic Algorithms:
    - SCA
    - HHO

ML Models:
    - AdaBoostModel
    - LGBMModel
    - XGBoostModel
    - ExtraTreesModel
    - GradientBoostingModel
    - HistGradientBoostingModel

sage_calculation started at 2024-10-25 11:26:55 and ended at 2024-10-25 11:38:46, executed in 0d 0h 11m 51.4219s (711.4219 seconds)
Global execution started at 2024-10-25 11:26:55 and ended at 2024-10-25 11:38:46, executed in 0d 0h 11m 51.4426s (711.4426 seconds)

Execution Setup Information
---------------------------
Date and Time:     2024-10-25 11:47:44
User Name:         timea_bezdan
Task Type:         regression
Data Usage:        test
Number of Epochs:  50
Population Size:   20
SAGE Threshold:    90
Datetime Column:   Datetime
Filter Column:     CRAI

Targets:
    - PM2_5_Aerosol_PM2_5_6001

Metaheuristic Algorithms:
    - SCA
    - HHO

ML Models:
    - AdaBoostModel
    - LGBMModel
    - XGBoostModel
    - ExtraTreesModel
    - GradientBoostingModel
    - HistGradientBoostingModel


Execution Setup Information
---------------------------
Date and Time:     2024-10-25 11:48:27
User Name:         timea_bezdan
Task Type:         regression
Data Usage:        test
Number of Epochs:  50
Population Size:   20
SAGE Threshold:    90
Datetime Column:   Datetime
Filter Column:     CRAI

Targets:
    - PM2_5_Aerosol_PM2_5_6001

Metaheuristic Algorithms:
    - SCA
    - HHO

ML Models:
    - AdaBoostModel
    - LGBMModel
    - XGBoostModel
    - ExtraTreesModel
    - GradientBoostingModel
    - HistGradientBoostingModel

Global execution started at 2024-10-25 11:48:27 and ended at 2024-10-25 11:48:27, executed in 0d 0h 0m 0.0156s (0.0156 seconds)

Execution Setup Information
---------------------------
Date and Time:     2024-10-25 11:49:25
User Name:         timea_bezdan
Task Type:         regression
Data Usage:        test
Number of Epochs:  50
Population Size:   20
SAGE Threshold:    90
Datetime Column:   Datetime
Filter Column:     CRAI

Targets:
    - PM2_5_Aerosol_PM2_5_6001

Metaheuristic Algorithms:
    - SCA
    - HHO

ML Models:
    - AdaBoostModel
    - LGBMModel
    - XGBoostModel
    - ExtraTreesModel
    - GradientBoostingModel
    - HistGradientBoostingModel

Global execution started at 2024-10-25 11:49:25 and ended at 2024-10-25 11:49:25, executed in 0d 0h 0m 0.0076s (0.0076 seconds)

Execution Setup Information
---------------------------
Date and Time:     2024-10-25 11:50:05
User Name:         timea_bezdan
Task Type:         regression
Data Usage:        test
Number of Epochs:  50
Population Size:   20
SAGE Threshold:    90
Datetime Column:   Datetime
Filter Column:     CRAI

Targets:
    - PM2_5_Aerosol_PM2_5_6001

Metaheuristic Algorithms:
    - SCA
    - HHO

ML Models:
    - AdaBoostModel
    - LGBMModel
    - XGBoostModel
    - ExtraTreesModel
    - GradientBoostingModel
    - HistGradientBoostingModel

evaluate_best_models started at 2024-10-25 11:50:05 and ended at 2024-10-25 11:50:05, executed in 0d 0h 0m 0.3131s (0.3131 seconds)
Global execution started at 2024-10-25 11:50:05 and ended at 2024-10-25 11:50:05, executed in 0d 0h 0m 0.3170s (0.3170 seconds)

Execution Setup Information
---------------------------
Date and Time:     2024-10-25 11:50:22
User Name:         timea_bezdan
Task Type:         regression
Data Usage:        test
Number of Epochs:  50
Population Size:   20
SAGE Threshold:    90
Datetime Column:   Datetime
Filter Column:     CRAI

Targets:
    - PM2_5_Aerosol_PM2_5_6001

Metaheuristic Algorithms:
    - SCA
    - HHO

ML Models:
    - AdaBoostModel
    - LGBMModel
    - XGBoostModel
    - ExtraTreesModel
    - GradientBoostingModel
    - HistGradientBoostingModel

shap_calculation started at 2024-10-25 11:50:22 and ended at 2024-10-25 11:52:21, executed in 0d 0h 1m 59.5771s (119.5771 seconds)
Global execution started at 2024-10-25 11:50:22 and ended at 2024-10-25 11:52:21, executed in 0d 0h 1m 59.5818s (119.5818 seconds)

Execution Setup Information
---------------------------
Date and Time:     2024-10-25 11:52:35
User Name:         timea_bezdan
Task Type:         regression
Data Usage:        test
Number of Epochs:  50
Population Size:   20
SAGE Threshold:    90
Datetime Column:   Datetime
Filter Column:     CRAI

Targets:
    - PM2_5_Aerosol_PM2_5_6001

Metaheuristic Algorithms:
    - SCA
    - HHO

ML Models:
    - AdaBoostModel
    - LGBMModel
    - XGBoostModel
    - ExtraTreesModel
    - GradientBoostingModel
    - HistGradientBoostingModel

shap_clustering started at 2024-10-25 11:52:35 and ended at 2024-10-25 11:52:46, executed in 0d 0h 0m 10.3964s (10.3964 seconds)
Global execution started at 2024-10-25 11:52:35 and ended at 2024-10-25 11:52:46, executed in 0d 0h 0m 10.4015s (10.4015 seconds)

Execution Setup Information
---------------------------
Date and Time:     2024-10-25 11:56:45
User Name:         timea_bezdan
Task Type:         regression
Data Usage:        test
Number of Epochs:  50
Population Size:   20
SAGE Threshold:    90
Datetime Column:   Datetime
Filter Column:     CRAI

Targets:
    - PM2_5_Aerosol_PM2_5_6001

Metaheuristic Algorithms:
    - SCA
    - HHO

ML Models:
    - AdaBoostModel
    - LGBMModel
    - XGBoostModel
    - ExtraTreesModel
    - GradientBoostingModel
    - HistGradientBoostingModel


Execution Setup Information
---------------------------
Date and Time:     2024-10-25 11:57:00
User Name:         timea_bezdan
Task Type:         regression
Data Usage:        test
Number of Epochs:  50
Population Size:   20
SAGE Threshold:    90
Datetime Column:   Datetime
Filter Column:     CRAI

Targets:
    - PM2_5_Aerosol_PM2_5_6001

Metaheuristic Algorithms:
    - SCA
    - HHO

ML Models:
    - AdaBoostModel
    - LGBMModel
    - XGBoostModel
    - ExtraTreesModel
    - GradientBoostingModel
    - HistGradientBoostingModel

sage_calculation started at 2024-10-25 11:57:00 and ended at 2024-10-25 12:10:01, executed in 0d 0h 13m 1.5416s (781.5416 seconds)
Global execution started at 2024-10-25 11:57:00 and ended at 2024-10-25 12:10:01, executed in 0d 0h 13m 1.5491s (781.5491 seconds)

Execution Setup Information
---------------------------
Date and Time:     2024-11-27 22:05:59
User Name:         timea_bezdan
Task Type:         regression
Data Usage:        test
Number of Epochs:  50
Population Size:   20
SAGE Threshold:    90
Datetime Column:   Datetime
Filter Column:     CRAI

Targets:
    - PM2_5_Aerosol_PM2_5_6001

Metaheuristic Algorithms:
    - SCA
    - HHO

ML Models:
    - AdaBoostModel
    - LGBMModel
    - XGBoostModel
    - ExtraTreesModel
    - GradientBoostingModel
    - HistGradientBoostingModel

shap_clustering started at 2024-11-27 22:05:59 and ended at 2024-11-27 22:06:00, executed in 0d 0h 0m 1.1824s (1.1824 seconds)
Global execution started at 2024-11-27 22:05:59 and ended at 2024-11-27 22:06:00, executed in 0d 0h 0m 1.1965s (1.1965 seconds)

Execution Setup Information
---------------------------
Date and Time:     2024-11-27 22:06:52
User Name:         timea_bezdan
Task Type:         regression
Data Usage:        test
Number of Epochs:  50
Population Size:   20
SAGE Threshold:    90
Datetime Column:   Datetime
Filter Column:     CRAI

Targets:
    - PM2_5_Aerosol_PM2_5_6001

Metaheuristic Algorithms:
    - SCA
    - HHO

ML Models:
    - AdaBoostModel
    - LGBMModel
    - XGBoostModel
    - ExtraTreesModel
    - GradientBoostingModel
    - HistGradientBoostingModel

shap_clustering started at 2024-11-27 22:06:52 and ended at 2024-11-27 22:06:59, executed in 0d 0h 0m 6.8743s (6.8743 seconds)
Global execution started at 2024-11-27 22:06:52 and ended at 2024-11-27 22:06:59, executed in 0d 0h 0m 6.8783s (6.8783 seconds)

Execution Setup Information
---------------------------
Date and Time:     2024-12-09 19:57:55
User Name:         timea_bezdan
Task Type:         regression
Data Usage:        test
Number of Epochs:  50
Population Size:   20
SAGE Threshold:    90
Datetime Column:   Datetime
Filter Column:     CRAI

Targets:
    - PM2_5_Aerosol_PM2_5_6001

Metaheuristic Algorithms:
    - SCA
    - HHO

ML Models:
    - AdaBoostModel
    - LGBMModel
    - XGBoostModel
    - ExtraTreesModel
    - GradientBoostingModel
    - HistGradientBoostingModel


Execution Setup Information
---------------------------
Date and Time:     2024-12-09 19:58:49
User Name:         timea_bezdan
Task Type:         regression
Data Usage:        test
Number of Epochs:  50
Population Size:   20
SAGE Threshold:    90
Datetime Column:   Datetime
Filter Column:     CRAI

Targets:
    - PM2_5_Aerosol_PM2_5_6001

Metaheuristic Algorithms:
    - SCA
    - HHO

ML Models:
    - AdaBoostModel
    - LGBMModel
    - XGBoostModel
    - ExtraTreesModel
    - GradientBoostingModel
    - HistGradientBoostingModel

shap_calculation started at 2024-12-09 19:58:49 and ended at 2024-12-09 20:00:51, executed in 0d 0h 2m 2.0385s (122.0385 seconds)
shap_clustering started at 2024-12-09 20:00:51 and ended at 2024-12-09 20:00:52, executed in 0d 0h 0m 1.5963s (1.5963 seconds)

Execution Setup Information
---------------------------
Date and Time:     2024-12-09 20:02:14
User Name:         timea_bezdan
Task Type:         regression
Data Usage:        test
Number of Epochs:  50
Population Size:   20
SAGE Threshold:    90
Datetime Column:   Datetime
Filter Column:     CRAI

Targets:
    - PM2_5_Aerosol_PM2_5_6001

Metaheuristic Algorithms:
    - SCA
    - HHO

ML Models:
    - AdaBoostModel
    - LGBMModel
    - XGBoostModel
    - ExtraTreesModel
    - GradientBoostingModel
    - HistGradientBoostingModel

shap_calculation started at 2024-12-09 20:02:14 and ended at 2024-12-09 20:04:28, executed in 0d 0h 2m 14.0278s (134.0278 seconds)
shap_clustering started at 2024-12-09 20:04:28 and ended at 2024-12-09 20:04:30, executed in 0d 0h 0m 1.8338s (1.8338 seconds)
sage_calculation started at 2024-12-09 20:04:30 and ended at 2024-12-09 20:14:19, executed in 0d 0h 9m 49.1420s (589.1420 seconds)
Global execution started at 2024-12-09 20:02:14 and ended at 2024-12-09 20:14:19, executed in 0d 0h 12m 5.0092s (725.0092 seconds)

Execution Setup Information
---------------------------
Date and Time:     2024-12-09 21:00:35
User Name:         timea_bezdan
Task Type:         regression
Data Usage:        test
Number of Epochs:  50
Population Size:   20
SAGE Threshold:    90
Datetime Column:   Datetime
Filter Column:     CRAI

Targets:
    - PM2_5_Aerosol_PM2_5_6001

Metaheuristic Algorithms:
    - SCA
    - HHO

ML Models:
    - AdaBoostModel
    - LGBMModel
    - XGBoostModel
    - ExtraTreesModel
    - GradientBoostingModel
    - HistGradientBoostingModel

shap_calculation started at 2024-12-09 21:00:35 and ended at 2024-12-09 21:00:35, executed in 0d 0h 0m 0.0366s (0.0366 seconds)
shap_clustering started at 2024-12-09 21:00:35 and ended at 2024-12-09 21:00:35, executed in 0d 0h 0m 0.0011s (0.0011 seconds)

Execution Setup Information
---------------------------
Date and Time:     2024-12-09 21:01:37
User Name:         timea_bezdan
Task Type:         regression
Data Usage:        test
Number of Epochs:  50
Population Size:   20
SAGE Threshold:    90
Datetime Column:   Datetime
Filter Column:     CRAI

Targets:
    - PM2_5_Aerosol_PM2_5_6001

Metaheuristic Algorithms:
    - SCA
    - HHO

ML Models:
    - AdaBoostModel
    - LGBMModel
    - XGBoostModel
    - ExtraTreesModel
    - GradientBoostingModel
    - HistGradientBoostingModel

shap_calculation started at 2024-12-09 21:01:37 and ended at 2024-12-09 21:01:37, executed in 0d 0h 0m 0.0333s (0.0333 seconds)
shap_clustering started at 2024-12-09 21:01:37 and ended at 2024-12-09 21:01:37, executed in 0d 0h 0m 0.0005s (0.0005 seconds)

Execution Setup Information
---------------------------
Date and Time:     2024-12-09 21:06:33
User Name:         timea_bezdan
Task Type:         regression
Data Usage:        test
Number of Epochs:  50
Population Size:   20
SAGE Threshold:    90
Datetime Column:   Datetime
Filter Column:     CRAI

Targets:
    - PM2_5_Aerosol_PM2_5_6001

Metaheuristic Algorithms:
    - SCA
    - HHO

ML Models:
    - AdaBoostModel
    - LGBMModel
    - XGBoostModel
    - ExtraTreesModel
    - GradientBoostingModel
    - HistGradientBoostingModel

shap_calculation started at 2024-12-09 21:06:33 and ended at 2024-12-09 21:06:33, executed in 0d 0h 0m 0.0351s (0.0351 seconds)
shap_clustering started at 2024-12-09 21:06:33 and ended at 2024-12-09 21:06:33, executed in 0d 0h 0m 0.0005s (0.0005 seconds)

Execution Setup Information
---------------------------
Date and Time:     2024-12-09 21:09:19
User Name:         timea_bezdan
Task Type:         regression
Data Usage:        test
Number of Epochs:  5
Population Size:   25
SAGE Threshold:    90
Datetime Column:   Datetime
Filter Column:     CRAI

Targets:
    - PM2_5_Aerosol_PM2_5_6001

Metaheuristic Algorithms:
    - SCA
    - HHO

ML Models:
    - AdaBoostModel
    - LGBMModel
    - XGBoostModel
    - ExtraTreesModel
    - GradientBoostingModel
    - HistGradientBoostingModel


Execution Setup Information
---------------------------
Date and Time:     2024-12-09 21:09:44
User Name:         timea_bezdan
Task Type:         regression
Data Usage:        test
Number of Epochs:  5
Population Size:   25
SAGE Threshold:    90
Datetime Column:   Datetime
Filter Column:     CRAI

Targets:
    - Acetamiprid
    - Azoxystrobin
    - Boscalid
    - Chlorantraniliprole
    - Difenoconazole
    - Fluopiram
    - Fluxapyroxad
    - Metalaxyl

Metaheuristic Algorithms:
    - SCA
    - HHO

ML Models:
    - AdaBoostModel
    - LGBMModel
    - XGBoostModel
    - ExtraTreesModel
    - GradientBoostingModel
    - HistGradientBoostingModel


Execution Setup Information
---------------------------
Date and Time:     2025-01-03 14:20:12
User Name:         timea_bezdan
Task Type:         regression
Data Usage:        test
Number of Epochs:  5
Population Size:   25
SAGE Threshold:    90
Datetime Column:   Datetime
Filter Column:     CRAI

Targets:
    - Acetamiprid
    - Azoxystrobin
    - Boscalid
    - Chlorantraniliprole
    - Difenoconazole
    - Fluopiram
    - Fluxapyroxad
    - Metalaxyl

Metaheuristic Algorithms:
    - SCA
    - HHO

ML Models:
    - AdaBoostModel
    - LGBMModel
    - XGBoostModel
    - ExtraTreesModel
    - GradientBoostingModel
    - HistGradientBoostingModel

shap_clustering started at 2025-01-03 14:20:12 and ended at 2025-01-03 14:20:12, executed in 0d 0h 0m 0.0011s (0.0011 seconds)
Global execution started at 2025-01-03 14:20:12 and ended at 2025-01-03 14:20:12, executed in 0d 0h 0m 0.0050s (0.0050 seconds)

Execution Setup Information
---------------------------
Date and Time:     2025-01-03 14:23:06
User Name:         timea_bezdan
Task Type:         regression
Data Usage:        test
Number of Epochs:  5
Population Size:   25
SAGE Threshold:    90
Datetime Column:   Datetime
Filter Column:     CRAI

Targets:
    - Acetamiprid
    - Azoxystrobin
    - Boscalid
    - Chlorantraniliprole
    - Difenoconazole
    - Fluopiram
    - Fluxapyroxad
    - Metalaxyl

Metaheuristic Algorithms:
    - SCA
    - HHO

ML Models:
    - AdaBoostModel
    - LGBMModel
    - XGBoostModel
    - ExtraTreesModel
    - GradientBoostingModel
    - HistGradientBoostingModel

shap_clustering started at 2025-01-03 14:23:06 and ended at 2025-01-03 14:23:06, executed in 0d 0h 0m 0.0011s (0.0011 seconds)
Global execution started at 2025-01-03 14:23:06 and ended at 2025-01-03 14:23:06, executed in 0d 0h 0m 0.0037s (0.0037 seconds)

Execution Setup Information
---------------------------
Date and Time:     2025-01-03 14:24:08
User Name:         timea_bezdan
Task Type:         regression
Data Usage:        test
Number of Epochs:  5
Population Size:   25
SAGE Threshold:    90
Datetime Column:   Datetime
Filter Column:     CRAI

Targets:
    - Acetamiprid
    - Azoxystrobin
    - Boscalid
    - Chlorantraniliprole
    - Difenoconazole
    - Fluopiram
    - Fluxapyroxad
    - Metalaxyl

Metaheuristic Algorithms:
    - SCA
    - HHO

ML Models:
    - AdaBoostModel
    - LGBMModel
    - XGBoostModel
    - ExtraTreesModel
    - GradientBoostingModel
    - HistGradientBoostingModel

shap_clustering started at 2025-01-03 14:24:08 and ended at 2025-01-03 14:24:10, executed in 0d 0h 0m 2.1989s (2.1989 seconds)
Global execution started at 2025-01-03 14:24:08 and ended at 2025-01-03 14:24:10, executed in 0d 0h 0m 2.2010s (2.2010 seconds)

Execution Setup Information
---------------------------
Date and Time:     2025-01-03 14:30:42
User Name:         timea_bezdan
Task Type:         regression
Data Usage:        test
Number of Epochs:  5
Population Size:   25
SAGE Threshold:    90
Datetime Column:   Datetime
Filter Column:     CRAI
Dimensionality Reduction Method: PaCMAP

Targets:
    - Acetamiprid
    - Azoxystrobin
    - Boscalid
    - Chlorantraniliprole
    - Difenoconazole
    - Fluopiram
    - Fluxapyroxad
    - Metalaxyl

Metaheuristic Algorithms:
    - SCA
    - HHO

ML Models:
    - AdaBoostModel
    - LGBMModel
    - XGBoostModel
    - ExtraTreesModel
    - GradientBoostingModel
    - HistGradientBoostingModel

shap_clustering started at 2025-01-03 14:30:42 and ended at 2025-01-03 14:30:45, executed in 0d 0h 0m 2.3061s (2.3061 seconds)
Global execution started at 2025-01-03 14:30:42 and ended at 2025-01-03 14:30:45, executed in 0d 0h 0m 2.3116s (2.3116 seconds)

Execution Setup Information
-----------------------------------------
Date and Time:                   2025-01-03 14:32:43
User Name:                       timea_bezdan
Task Type:                       regression
Data Usage:                      test
Number of Epochs:                5
Population Size:                 25
SAGE Threshold:                  90
Datetime Column:                 Datetime
Filter Column:                   CRAI
Dimensionality Reduction Method: PaCMAP

Targets:
    - Acetamiprid
    - Azoxystrobin
    - Boscalid
    - Chlorantraniliprole
    - Difenoconazole
    - Fluopiram
    - Fluxapyroxad
    - Metalaxyl

Metaheuristic Algorithms:
    - SCA
    - HHO

ML Models:
    - AdaBoostModel
    - LGBMModel
    - XGBoostModel
    - ExtraTreesModel
    - GradientBoostingModel
    - HistGradientBoostingModel

shap_clustering started at 2025-01-03 14:32:43 and ended at 2025-01-03 14:32:45, executed in 0d 0h 0m 2.3160s (2.3160 seconds)
Global execution started at 2025-01-03 14:32:43 and ended at 2025-01-03 14:32:45, executed in 0d 0h 0m 2.3200s (2.3200 seconds)

Execution Setup Information
---------------------------------------------------
Date and Time:                   2025-01-03 14:33:51
User Name:                       timea_bezdan
Task Type:                       regression
Data Usage:                      test
Number of Epochs:                5
Population Size:                 25
SAGE Threshold:                  90
Datetime Column:                 Datetime
Filter Column:                   CRAI
Dimensionality Reduction Method: UMAP

Targets:
    - Acetamiprid
    - Azoxystrobin
    - Boscalid
    - Chlorantraniliprole
    - Difenoconazole
    - Fluopiram
    - Fluxapyroxad
    - Metalaxyl

Metaheuristic Algorithms:
    - SCA
    - HHO

ML Models:
    - AdaBoostModel
    - LGBMModel
    - XGBoostModel
    - ExtraTreesModel
    - GradientBoostingModel
    - HistGradientBoostingModel

shap_clustering started at 2025-01-03 14:33:51 and ended at 2025-01-03 14:34:02, executed in 0d 0h 0m 10.7412s (10.7412 seconds)
Global execution started at 2025-01-03 14:33:51 and ended at 2025-01-03 14:34:02, executed in 0d 0h 0m 10.7450s (10.7450 seconds)

Execution Setup Information
---------------------------------------------------
Date and Time:                   2025-01-03 14:34:19
User Name:                       timea_bezdan
Task Type:                       regression
Data Usage:                      test
Number of Epochs:                5
Population Size:                 25
SAGE Threshold:                  90
Datetime Column:                 Datetime
Filter Column:                   CRAI
Dimensionality Reduction Method: dd

Targets:
    - Acetamiprid
    - Azoxystrobin
    - Boscalid
    - Chlorantraniliprole
    - Difenoconazole
    - Fluopiram
    - Fluxapyroxad
    - Metalaxyl

Metaheuristic Algorithms:
    - SCA
    - HHO

ML Models:
    - AdaBoostModel
    - LGBMModel
    - XGBoostModel
    - ExtraTreesModel
    - GradientBoostingModel
    - HistGradientBoostingModel

shap_clustering started at 2025-01-03 14:34:19 and ended at 2025-01-03 14:34:19, executed in 0d 0h 0m 0.0381s (0.0381 seconds)
Global execution started at 2025-01-03 14:34:19 and ended at 2025-01-03 14:34:19, executed in 0d 0h 0m 0.0413s (0.0413 seconds)

Execution Setup Information
---------------------------------------------------
Date and Time:                   2025-01-03 14:34:53
User Name:                       timea_bezdan
Task Type:                       regression
Data Usage:                      test
Number of Epochs:                5
Population Size:                 25
SAGE Threshold:                  90
Datetime Column:                 Datetime
Filter Column:                   CRAI
Dimensionality Reduction Method: PaCMAP

Targets:
    - Acetamiprid
    - Azoxystrobin
    - Boscalid
    - Chlorantraniliprole
    - Difenoconazole
    - Fluopiram
    - Fluxapyroxad
    - Metalaxyl

Metaheuristic Algorithms:
    - SCA
    - HHO

ML Models:
    - AdaBoostModel
    - LGBMModel
    - XGBoostModel
    - ExtraTreesModel
    - GradientBoostingModel
    - HistGradientBoostingModel

shap_clustering started at 2025-01-03 14:34:53 and ended at 2025-01-03 14:34:55, executed in 0d 0h 0m 2.1193s (2.1193 seconds)
Global execution started at 2025-01-03 14:34:53 and ended at 2025-01-03 14:34:55, executed in 0d 0h 0m 2.1241s (2.1241 seconds)

Execution Setup Information
---------------------------------------------------
Date and Time:                   2025-01-03 14:37:23
User Name:                       timea_bezdan
Task Type:                       regression
Data Usage:                      test
Number of Epochs:                5
Population Size:                 25
SAGE Threshold:                  90
Datetime Column:                 Datetime
Filter Column:                   CRAI
Dimensionality Reduction Method: PaCMAP

Targets:
    - Acetamiprid
    - Azoxystrobin
    - Boscalid
    - Chlorantraniliprole
    - Difenoconazole
    - Fluopiram
    - Fluxapyroxad
    - Metalaxyl

Metaheuristic Algorithms:
    - SCA
    - HHO

ML Models:
    - AdaBoostModel
    - LGBMModel
    - XGBoostModel
    - ExtraTreesModel
    - GradientBoostingModel
    - HistGradientBoostingModel

shap_clustering started at 2025-01-03 14:37:23 and ended at 2025-01-03 14:37:25, executed in 0d 0h 0m 2.0430s (2.0430 seconds)
Global execution started at 2025-01-03 14:37:23 and ended at 2025-01-03 14:37:25, executed in 0d 0h 0m 2.0469s (2.0469 seconds)

Execution Setup Information
---------------------------------------------------
Date and Time:                   2025-01-03 14:38:12
User Name:                       timea_bezdan
Task Type:                       regression
Data Usage:                      test
Number of Epochs:                5
Population Size:                 25
SAGE Threshold:                  90
Datetime Column:                 Datetime
Filter Column:                   CRAI
Dimensionality Reduction Method: PaCMAP

Targets:
    - Acetamiprid
    - Azoxystrobin
    - Boscalid
    - Chlorantraniliprole
    - Difenoconazole
    - Fluopiram
    - Fluxapyroxad
    - Metalaxyl

Metaheuristic Algorithms:
    - SCA
    - HHO

ML Models:
    - AdaBoostModel
    - LGBMModel
    - XGBoostModel
    - ExtraTreesModel
    - GradientBoostingModel
    - HistGradientBoostingModel

shap_clustering started at 2025-01-03 14:38:12 and ended at 2025-01-03 14:38:14, executed in 0d 0h 0m 2.5900s (2.5900 seconds)
Global execution started at 2025-01-03 14:38:12 and ended at 2025-01-03 14:38:14, executed in 0d 0h 0m 2.5934s (2.5934 seconds)

Execution Setup Information
---------------------------------------------------
Date and Time:                   2025-01-03 15:12:29
User Name:                       timea_bezdan
Task Type:                       regression
Data Usage:                      test
Number of Epochs:                5
Population Size:                 25
SAGE Threshold:                  90
Datetime Column:                 Datetime
Filter Column:                   CRAI
Dimensionality Reduction Method: PaCMAP
Subclustering:                   False
Subcluster Probability Threshold:None

Targets:
    - Acetamiprid
    - Azoxystrobin
    - Boscalid
    - Chlorantraniliprole
    - Difenoconazole
    - Fluopiram
    - Fluxapyroxad
    - Metalaxyl

Metaheuristic Algorithms:
    - SCA
    - HHO

ML Models:
    - AdaBoostModel
    - LGBMModel
    - XGBoostModel
    - ExtraTreesModel
    - GradientBoostingModel
    - HistGradientBoostingModel

shap_clustering started at 2025-01-03 15:12:29 and ended at 2025-01-03 15:12:31, executed in 0d 0h 0m 2.3024s (2.3024 seconds)
Global execution started at 2025-01-03 15:12:29 and ended at 2025-01-03 15:12:31, executed in 0d 0h 0m 2.3061s (2.3061 seconds)

Execution Setup Information
------------------------------------------------------
Date and Time:                    2025-01-03 15:13:23
User Name:                        timea_bezdan
Task Type:                        regression
Data Usage:                       test
Number of Epochs:                 5
Population Size:                  25
SAGE Threshold:                   90
Datetime Column:                  Datetime
Filter Column:                    CRAI
Dimensionality Reduction Method:  PaCMAP
Subclustering:                    True
Subcluster Probability Threshold: 0.6

Targets:
    - Acetamiprid
    - Azoxystrobin
    - Boscalid
    - Chlorantraniliprole
    - Difenoconazole
    - Fluopiram
    - Fluxapyroxad
    - Metalaxyl

Metaheuristic Algorithms:
    - SCA
    - HHO

ML Models:
    - AdaBoostModel
    - LGBMModel
    - XGBoostModel
    - ExtraTreesModel
    - GradientBoostingModel
    - HistGradientBoostingModel

shap_clustering started at 2025-01-03 15:13:23 and ended at 2025-01-03 15:13:25, executed in 0d 0h 0m 2.1941s (2.1941 seconds)
Global execution started at 2025-01-03 15:13:23 and ended at 2025-01-03 15:13:25, executed in 0d 0h 0m 2.1972s (2.1972 seconds)

Execution Setup Information
------------------------------------------------------
Date and Time:                    2025-01-03 15:29:08
User Name:                        timea_bezdan
Task Type:                        regression
Data Usage:                       test
Number of Epochs:                 5
Population Size:                  25
SAGE Threshold:                   90
Datetime Column:                  Datetime
Filter Column:                    CRAI
Dimensionality Reduction Method:  PaCMAP
Subclustering:                    False
Subcluster Probability Threshold: None

Targets:
    - Acetamiprid
    - Azoxystrobin
    - Boscalid
    - Chlorantraniliprole
    - Difenoconazole
    - Fluopiram
    - Fluxapyroxad
    - Metalaxyl

Metaheuristic Algorithms:
    - SCA
    - HHO

ML Models:
    - AdaBoostModel
    - LGBMModel
    - XGBoostModel
    - ExtraTreesModel
    - GradientBoostingModel
    - HistGradientBoostingModel

shap_clustering started at 2025-01-03 15:29:08 and ended at 2025-01-03 15:29:10, executed in 0d 0h 0m 1.9379s (1.9379 seconds)
Global execution started at 2025-01-03 15:29:08 and ended at 2025-01-03 15:29:10, executed in 0d 0h 0m 1.9407s (1.9407 seconds)

Execution Setup Information
------------------------------------------------------
Date and Time:                    2025-01-03 15:54:36
User Name:                        timea_bezdan
Task Type:                        regression
Data Usage:                       test
Number of Epochs:                 5
Population Size:                  25
SAGE Threshold:                   90
Datetime Column:                  Datetime
Filter Column:                    CRAI
Dimensionality Reduction Method:  PaCMAP
Subclustering:                    True
Subcluster Probability Threshold: 0.6

Targets:
    - Acetamiprid
    - Azoxystrobin
    - Boscalid
    - Chlorantraniliprole
    - Difenoconazole
    - Fluopiram
    - Fluxapyroxad
    - Metalaxyl

Metaheuristic Algorithms:
    - SCA
    - HHO

ML Models:
    - AdaBoostModel
    - LGBMModel
    - XGBoostModel
    - ExtraTreesModel
    - GradientBoostingModel
    - HistGradientBoostingModel

shap_clustering started at 2025-01-03 15:54:36 and ended at 2025-01-03 15:54:37, executed in 0d 0h 0m 1.3919s (1.3919 seconds)
Global execution started at 2025-01-03 15:54:36 and ended at 2025-01-03 15:54:37, executed in 0d 0h 0m 1.3972s (1.3972 seconds)

Execution Setup Information
------------------------------------------------------
Date and Time:                    2025-01-03 15:55:09
User Name:                        timea_bezdan
Task Type:                        regression
Data Usage:                       test
Number of Epochs:                 5
Population Size:                  25
SAGE Threshold:                   90
Datetime Column:                  Datetime
Filter Column:                    CRAI
Dimensionality Reduction Method:  PaCMAP
Subclustering:                    True
Subcluster Probability Threshold: 0.6

Targets:
    - Acetamiprid
    - Azoxystrobin
    - Boscalid
    - Chlorantraniliprole
    - Difenoconazole
    - Fluopiram
    - Fluxapyroxad
    - Metalaxyl

Metaheuristic Algorithms:
    - SCA
    - HHO

ML Models:
    - AdaBoostModel
    - LGBMModel
    - XGBoostModel
    - ExtraTreesModel
    - GradientBoostingModel
    - HistGradientBoostingModel

shap_clustering started at 2025-01-03 15:55:09 and ended at 2025-01-03 15:55:11, executed in 0d 0h 0m 1.3656s (1.3656 seconds)
Global execution started at 2025-01-03 15:55:09 and ended at 2025-01-03 15:55:11, executed in 0d 0h 0m 1.3691s (1.3691 seconds)

Execution Setup Information
------------------------------------------------------
Date and Time:                    2025-01-03 15:58:57
User Name:                        timea_bezdan
Task Type:                        regression
Data Usage:                       test
Number of Epochs:                 5
Population Size:                  25
SAGE Threshold:                   90
Datetime Column:                  Datetime
Filter Column:                    CRAI
Dimensionality Reduction Method:  PaCMAP
Subclustering:                    True
Subcluster Probability Threshold: 0.6

Targets:
    - Acetamiprid
    - Azoxystrobin
    - Boscalid
    - Chlorantraniliprole
    - Difenoconazole
    - Fluopiram
    - Fluxapyroxad
    - Metalaxyl

Metaheuristic Algorithms:
    - SCA
    - HHO

ML Models:
    - AdaBoostModel
    - LGBMModel
    - XGBoostModel
    - ExtraTreesModel
    - GradientBoostingModel
    - HistGradientBoostingModel

shap_clustering started at 2025-01-03 15:58:57 and ended at 2025-01-03 15:58:59, executed in 0d 0h 0m 1.9900s (1.9900 seconds)
Global execution started at 2025-01-03 15:58:57 and ended at 2025-01-03 15:58:59, executed in 0d 0h 0m 1.9920s (1.9920 seconds)

Execution Setup Information
------------------------------------------------------
Date and Time:                    2025-01-03 16:01:52
User Name:                        timea_bezdan
Task Type:                        regression
Data Usage:                       test
Number of Epochs:                 5
Population Size:                  25
SAGE Threshold:                   90
Datetime Column:                  Datetime
Filter Column:                    CRAI
Dimensionality Reduction Method:  PaCMAP
Subclustering:                    True
Subcluster Probability Threshold: 0.6

Targets:
    - Acetamiprid
    - Azoxystrobin
    - Boscalid
    - Chlorantraniliprole
    - Difenoconazole
    - Fluopiram
    - Fluxapyroxad
    - Metalaxyl

Metaheuristic Algorithms:
    - SCA
    - HHO

ML Models:
    - AdaBoostModel
    - LGBMModel
    - XGBoostModel
    - ExtraTreesModel
    - GradientBoostingModel
    - HistGradientBoostingModel

shap_clustering started at 2025-01-03 16:01:52 and ended at 2025-01-03 16:01:54, executed in 0d 0h 0m 1.8942s (1.8942 seconds)
Global execution started at 2025-01-03 16:01:52 and ended at 2025-01-03 16:01:54, executed in 0d 0h 0m 1.8963s (1.8963 seconds)

Execution Setup Information
------------------------------------------------------
Date and Time:                    2025-01-03 16:05:27
User Name:                        timea_bezdan
Task Type:                        regression
Data Usage:                       test
Number of Epochs:                 5
Population Size:                  25
SAGE Threshold:                   90
Datetime Column:                  Datetime
Filter Column:                    CRAI
Dimensionality Reduction Method:  PaCMAP
Subclustering:                    True
Subcluster Probability Threshold: 0.6

Targets:
    - Acetamiprid
    - Azoxystrobin
    - Boscalid
    - Chlorantraniliprole
    - Difenoconazole
    - Fluopiram
    - Fluxapyroxad
    - Metalaxyl

Metaheuristic Algorithms:
    - SCA
    - HHO

ML Models:
    - AdaBoostModel
    - LGBMModel
    - XGBoostModel
    - ExtraTreesModel
    - GradientBoostingModel
    - HistGradientBoostingModel

shap_clustering started at 2025-01-03 16:05:27 and ended at 2025-01-03 16:05:30, executed in 0d 0h 0m 2.3137s (2.3137 seconds)
Global execution started at 2025-01-03 16:05:27 and ended at 2025-01-03 16:05:30, executed in 0d 0h 0m 2.3167s (2.3167 seconds)

Execution Setup Information
------------------------------------------------------
Date and Time:                    2025-01-03 16:06:22
User Name:                        timea_bezdan
Task Type:                        regression
Data Usage:                       test
Number of Epochs:                 5
Population Size:                  25
SAGE Threshold:                   90
Datetime Column:                  Datetime
Filter Column:                    CRAI
Dimensionality Reduction Method:  PaCMAP
Subclustering:                    True
Subcluster Probability Threshold: 0.6

Targets:
    - Acetamiprid
    - Azoxystrobin
    - Boscalid
    - Chlorantraniliprole
    - Difenoconazole
    - Fluopiram
    - Fluxapyroxad
    - Metalaxyl

Metaheuristic Algorithms:
    - SCA
    - HHO

ML Models:
    - AdaBoostModel
    - LGBMModel
    - XGBoostModel
    - ExtraTreesModel
    - GradientBoostingModel
    - HistGradientBoostingModel

shap_clustering started at 2025-01-03 16:06:22 and ended at 2025-01-03 16:06:25, executed in 0d 0h 0m 2.6868s (2.6868 seconds)
Global execution started at 2025-01-03 16:06:22 and ended at 2025-01-03 16:06:25, executed in 0d 0h 0m 2.6897s (2.6897 seconds)

Execution Setup Information
------------------------------------------------------
Date and Time:                    2025-01-03 16:11:40
User Name:                        timea_bezdan
Task Type:                        regression
Data Usage:                       test
Number of Epochs:                 5
Population Size:                  25
SAGE Threshold:                   90
Datetime Column:                  Datetime
Filter Column:                    CRAI
Dimensionality Reduction Method:  PaCMAP
Subclustering:                    True
Subcluster Probability Threshold: 0.6

Targets:
    - Acetamiprid
    - Azoxystrobin
    - Boscalid
    - Chlorantraniliprole
    - Difenoconazole
    - Fluopiram
    - Fluxapyroxad
    - Metalaxyl

Metaheuristic Algorithms:
    - SCA
    - HHO

ML Models:
    - AdaBoostModel
    - LGBMModel
    - XGBoostModel
    - ExtraTreesModel
    - GradientBoostingModel
    - HistGradientBoostingModel

shap_clustering started at 2025-01-03 16:11:40 and ended at 2025-01-03 16:11:43, executed in 0d 0h 0m 2.4861s (2.4861 seconds)
Global execution started at 2025-01-03 16:11:40 and ended at 2025-01-03 16:11:43, executed in 0d 0h 0m 2.4915s (2.4915 seconds)

Execution Setup Information
------------------------------------------------------
Date and Time:                    2025-01-03 16:14:31
User Name:                        timea_bezdan
Task Type:                        regression
Data Usage:                       test
Number of Epochs:                 5
Population Size:                  25
SAGE Threshold:                   90
Datetime Column:                  Datetime
Filter Column:                    CRAI
Dimensionality Reduction Method:  PaCMAP
Subclustering:                    True
Subcluster Probability Threshold: 0.6

Targets:
    - Acetamiprid
    - Azoxystrobin
    - Boscalid
    - Chlorantraniliprole
    - Difenoconazole
    - Fluopiram
    - Fluxapyroxad
    - Metalaxyl

Metaheuristic Algorithms:
    - SCA
    - HHO

ML Models:
    - AdaBoostModel
    - LGBMModel
    - XGBoostModel
    - ExtraTreesModel
    - GradientBoostingModel
    - HistGradientBoostingModel

shap_clustering started at 2025-01-03 16:14:31 and ended at 2025-01-03 16:14:34, executed in 0d 0h 0m 2.1784s (2.1784 seconds)
Global execution started at 2025-01-03 16:14:31 and ended at 2025-01-03 16:14:34, executed in 0d 0h 0m 2.1875s (2.1875 seconds)

Execution Setup Information
------------------------------------------------------
Date and Time:                    2025-01-03 16:15:34
User Name:                        timea_bezdan
Task Type:                        regression
Data Usage:                       test
Number of Epochs:                 5
Population Size:                  25
SAGE Threshold:                   90
Datetime Column:                  Datetime
Filter Column:                    CRAI
Dimensionality Reduction Method:  PaCMAP
Subclustering:                    True
Subcluster Probability Threshold: 0.6

Targets:
    - Acetamiprid
    - Azoxystrobin
    - Boscalid
    - Chlorantraniliprole
    - Difenoconazole
    - Fluopiram
    - Fluxapyroxad
    - Metalaxyl

Metaheuristic Algorithms:
    - SCA
    - HHO

ML Models:
    - AdaBoostModel
    - LGBMModel
    - XGBoostModel
    - ExtraTreesModel
    - GradientBoostingModel
    - HistGradientBoostingModel

shap_clustering started at 2025-01-03 16:15:34 and ended at 2025-01-03 16:15:39, executed in 0d 0h 0m 5.1395s (5.1395 seconds)
Global execution started at 2025-01-03 16:15:34 and ended at 2025-01-03 16:15:39, executed in 0d 0h 0m 5.1465s (5.1465 seconds)

Execution Setup Information
------------------------------------------------------
Date and Time:                    2025-01-03 16:26:03
User Name:                        timea_bezdan
Task Type:                        regression
Data Usage:                       test
Number of Epochs:                 5
Population Size:                  25
SAGE Threshold:                   90
Datetime Column:                  Datetime
Filter Column:                    CRAI
Dimensionality Reduction Method:  PaCMAP
Subclustering:                    True
Subcluster Probability Threshold: 0.6

Targets:
    - Acetamiprid
    - Azoxystrobin
    - Boscalid
    - Chlorantraniliprole
    - Difenoconazole
    - Fluopiram
    - Fluxapyroxad
    - Metalaxyl

Metaheuristic Algorithms:
    - SCA
    - HHO

ML Models:
    - AdaBoostModel
    - LGBMModel
    - XGBoostModel
    - ExtraTreesModel
    - GradientBoostingModel
    - HistGradientBoostingModel

shap_clustering started at 2025-01-03 16:26:03 and ended at 2025-01-03 16:26:08, executed in 0d 0h 0m 5.5249s (5.5249 seconds)
Global execution started at 2025-01-03 16:26:03 and ended at 2025-01-03 16:26:08, executed in 0d 0h 0m 5.5332s (5.5332 seconds)

Execution Setup Information
------------------------------------------------------
Date and Time:                    2025-01-03 16:27:17
User Name:                        timea_bezdan
Task Type:                        classification
Data Usage:                       test
Number of Epochs:                 5
Population Size:                  25
SAGE Threshold:                   90
Datetime Column:                  Datetime
Filter Column:                    CRAI
Dimensionality Reduction Method:  PaCMAP
Subclustering:                    True
Subcluster Probability Threshold: 0.6

Targets:
    - Acetamiprid
    - Azoxystrobin
    - Boscalid
    - Chlorantraniliprole
    - Difenoconazole
    - Fluopiram
    - Fluxapyroxad
    - Metalaxyl

Metaheuristic Algorithms:
    - SCA
    - HHO

ML Models:
    - BalancedRandomForestCls
    - LGBMModel
    - ExtraTreesModel
    - HistGradientBoostingCls

shap_clustering started at 2025-01-03 16:27:17 and ended at 2025-01-03 16:27:22, executed in 0d 0h 0m 5.1025s (5.1025 seconds)
Global execution started at 2025-01-03 16:27:17 and ended at 2025-01-03 16:27:22, executed in 0d 0h 0m 5.1072s (5.1072 seconds)

Execution Setup Information
------------------------------------------------------
Date and Time:                    2025-01-03 16:31:49
User Name:                        timea_bezdan
Task Type:                        classification
Data Usage:                       test
Number of Epochs:                 5
Population Size:                  25
SAGE Threshold:                   90
Datetime Column:                  Datetime
Filter Column:                    CRAI
Dimensionality Reduction Method:  PaCMAP
Subclustering:                    True
Subcluster Probability Threshold: 0.6

Targets:
    - Acetamiprid
    - Azoxystrobin
    - Boscalid
    - Chlorantraniliprole
    - Difenoconazole
    - Fluopiram
    - Fluxapyroxad
    - Metalaxyl

Metaheuristic Algorithms:
    - SCA
    - HHO

ML Models:
    - BalancedRandomForestCls
    - LGBMModel
    - ExtraTreesModel
    - HistGradientBoostingCls

shap_clustering started at 2025-01-03 16:31:49 and ended at 2025-01-03 16:32:00, executed in 0d 0h 0m 10.9636s (10.9636 seconds)
Global execution started at 2025-01-03 16:31:49 and ended at 2025-01-03 16:32:00, executed in 0d 0h 0m 10.9796s (10.9796 seconds)

Execution Setup Information
------------------------------------------------------
Date and Time:                    2025-01-03 16:34:53
User Name:                        timea_bezdan
Task Type:                        classification
Data Usage:                       test
Number of Epochs:                 5
Population Size:                  25
SAGE Threshold:                   90
Datetime Column:                  Datetime
Filter Column:                    CRAI
Dimensionality Reduction Method:  PaCMAP
Subclustering:                    True
Subcluster Probability Threshold: 0.6

Targets:
    - Acetamiprid
    - Azoxystrobin
    - Boscalid
    - Chlorantraniliprole
    - Difenoconazole
    - Fluopiram
    - Fluxapyroxad
    - Metalaxyl

Metaheuristic Algorithms:
    - SCA
    - HHO

ML Models:
    - BalancedRandomForestCls
    - LGBMModel
    - ExtraTreesModel
    - HistGradientBoostingCls

shap_clustering started at 2025-01-03 16:34:53 and ended at 2025-01-03 16:34:59, executed in 0d 0h 0m 5.4490s (5.4490 seconds)
Global execution started at 2025-01-03 16:34:53 and ended at 2025-01-03 16:34:59, executed in 0d 0h 0m 5.4550s (5.4550 seconds)

Execution Setup Information
------------------------------------------------------
Date and Time:                    2025-01-03 16:39:35
User Name:                        timea_bezdan
Task Type:                        classification
Data Usage:                       test
Number of Epochs:                 5
Population Size:                  25
SAGE Threshold:                   90
Datetime Column:                  Datetime
Filter Column:                    CRAI
Dimensionality Reduction Method:  PaCMAP
Subclustering:                    True
Subcluster Probability Threshold: 0.6

Targets:
    - Acetamiprid
    - Azoxystrobin
    - Boscalid
    - Chlorantraniliprole
    - Difenoconazole
    - Fluopiram
    - Fluxapyroxad
    - Metalaxyl

Metaheuristic Algorithms:
    - SCA
    - HHO

ML Models:
    - BalancedRandomForestCls
    - LGBMModel
    - ExtraTreesModel
    - HistGradientBoostingCls

shap_clustering started at 2025-01-03 16:39:35 and ended at 2025-01-03 16:39:41, executed in 0d 0h 0m 5.4713s (5.4713 seconds)
Global execution started at 2025-01-03 16:39:35 and ended at 2025-01-03 16:39:41, executed in 0d 0h 0m 5.4760s (5.4760 seconds)

Execution Setup Information
------------------------------------------------------
Date and Time:                    2025-01-03 16:42:20
User Name:                        timea_bezdan
Task Type:                        classification
Data Usage:                       test
Number of Epochs:                 5
Population Size:                  25
SAGE Threshold:                   90
Datetime Column:                  Datetime
Filter Column:                    CRAI
Dimensionality Reduction Method:  PaCMAP
Subclustering:                    True
Subcluster Probability Threshold: 0.6

Targets:
    - Acetamiprid
    - Azoxystrobin
    - Boscalid
    - Chlorantraniliprole
    - Difenoconazole
    - Fluopiram
    - Fluxapyroxad
    - Metalaxyl

Metaheuristic Algorithms:
    - SCA
    - HHO

ML Models:
    - BalancedRandomForestCls
    - LGBMModel
    - ExtraTreesModel
    - HistGradientBoostingCls

shap_clustering started at 2025-01-03 16:42:20 and ended at 2025-01-03 16:42:26, executed in 0d 0h 0m 5.8608s (5.8608 seconds)
Global execution started at 2025-01-03 16:42:20 and ended at 2025-01-03 16:42:26, executed in 0d 0h 0m 5.8675s (5.8675 seconds)

Execution Setup Information
------------------------------------------------------
Date and Time:                    2025-01-03 16:45:50
User Name:                        timea_bezdan
Task Type:                        classification
Data Usage:                       test
Number of Epochs:                 5
Population Size:                  25
SAGE Threshold:                   90
Datetime Column:                  Datetime
Filter Column:                    CRAI
Dimensionality Reduction Method:  PaCMAP
Subclustering:                    True
Subcluster Probability Threshold: 0.6

Targets:
    - Acetamiprid
    - Azoxystrobin
    - Boscalid
    - Chlorantraniliprole
    - Difenoconazole
    - Fluopiram
    - Fluxapyroxad
    - Metalaxyl

Metaheuristic Algorithms:
    - SCA
    - HHO

ML Models:
    - BalancedRandomForestCls
    - LGBMModel
    - ExtraTreesModel
    - HistGradientBoostingCls

shap_clustering started at 2025-01-03 16:45:50 and ended at 2025-01-03 16:45:56, executed in 0d 0h 0m 5.4732s (5.4732 seconds)
Global execution started at 2025-01-03 16:45:50 and ended at 2025-01-03 16:45:56, executed in 0d 0h 0m 5.4795s (5.4795 seconds)

Execution Setup Information
------------------------------------------------------
Date and Time:                    2025-01-03 16:49:21
User Name:                        timea_bezdan
Task Type:                        classification
Data Usage:                       test
Number of Epochs:                 5
Population Size:                  25
SAGE Threshold:                   90
Datetime Column:                  Datetime
Filter Column:                    CRAI
Dimensionality Reduction Method:  PaCMAP
Subclustering:                    True
Subcluster Probability Threshold: 0.6

Targets:
    - Acetamiprid
    - Azoxystrobin
    - Boscalid
    - Chlorantraniliprole
    - Difenoconazole
    - Fluopiram
    - Fluxapyroxad
    - Metalaxyl

Metaheuristic Algorithms:
    - SCA
    - HHO

ML Models:
    - BalancedRandomForestCls
    - LGBMModel
    - ExtraTreesModel
    - HistGradientBoostingCls

shap_clustering started at 2025-01-03 16:49:21 and ended at 2025-01-03 16:49:26, executed in 0d 0h 0m 5.4180s (5.4180 seconds)
Global execution started at 2025-01-03 16:49:21 and ended at 2025-01-03 16:49:26, executed in 0d 0h 0m 5.4233s (5.4233 seconds)

Execution Setup Information
------------------------------------------------------
Date and Time:                    2025-01-03 16:52:04
User Name:                        timea_bezdan
Task Type:                        classification
Data Usage:                       test
Number of Epochs:                 5
Population Size:                  25
SAGE Threshold:                   90
Datetime Column:                  Datetime
Filter Column:                    CRAI
Dimensionality Reduction Method:  PaCMAP
Subclustering:                    True
Subcluster Probability Threshold: 0.6

Targets:
    - Acetamiprid
    - Azoxystrobin
    - Boscalid
    - Chlorantraniliprole
    - Difenoconazole
    - Fluopiram
    - Fluxapyroxad
    - Metalaxyl

Metaheuristic Algorithms:
    - SCA
    - HHO

ML Models:
    - BalancedRandomForestCls
    - LGBMModel
    - ExtraTreesModel
    - HistGradientBoostingCls

shap_clustering started at 2025-01-03 16:52:05 and ended at 2025-01-03 16:52:10, executed in 0d 0h 0m 5.6194s (5.6194 seconds)
Global execution started at 2025-01-03 16:52:04 and ended at 2025-01-03 16:52:10, executed in 0d 0h 0m 5.6245s (5.6245 seconds)

Execution Setup Information
------------------------------------------------------
Date and Time:                    2025-01-03 16:59:25
User Name:                        timea_bezdan
Task Type:                        classification
Data Usage:                       test
Number of Epochs:                 5
Population Size:                  25
SAGE Threshold:                   90
Datetime Column:                  Datetime
Filter Column:                    CRAI
Dimensionality Reduction Method:  PaCMAP
Subclustering:                    True
Subcluster Probability Threshold: 0.6

Targets:
    - Acetamiprid
    - Azoxystrobin
    - Boscalid
    - Chlorantraniliprole
    - Difenoconazole
    - Fluopiram
    - Fluxapyroxad
    - Metalaxyl

Metaheuristic Algorithms:
    - SCA
    - HHO

ML Models:
    - BalancedRandomForestCls
    - LGBMModel
    - ExtraTreesModel
    - HistGradientBoostingCls

shap_clustering started at 2025-01-03 16:59:25 and ended at 2025-01-03 16:59:30, executed in 0d 0h 0m 5.4496s (5.4496 seconds)
Global execution started at 2025-01-03 16:59:25 and ended at 2025-01-03 16:59:30, executed in 0d 0h 0m 5.4556s (5.4556 seconds)

Execution Setup Information
------------------------------------------------------
Date and Time:                    2025-01-03 17:04:35
User Name:                        timea_bezdan
Task Type:                        classification
Data Usage:                       test
Number of Epochs:                 5
Population Size:                  25
SAGE Threshold:                   90
Datetime Column:                  Datetime
Filter Column:                    CRAI
Dimensionality Reduction Method:  PaCMAP
Subclustering:                    True
Subcluster Probability Threshold: 0.6

Targets:
    - Acetamiprid
    - Azoxystrobin
    - Boscalid
    - Chlorantraniliprole
    - Difenoconazole
    - Fluopiram
    - Fluxapyroxad
    - Metalaxyl

Metaheuristic Algorithms:
    - SCA
    - HHO

ML Models:
    - BalancedRandomForestCls
    - LGBMModel
    - ExtraTreesModel
    - HistGradientBoostingCls

shap_clustering started at 2025-01-03 17:04:35 and ended at 2025-01-03 17:04:40, executed in 0d 0h 0m 5.6890s (5.6890 seconds)
Global execution started at 2025-01-03 17:04:35 and ended at 2025-01-03 17:04:40, executed in 0d 0h 0m 5.6944s (5.6944 seconds)

Execution Setup Information
------------------------------------------------------
Date and Time:                    2025-01-03 17:10:18
User Name:                        timea_bezdan
Task Type:                        classification
Data Usage:                       test
Number of Epochs:                 5
Population Size:                  25
SAGE Threshold:                   90
Datetime Column:                  Datetime
Filter Column:                    CRAI
Dimensionality Reduction Method:  PaCMAP
Subclustering:                    True
Subcluster Probability Threshold: 0.6

Targets:
    - Acetamiprid
    - Azoxystrobin
    - Boscalid
    - Chlorantraniliprole
    - Difenoconazole
    - Fluopiram
    - Fluxapyroxad
    - Metalaxyl

Metaheuristic Algorithms:
    - SCA
    - HHO

ML Models:
    - BalancedRandomForestCls
    - LGBMModel
    - ExtraTreesModel
    - HistGradientBoostingCls

shap_clustering started at 2025-01-03 17:10:18 and ended at 2025-01-03 17:10:23, executed in 0d 0h 0m 5.1892s (5.1892 seconds)
Global execution started at 2025-01-03 17:10:18 and ended at 2025-01-03 17:10:23, executed in 0d 0h 0m 5.1942s (5.1942 seconds)

Execution Setup Information
------------------------------------------------------
Date and Time:                    2025-01-03 17:17:58
User Name:                        timea_bezdan
Task Type:                        classification
Data Usage:                       test
Number of Epochs:                 5
Population Size:                  25
SAGE Threshold:                   90
Datetime Column:                  Datetime
Filter Column:                    CRAI
Dimensionality Reduction Method:  PaCMAP
Subclustering:                    True
Subcluster Probability Threshold: 0.6

Targets:
    - Acetamiprid
    - Azoxystrobin
    - Boscalid
    - Chlorantraniliprole
    - Difenoconazole
    - Fluopiram
    - Fluxapyroxad
    - Metalaxyl

Metaheuristic Algorithms:
    - SCA
    - HHO

ML Models:
    - BalancedRandomForestCls
    - LGBMModel
    - ExtraTreesModel
    - HistGradientBoostingCls

shap_clustering started at 2025-01-03 17:17:58 and ended at 2025-01-03 17:18:03, executed in 0d 0h 0m 5.4820s (5.4820 seconds)
Global execution started at 2025-01-03 17:17:58 and ended at 2025-01-03 17:18:03, executed in 0d 0h 0m 5.4879s (5.4879 seconds)

Execution Setup Information
------------------------------------------------------
Date and Time:                    2025-01-03 17:21:49
User Name:                        timea_bezdan
Task Type:                        classification
Data Usage:                       test
Number of Epochs:                 5
Population Size:                  25
SAGE Threshold:                   90
Datetime Column:                  Datetime
Filter Column:                    CRAI
Dimensionality Reduction Method:  PaCMAP
Subclustering:                    True
Subcluster Probability Threshold: 0.6

Targets:
    - Acetamiprid
    - Azoxystrobin
    - Boscalid
    - Chlorantraniliprole
    - Difenoconazole
    - Fluopiram
    - Fluxapyroxad
    - Metalaxyl

Metaheuristic Algorithms:
    - SCA
    - HHO

ML Models:
    - BalancedRandomForestCls
    - LGBMModel
    - ExtraTreesModel
    - HistGradientBoostingCls

shap_clustering started at 2025-01-03 17:21:49 and ended at 2025-01-03 17:21:54, executed in 0d 0h 0m 5.4520s (5.4520 seconds)
Global execution started at 2025-01-03 17:21:49 and ended at 2025-01-03 17:21:54, executed in 0d 0h 0m 5.4572s (5.4572 seconds)

Execution Setup Information
------------------------------------------------------
Date and Time:                    2025-01-03 17:25:13
User Name:                        timea_bezdan
Task Type:                        classification
Data Usage:                       test
Number of Epochs:                 5
Population Size:                  25
SAGE Threshold:                   90
Datetime Column:                  Datetime
Filter Column:                    CRAI
Dimensionality Reduction Method:  PaCMAP
Subclustering:                    True
Subcluster Probability Threshold: 0.6

Targets:
    - Acetamiprid
    - Azoxystrobin
    - Boscalid
    - Chlorantraniliprole
    - Difenoconazole
    - Fluopiram
    - Fluxapyroxad
    - Metalaxyl

Metaheuristic Algorithms:
    - SCA
    - HHO

ML Models:
    - BalancedRandomForestCls
    - LGBMModel
    - ExtraTreesModel
    - HistGradientBoostingCls

shap_clustering started at 2025-01-03 17:25:13 and ended at 2025-01-03 17:25:18, executed in 0d 0h 0m 5.5742s (5.5742 seconds)
Global execution started at 2025-01-03 17:25:13 and ended at 2025-01-03 17:25:18, executed in 0d 0h 0m 5.5799s (5.5799 seconds)

Execution Setup Information
------------------------------------------------------
Date and Time:                    2025-01-03 17:31:47
User Name:                        timea_bezdan
Task Type:                        classification
Data Usage:                       test
Number of Epochs:                 5
Population Size:                  25
SAGE Threshold:                   90
Datetime Column:                  Datetime
Filter Column:                    CRAI
Dimensionality Reduction Method:  PaCMAP
Subclustering:                    True
Subcluster Probability Threshold: 0.6

Targets:
    - Acetamiprid
    - Azoxystrobin
    - Boscalid
    - Chlorantraniliprole
    - Difenoconazole
    - Fluopiram
    - Fluxapyroxad
    - Metalaxyl

Metaheuristic Algorithms:
    - SCA
    - HHO

ML Models:
    - BalancedRandomForestCls
    - LGBMModel
    - ExtraTreesModel
    - HistGradientBoostingCls

shap_clustering started at 2025-01-03 17:31:47 and ended at 2025-01-03 17:31:52, executed in 0d 0h 0m 5.2990s (5.2990 seconds)
Global execution started at 2025-01-03 17:31:47 and ended at 2025-01-03 17:31:52, executed in 0d 0h 0m 5.3046s (5.3046 seconds)

Execution Setup Information
------------------------------------------------------
Date and Time:                    2025-01-03 17:34:55
User Name:                        timea_bezdan
Task Type:                        classification
Data Usage:                       test
Number of Epochs:                 5
Population Size:                  25
SAGE Threshold:                   90
Datetime Column:                  Datetime
Filter Column:                    CRAI
Dimensionality Reduction Method:  PaCMAP
Subclustering:                    True
Subcluster Probability Threshold: 0.6

Targets:
    - Acetamiprid
    - Azoxystrobin
    - Boscalid
    - Chlorantraniliprole
    - Difenoconazole
    - Fluopiram
    - Fluxapyroxad
    - Metalaxyl

Metaheuristic Algorithms:
    - SCA
    - HHO

ML Models:
    - BalancedRandomForestCls
    - LGBMModel
    - ExtraTreesModel
    - HistGradientBoostingCls

shap_clustering started at 2025-01-03 17:34:55 and ended at 2025-01-03 17:35:01, executed in 0d 0h 0m 5.2687s (5.2687 seconds)
Global execution started at 2025-01-03 17:34:55 and ended at 2025-01-03 17:35:01, executed in 0d 0h 0m 5.2741s (5.2741 seconds)

Execution Setup Information
------------------------------------------------------
Date and Time:                    2025-01-03 17:38:21
User Name:                        timea_bezdan
Task Type:                        classification
Data Usage:                       test
Number of Epochs:                 5
Population Size:                  25
SAGE Threshold:                   90
Datetime Column:                  Datetime
Filter Column:                    CRAI
Dimensionality Reduction Method:  PaCMAP
Subclustering:                    True
Subcluster Probability Threshold: 0.6

Targets:
    - Acetamiprid
    - Azoxystrobin
    - Boscalid
    - Chlorantraniliprole
    - Difenoconazole
    - Fluopiram
    - Fluxapyroxad
    - Metalaxyl

Metaheuristic Algorithms:
    - SCA
    - HHO

ML Models:
    - BalancedRandomForestCls
    - LGBMModel
    - ExtraTreesModel
    - HistGradientBoostingCls

shap_clustering started at 2025-01-03 17:38:21 and ended at 2025-01-03 17:38:26, executed in 0d 0h 0m 5.4378s (5.4378 seconds)
Global execution started at 2025-01-03 17:38:21 and ended at 2025-01-03 17:38:26, executed in 0d 0h 0m 5.4413s (5.4413 seconds)

Execution Setup Information
------------------------------------------------------
Date and Time:                    2025-01-03 17:43:46
User Name:                        timea_bezdan
Task Type:                        classification
Data Usage:                       test
Number of Epochs:                 5
Population Size:                  25
SAGE Threshold:                   90
Datetime Column:                  Datetime
Filter Column:                    CRAI
Dimensionality Reduction Method:  PaCMAP
Subclustering:                    True
Subcluster Probability Threshold: 0.6

Targets:
    - Acetamiprid
    - Azoxystrobin
    - Boscalid
    - Chlorantraniliprole
    - Difenoconazole
    - Fluopiram
    - Fluxapyroxad
    - Metalaxyl

Metaheuristic Algorithms:
    - SCA
    - HHO

ML Models:
    - BalancedRandomForestCls
    - LGBMModel
    - ExtraTreesModel
    - HistGradientBoostingCls

shap_clustering started at 2025-01-03 17:43:46 and ended at 2025-01-03 17:43:52, executed in 0d 0h 0m 5.5130s (5.5130 seconds)
Global execution started at 2025-01-03 17:43:46 and ended at 2025-01-03 17:43:52, executed in 0d 0h 0m 5.5249s (5.5249 seconds)

Execution Setup Information
------------------------------------------------------
Date and Time:                    2025-01-03 17:44:35
User Name:                        timea_bezdan
Task Type:                        classification
Data Usage:                       test
Number of Epochs:                 5
Population Size:                  25
SAGE Threshold:                   90
Datetime Column:                  Datetime
Filter Column:                    CRAI
Dimensionality Reduction Method:  PaCMAP
Subclustering:                    True
Subcluster Probability Threshold: 0.6

Targets:
    - Acetamiprid
    - Azoxystrobin
    - Boscalid
    - Chlorantraniliprole
    - Difenoconazole
    - Fluopiram
    - Fluxapyroxad
    - Metalaxyl

Metaheuristic Algorithms:
    - SCA
    - HHO

ML Models:
    - BalancedRandomForestCls
    - LGBMModel
    - ExtraTreesModel
    - HistGradientBoostingCls

shap_clustering started at 2025-01-03 17:44:35 and ended at 2025-01-03 17:44:40, executed in 0d 0h 0m 5.3748s (5.3748 seconds)
Global execution started at 2025-01-03 17:44:35 and ended at 2025-01-03 17:44:40, executed in 0d 0h 0m 5.3781s (5.3781 seconds)

Execution Setup Information
------------------------------------------------------
Date and Time:                    2025-01-03 17:55:13
User Name:                        timea_bezdan
Task Type:                        classification
Data Usage:                       test
Number of Epochs:                 5
Population Size:                  25
SAGE Threshold:                   90
Datetime Column:                  Datetime
Filter Column:                    CRAI
Dimensionality Reduction Method:  PaCMAP
Subclustering:                    True
Subcluster Probability Threshold: 0.6

Targets:
    - Acetamiprid
    - Azoxystrobin
    - Boscalid
    - Chlorantraniliprole
    - Difenoconazole
    - Fluopiram
    - Fluxapyroxad
    - Metalaxyl

Metaheuristic Algorithms:
    - SCA
    - HHO

ML Models:
    - BalancedRandomForestCls
    - LGBMModel
    - ExtraTreesModel
    - HistGradientBoostingCls

shap_clustering started at 2025-01-03 17:55:13 and ended at 2025-01-03 17:55:18, executed in 0d 0h 0m 5.2851s (5.2851 seconds)
Global execution started at 2025-01-03 17:55:13 and ended at 2025-01-03 17:55:18, executed in 0d 0h 0m 5.2881s (5.2881 seconds)

Execution Setup Information
------------------------------------------------------
Date and Time:                    2025-01-03 18:01:59
User Name:                        timea_bezdan
Task Type:                        classification
Data Usage:                       test
Number of Epochs:                 5
Population Size:                  25
SAGE Threshold:                   90
Datetime Column:                  Datetime
Filter Column:                    CRAI
Dimensionality Reduction Method:  PaCMAP
Subclustering:                    True
Subcluster Probability Threshold: 0.6

Targets:
    - Acetamiprid
    - Azoxystrobin
    - Boscalid
    - Chlorantraniliprole
    - Difenoconazole
    - Fluopiram
    - Fluxapyroxad
    - Metalaxyl

Metaheuristic Algorithms:
    - SCA
    - HHO

ML Models:
    - BalancedRandomForestCls
    - LGBMModel
    - ExtraTreesModel
    - HistGradientBoostingCls

shap_clustering started at 2025-01-03 18:01:59 and ended at 2025-01-03 18:02:04, executed in 0d 0h 0m 4.9617s (4.9617 seconds)
Global execution started at 2025-01-03 18:01:59 and ended at 2025-01-03 18:02:04, executed in 0d 0h 0m 4.9719s (4.9719 seconds)

Execution Setup Information
------------------------------------------------------
Date and Time:                    2025-01-03 18:04:45
User Name:                        timea_bezdan
Task Type:                        classification
Data Usage:                       test
Number of Epochs:                 5
Population Size:                  25
SAGE Threshold:                   90
Datetime Column:                  Datetime
Filter Column:                    CRAI
Dimensionality Reduction Method:  PaCMAP
Subclustering:                    True
Subcluster Probability Threshold: 0.6

Targets:
    - Acetamiprid
    - Azoxystrobin
    - Boscalid
    - Chlorantraniliprole
    - Difenoconazole
    - Fluopiram
    - Fluxapyroxad
    - Metalaxyl

Metaheuristic Algorithms:
    - SCA
    - HHO

ML Models:
    - BalancedRandomForestCls
    - LGBMModel
    - ExtraTreesModel
    - HistGradientBoostingCls

shap_clustering started at 2025-01-03 18:04:45 and ended at 2025-01-03 18:04:50, executed in 0d 0h 0m 4.8020s (4.8020 seconds)
Global execution started at 2025-01-03 18:04:45 and ended at 2025-01-03 18:04:50, executed in 0d 0h 0m 4.8130s (4.8130 seconds)

Execution Setup Information
------------------------------------------------------
Date and Time:                    2025-01-03 18:06:05
User Name:                        timea_bezdan
Task Type:                        classification
Data Usage:                       test
Number of Epochs:                 5
Population Size:                  25
SAGE Threshold:                   90
Datetime Column:                  Datetime
Filter Column:                    CRAI
Dimensionality Reduction Method:  PaCMAP
Subclustering:                    True
Subcluster Probability Threshold: 0.6

Targets:
    - Acetamiprid
    - Azoxystrobin
    - Boscalid
    - Chlorantraniliprole
    - Difenoconazole
    - Fluopiram
    - Fluxapyroxad
    - Metalaxyl

Metaheuristic Algorithms:
    - SCA
    - HHO

ML Models:
    - BalancedRandomForestCls
    - LGBMModel
    - ExtraTreesModel
    - HistGradientBoostingCls

shap_clustering started at 2025-01-03 18:06:05 and ended at 2025-01-03 18:06:09, executed in 0d 0h 0m 4.6136s (4.6136 seconds)
Global execution started at 2025-01-03 18:06:05 and ended at 2025-01-03 18:06:09, executed in 0d 0h 0m 4.6187s (4.6187 seconds)

Execution Setup Information
------------------------------------------------------
Date and Time:                    2025-01-03 18:07:43
User Name:                        timea_bezdan
Task Type:                        classification
Data Usage:                       test
Number of Epochs:                 5
Population Size:                  25
SAGE Threshold:                   90
Datetime Column:                  Datetime
Filter Column:                    CRAI
Dimensionality Reduction Method:  PaCMAP
Subclustering:                    True
Subcluster Probability Threshold: 0.6

Targets:
    - Acetamiprid
    - Azoxystrobin
    - Boscalid
    - Chlorantraniliprole
    - Difenoconazole
    - Fluopiram
    - Fluxapyroxad
    - Metalaxyl

Metaheuristic Algorithms:
    - SCA
    - HHO

ML Models:
    - BalancedRandomForestCls
    - LGBMModel
    - ExtraTreesModel
    - HistGradientBoostingCls

shap_clustering started at 2025-01-03 18:07:43 and ended at 2025-01-03 18:07:48, executed in 0d 0h 0m 4.8094s (4.8094 seconds)
Global execution started at 2025-01-03 18:07:43 and ended at 2025-01-03 18:07:48, executed in 0d 0h 0m 4.8233s (4.8233 seconds)

Execution Setup Information
------------------------------------------------------
Date and Time:                    2025-01-03 18:08:44
User Name:                        timea_bezdan
Task Type:                        classification
Data Usage:                       test
Number of Epochs:                 5
Population Size:                  25
SAGE Threshold:                   90
Datetime Column:                  Datetime
Filter Column:                    CRAI
Dimensionality Reduction Method:  PaCMAP
Subclustering:                    True
Subcluster Probability Threshold: 0.6

Targets:
    - Acetamiprid
    - Azoxystrobin
    - Boscalid
    - Chlorantraniliprole
    - Difenoconazole
    - Fluopiram
    - Fluxapyroxad
    - Metalaxyl

Metaheuristic Algorithms:
    - SCA
    - HHO

ML Models:
    - BalancedRandomForestCls
    - LGBMModel
    - ExtraTreesModel
    - HistGradientBoostingCls

shap_clustering started at 2025-01-03 18:08:44 and ended at 2025-01-03 18:08:49, executed in 0d 0h 0m 4.8847s (4.8847 seconds)
Global execution started at 2025-01-03 18:08:44 and ended at 2025-01-03 18:08:49, executed in 0d 0h 0m 4.8904s (4.8904 seconds)

Execution Setup Information
------------------------------------------------------
Date and Time:                    2025-01-03 18:10:06
User Name:                        timea_bezdan
Task Type:                        classification
Data Usage:                       test
Number of Epochs:                 5
Population Size:                  25
SAGE Threshold:                   90
Datetime Column:                  Datetime
Filter Column:                    CRAI
Dimensionality Reduction Method:  PaCMAP
Subclustering:                    True
Subcluster Probability Threshold: 0.6

Targets:
    - Acetamiprid
    - Azoxystrobin
    - Boscalid
    - Chlorantraniliprole
    - Difenoconazole
    - Fluopiram
    - Fluxapyroxad
    - Metalaxyl

Metaheuristic Algorithms:
    - SCA
    - HHO

ML Models:
    - BalancedRandomForestCls
    - LGBMModel
    - ExtraTreesModel
    - HistGradientBoostingCls

shap_clustering started at 2025-01-03 18:10:06 and ended at 2025-01-03 18:10:12, executed in 0d 0h 0m 5.3513s (5.3513 seconds)
Global execution started at 2025-01-03 18:10:06 and ended at 2025-01-03 18:10:12, executed in 0d 0h 0m 5.3583s (5.3583 seconds)

Execution Setup Information
------------------------------------------------------
Date and Time:                    2025-01-03 18:10:44
User Name:                        timea_bezdan
Task Type:                        classification
Data Usage:                       test
Number of Epochs:                 5
Population Size:                  25
SAGE Threshold:                   90
Datetime Column:                  Datetime
Filter Column:                    CRAI
Dimensionality Reduction Method:  PaCMAP
Subclustering:                    True
Subcluster Probability Threshold: 0.6

Targets:
    - Acetamiprid
    - Azoxystrobin
    - Boscalid
    - Chlorantraniliprole
    - Difenoconazole
    - Fluopiram
    - Fluxapyroxad
    - Metalaxyl

Metaheuristic Algorithms:
    - SCA
    - HHO

ML Models:
    - BalancedRandomForestCls
    - LGBMModel
    - ExtraTreesModel
    - HistGradientBoostingCls

shap_clustering started at 2025-01-03 18:10:44 and ended at 2025-01-03 18:10:49, executed in 0d 0h 0m 5.0563s (5.0563 seconds)
Global execution started at 2025-01-03 18:10:44 and ended at 2025-01-03 18:10:49, executed in 0d 0h 0m 5.0618s (5.0618 seconds)

Execution Setup Information
------------------------------------------------------
Date and Time:                    2025-01-03 18:13:01
User Name:                        timea_bezdan
Task Type:                        classification
Data Usage:                       test
Number of Epochs:                 5
Population Size:                  25
SAGE Threshold:                   90
Datetime Column:                  Datetime
Filter Column:                    CRAI
Dimensionality Reduction Method:  PaCMAP
Subclustering:                    True
Subcluster Probability Threshold: 0.6

Targets:
    - Acetamiprid
    - Azoxystrobin
    - Boscalid
    - Chlorantraniliprole
    - Difenoconazole
    - Fluopiram
    - Fluxapyroxad
    - Metalaxyl

Metaheuristic Algorithms:
    - SCA
    - HHO

ML Models:
    - BalancedRandomForestCls
    - LGBMModel
    - ExtraTreesModel
    - HistGradientBoostingCls

shap_clustering started at 2025-01-03 18:13:01 and ended at 2025-01-03 18:13:07, executed in 0d 0h 0m 5.8518s (5.8518 seconds)
Global execution started at 2025-01-03 18:13:01 and ended at 2025-01-03 18:13:07, executed in 0d 0h 0m 5.8650s (5.8650 seconds)

Execution Setup Information
------------------------------------------------------
Date and Time:                    2025-01-03 18:14:45
User Name:                        timea_bezdan
Task Type:                        classification
Data Usage:                       test
Number of Epochs:                 5
Population Size:                  25
SAGE Threshold:                   90
Datetime Column:                  Datetime
Filter Column:                    CRAI
Dimensionality Reduction Method:  PaCMAP
Subclustering:                    True
Subcluster Probability Threshold: 0.6

Targets:
    - Acetamiprid
    - Azoxystrobin
    - Boscalid
    - Chlorantraniliprole
    - Difenoconazole
    - Fluopiram
    - Fluxapyroxad
    - Metalaxyl

Metaheuristic Algorithms:
    - SCA
    - HHO

ML Models:
    - BalancedRandomForestCls
    - LGBMModel
    - ExtraTreesModel
    - HistGradientBoostingCls

shap_clustering started at 2025-01-03 18:14:45 and ended at 2025-01-03 18:14:51, executed in 0d 0h 0m 5.8386s (5.8386 seconds)
Global execution started at 2025-01-03 18:14:45 and ended at 2025-01-03 18:14:51, executed in 0d 0h 0m 5.8479s (5.8479 seconds)

Execution Setup Information
------------------------------------------------------
Date and Time:                    2025-01-03 18:17:51
User Name:                        timea_bezdan
Task Type:                        classification
Data Usage:                       test
Number of Epochs:                 5
Population Size:                  25
SAGE Threshold:                   90
Datetime Column:                  Datetime
Filter Column:                    CRAI
Dimensionality Reduction Method:  PaCMAP
Subclustering:                    True
Subcluster Probability Threshold: 0.6

Targets:
    - Acetamiprid
    - Azoxystrobin
    - Boscalid
    - Chlorantraniliprole
    - Difenoconazole
    - Fluopiram
    - Fluxapyroxad
    - Metalaxyl

Metaheuristic Algorithms:
    - SCA
    - HHO

ML Models:
    - BalancedRandomForestCls
    - LGBMModel
    - ExtraTreesModel
    - HistGradientBoostingCls

shap_clustering started at 2025-01-03 18:17:51 and ended at 2025-01-03 18:17:56, executed in 0d 0h 0m 4.9771s (4.9771 seconds)
Global execution started at 2025-01-03 18:17:51 and ended at 2025-01-03 18:17:56, executed in 0d 0h 0m 4.9861s (4.9861 seconds)

Execution Setup Information
------------------------------------------------------
Date and Time:                    2025-01-03 18:18:51
User Name:                        timea_bezdan
Task Type:                        classification
Data Usage:                       test
Number of Epochs:                 5
Population Size:                  25
SAGE Threshold:                   90
Datetime Column:                  Datetime
Filter Column:                    CRAI
Dimensionality Reduction Method:  PaCMAP
Subclustering:                    True
Subcluster Probability Threshold: 0.6

Targets:
    - Acetamiprid
    - Azoxystrobin
    - Boscalid
    - Chlorantraniliprole
    - Difenoconazole
    - Fluopiram
    - Fluxapyroxad
    - Metalaxyl

Metaheuristic Algorithms:
    - SCA
    - HHO

ML Models:
    - BalancedRandomForestCls
    - LGBMModel
    - ExtraTreesModel
    - HistGradientBoostingCls

shap_clustering started at 2025-01-03 18:18:51 and ended at 2025-01-03 18:18:56, executed in 0d 0h 0m 5.3432s (5.3432 seconds)
Global execution started at 2025-01-03 18:18:51 and ended at 2025-01-03 18:18:56, executed in 0d 0h 0m 5.3550s (5.3550 seconds)

Execution Setup Information
------------------------------------------------------
Date and Time:                    2025-01-03 18:26:59
User Name:                        timea_bezdan
Task Type:                        classification
Data Usage:                       test
Number of Epochs:                 5
Population Size:                  25
SAGE Threshold:                   90
Datetime Column:                  Datetime
Filter Column:                    CRAI
Dimensionality Reduction Method:  PaCMAP
Subclustering:                    True
Subcluster Probability Threshold: 0.6

Targets:
    - Acetamiprid
    - Azoxystrobin
    - Boscalid
    - Chlorantraniliprole
    - Difenoconazole
    - Fluopiram
    - Fluxapyroxad
    - Metalaxyl

Metaheuristic Algorithms:
    - SCA
    - HHO

ML Models:
    - BalancedRandomForestCls
    - LGBMModel
    - ExtraTreesModel
    - HistGradientBoostingCls

shap_clustering started at 2025-01-03 18:26:59 and ended at 2025-01-03 18:27:01, executed in 0d 0h 0m 2.3141s (2.3141 seconds)
Global execution started at 2025-01-03 18:26:59 and ended at 2025-01-03 18:27:01, executed in 0d 0h 0m 2.3191s (2.3191 seconds)

Execution Setup Information
------------------------------------------------------
Date and Time:                    2025-01-03 18:32:00
User Name:                        timea_bezdan
Task Type:                        classification
Data Usage:                       test
Number of Epochs:                 5
Population Size:                  25
SAGE Threshold:                   90
Datetime Column:                  Datetime
Filter Column:                    CRAI
Dimensionality Reduction Method:  PaCMAP
Subclustering:                    True
Subcluster Probability Threshold: 0.6

Targets:
    - Acetamiprid
    - Azoxystrobin
    - Boscalid
    - Chlorantraniliprole
    - Difenoconazole
    - Fluopiram
    - Fluxapyroxad
    - Metalaxyl

Metaheuristic Algorithms:
    - SCA
    - HHO

ML Models:
    - BalancedRandomForestCls
    - LGBMModel
    - ExtraTreesModel
    - HistGradientBoostingCls

shap_clustering started at 2025-01-03 18:32:00 and ended at 2025-01-03 18:32:02, executed in 0d 0h 0m 2.3996s (2.3996 seconds)
Global execution started at 2025-01-03 18:32:00 and ended at 2025-01-03 18:32:02, executed in 0d 0h 0m 2.4040s (2.4040 seconds)

Execution Setup Information
------------------------------------------------------
Date and Time:                    2025-01-03 18:38:21
User Name:                        timea_bezdan
Task Type:                        classification
Data Usage:                       test
Number of Epochs:                 5
Population Size:                  25
SAGE Threshold:                   90
Datetime Column:                  Datetime
Filter Column:                    CRAI
Dimensionality Reduction Method:  PaCMAP
Subclustering:                    True
Subcluster Probability Threshold: 0.6

Targets:
    - Acetamiprid
    - Azoxystrobin
    - Boscalid
    - Chlorantraniliprole
    - Difenoconazole
    - Fluopiram
    - Fluxapyroxad
    - Metalaxyl

Metaheuristic Algorithms:
    - SCA
    - HHO

ML Models:
    - BalancedRandomForestCls
    - LGBMModel
    - ExtraTreesModel
    - HistGradientBoostingCls

shap_clustering started at 2025-01-03 18:38:21 and ended at 2025-01-03 18:38:24, executed in 0d 0h 0m 2.6760s (2.6760 seconds)
Global execution started at 2025-01-03 18:38:21 and ended at 2025-01-03 18:38:24, executed in 0d 0h 0m 2.6796s (2.6796 seconds)

Execution Setup Information
------------------------------------------------------
Date and Time:                    2025-01-03 18:43:05
User Name:                        timea_bezdan
Task Type:                        classification
Data Usage:                       test
Number of Epochs:                 5
Population Size:                  25
SAGE Threshold:                   90
Datetime Column:                  Datetime
Filter Column:                    CRAI
Dimensionality Reduction Method:  PaCMAP
Subclustering:                    True
Subcluster Probability Threshold: 0.0

Targets:
    - Acetamiprid
    - Azoxystrobin
    - Boscalid
    - Chlorantraniliprole
    - Difenoconazole
    - Fluopiram
    - Fluxapyroxad
    - Metalaxyl

Metaheuristic Algorithms:
    - SCA
    - HHO

ML Models:
    - BalancedRandomForestCls
    - LGBMModel
    - ExtraTreesModel
    - HistGradientBoostingCls

shap_clustering started at 2025-01-03 18:43:05 and ended at 2025-01-03 18:43:08, executed in 0d 0h 0m 2.7380s (2.7380 seconds)
Global execution started at 2025-01-03 18:43:05 and ended at 2025-01-03 18:43:08, executed in 0d 0h 0m 2.7417s (2.7417 seconds)

Execution Setup Information
------------------------------------------------------
Date and Time:                    2025-01-03 18:43:59
User Name:                        timea_bezdan
Task Type:                        classification
Data Usage:                       test
Number of Epochs:                 5
Population Size:                  25
SAGE Threshold:                   90
Datetime Column:                  Datetime
Filter Column:                    CRAI
Dimensionality Reduction Method:  PaCMAP
Subclustering:                    True
Subcluster Probability Threshold: 0.0

Targets:
    - Acetamiprid
    - Azoxystrobin
    - Boscalid
    - Chlorantraniliprole
    - Difenoconazole
    - Fluopiram
    - Fluxapyroxad
    - Metalaxyl

Metaheuristic Algorithms:
    - SCA
    - HHO

ML Models:
    - BalancedRandomForestCls
    - LGBMModel
    - ExtraTreesModel
    - HistGradientBoostingCls

shap_clustering started at 2025-01-03 18:43:59 and ended at 2025-01-03 18:44:02, executed in 0d 0h 0m 2.8417s (2.8417 seconds)
Global execution started at 2025-01-03 18:43:59 and ended at 2025-01-03 18:44:02, executed in 0d 0h 0m 2.8474s (2.8474 seconds)

Execution Setup Information
------------------------------------------------------
Date and Time:                    2025-01-03 18:46:23
User Name:                        timea_bezdan
Task Type:                        classification
Data Usage:                       test
Number of Epochs:                 5
Population Size:                  25
SAGE Threshold:                   90
Datetime Column:                  Datetime
Filter Column:                    CRAI
Dimensionality Reduction Method:  PaCMAP
Subclustering:                    True
Subcluster Probability Threshold: 0.0

Targets:
    - Acetamiprid
    - Azoxystrobin
    - Boscalid
    - Chlorantraniliprole
    - Difenoconazole
    - Fluopiram
    - Fluxapyroxad
    - Metalaxyl

Metaheuristic Algorithms:
    - SCA
    - HHO

ML Models:
    - BalancedRandomForestCls
    - LGBMModel
    - ExtraTreesModel
    - HistGradientBoostingCls

shap_clustering started at 2025-01-03 18:46:23 and ended at 2025-01-03 18:46:26, executed in 0d 0h 0m 2.5834s (2.5834 seconds)
Global execution started at 2025-01-03 18:46:23 and ended at 2025-01-03 18:46:26, executed in 0d 0h 0m 2.5880s (2.5880 seconds)

Execution Setup Information
------------------------------------------------------
Date and Time:                    2025-01-03 18:50:07
User Name:                        timea_bezdan
Task Type:                        classification
Data Usage:                       test
Number of Epochs:                 5
Population Size:                  25
SAGE Threshold:                   90
Datetime Column:                  Datetime
Filter Column:                    CRAI
Dimensionality Reduction Method:  PaCMAP
Subclustering:                    True
Subcluster Probability Threshold: 0.0

Targets:
    - Acetamiprid
    - Azoxystrobin
    - Boscalid
    - Chlorantraniliprole
    - Difenoconazole
    - Fluopiram
    - Fluxapyroxad
    - Metalaxyl

Metaheuristic Algorithms:
    - SCA
    - HHO

ML Models:
    - BalancedRandomForestCls
    - LGBMModel
    - ExtraTreesModel
    - HistGradientBoostingCls

shap_clustering started at 2025-01-03 18:50:07 and ended at 2025-01-03 18:50:09, executed in 0d 0h 0m 2.5651s (2.5651 seconds)
Global execution started at 2025-01-03 18:50:07 and ended at 2025-01-03 18:50:09, executed in 0d 0h 0m 2.5692s (2.5692 seconds)

Execution Setup Information
------------------------------------------------------
Date and Time:                    2025-01-03 18:50:46
User Name:                        timea_bezdan
Task Type:                        classification
Data Usage:                       test
Number of Epochs:                 5
Population Size:                  25
SAGE Threshold:                   90
Datetime Column:                  Datetime
Filter Column:                    CRAI
Dimensionality Reduction Method:  PaCMAP
Subclustering:                    True
Subcluster Probability Threshold: 0.0

Targets:
    - Acetamiprid
    - Azoxystrobin
    - Boscalid
    - Chlorantraniliprole
    - Difenoconazole
    - Fluopiram
    - Fluxapyroxad
    - Metalaxyl

Metaheuristic Algorithms:
    - SCA
    - HHO

ML Models:
    - BalancedRandomForestCls
    - LGBMModel
    - ExtraTreesModel
    - HistGradientBoostingCls

shap_clustering started at 2025-01-03 18:50:46 and ended at 2025-01-03 18:50:48, executed in 0d 0h 0m 2.2536s (2.2536 seconds)
Global execution started at 2025-01-03 18:50:46 and ended at 2025-01-03 18:50:48, executed in 0d 0h 0m 2.2576s (2.2576 seconds)

Execution Setup Information
------------------------------------------------------
Date and Time:                    2025-01-03 18:51:40
User Name:                        timea_bezdan
Task Type:                        classification
Data Usage:                       test
Number of Epochs:                 5
Population Size:                  25
SAGE Threshold:                   90
Datetime Column:                  Datetime
Filter Column:                    CRAI
Dimensionality Reduction Method:  PaCMAP
Subclustering:                    True
Subcluster Probability Threshold: 0.0

Targets:
    - Acetamiprid
    - Azoxystrobin
    - Boscalid
    - Chlorantraniliprole
    - Difenoconazole
    - Fluopiram
    - Fluxapyroxad
    - Metalaxyl

Metaheuristic Algorithms:
    - SCA
    - HHO

ML Models:
    - BalancedRandomForestCls
    - LGBMModel
    - ExtraTreesModel
    - HistGradientBoostingCls

shap_clustering started at 2025-01-03 18:51:40 and ended at 2025-01-03 18:51:43, executed in 0d 0h 0m 3.0767s (3.0767 seconds)
Global execution started at 2025-01-03 18:51:40 and ended at 2025-01-03 18:51:43, executed in 0d 0h 0m 3.0809s (3.0809 seconds)

Execution Setup Information
------------------------------------------------------
Date and Time:                    2025-01-03 18:55:23
User Name:                        timea_bezdan
Task Type:                        classification
Data Usage:                       test
Number of Epochs:                 5
Population Size:                  25
SAGE Threshold:                   90
Datetime Column:                  Datetime
Filter Column:                    CRAI
Dimensionality Reduction Method:  PaCMAP
Subclustering:                    True
Subcluster Probability Threshold: 0.0

Targets:
    - Acetamiprid
    - Azoxystrobin
    - Boscalid
    - Chlorantraniliprole
    - Difenoconazole
    - Fluopiram
    - Fluxapyroxad
    - Metalaxyl

Metaheuristic Algorithms:
    - SCA
    - HHO

ML Models:
    - BalancedRandomForestCls
    - LGBMModel
    - ExtraTreesModel
    - HistGradientBoostingCls

shap_clustering started at 2025-01-03 18:55:23 and ended at 2025-01-03 18:55:26, executed in 0d 0h 0m 2.8253s (2.8253 seconds)
Global execution started at 2025-01-03 18:55:23 and ended at 2025-01-03 18:55:26, executed in 0d 0h 0m 2.8299s (2.8299 seconds)

Execution Setup Information
------------------------------------------------------
Date and Time:                    2025-01-03 18:56:07
User Name:                        timea_bezdan
Task Type:                        classification
Data Usage:                       test
Number of Epochs:                 5
Population Size:                  25
SAGE Threshold:                   90
Datetime Column:                  Datetime
Filter Column:                    CRAI
Dimensionality Reduction Method:  PaCMAP
Subclustering:                    True
Subcluster Probability Threshold: 0.0

Targets:
    - Acetamiprid
    - Azoxystrobin
    - Boscalid
    - Chlorantraniliprole
    - Difenoconazole
    - Fluopiram
    - Fluxapyroxad
    - Metalaxyl

Metaheuristic Algorithms:
    - SCA
    - HHO

ML Models:
    - BalancedRandomForestCls
    - LGBMModel
    - ExtraTreesModel
    - HistGradientBoostingCls

shap_clustering started at 2025-01-03 18:56:07 and ended at 2025-01-03 18:56:09, executed in 0d 0h 0m 2.4388s (2.4388 seconds)
Global execution started at 2025-01-03 18:56:07 and ended at 2025-01-03 18:56:09, executed in 0d 0h 0m 2.4423s (2.4423 seconds)

Execution Setup Information
------------------------------------------------------
Date and Time:                    2025-01-03 19:02:14
User Name:                        timea_bezdan
Task Type:                        classification
Data Usage:                       test
Number of Epochs:                 5
Population Size:                  25
SAGE Threshold:                   90
Datetime Column:                  Datetime
Filter Column:                    CRAI
Dimensionality Reduction Method:  PaCMAP
Subclustering:                    True
Subcluster Probability Threshold: 0.0

Targets:
    - Acetamiprid
    - Azoxystrobin
    - Boscalid
    - Chlorantraniliprole
    - Difenoconazole
    - Fluopiram
    - Fluxapyroxad
    - Metalaxyl

Metaheuristic Algorithms:
    - SCA
    - HHO

ML Models:
    - BalancedRandomForestCls
    - LGBMModel
    - ExtraTreesModel
    - HistGradientBoostingCls

shap_clustering started at 2025-01-03 19:02:14 and ended at 2025-01-03 19:02:18, executed in 0d 0h 0m 4.2532s (4.2532 seconds)
Global execution started at 2025-01-03 19:02:14 and ended at 2025-01-03 19:02:18, executed in 0d 0h 0m 4.2596s (4.2596 seconds)

Execution Setup Information
------------------------------------------------------
Date and Time:                    2025-01-03 19:03:27
User Name:                        timea_bezdan
Task Type:                        classification
Data Usage:                       test
Number of Epochs:                 5
Population Size:                  25
SAGE Threshold:                   90
Datetime Column:                  Datetime
Filter Column:                    CRAI
Dimensionality Reduction Method:  PaCMAP
Subclustering:                    True
Subcluster Probability Threshold: 0.6

Targets:
    - Acetamiprid
    - Azoxystrobin
    - Boscalid
    - Chlorantraniliprole
    - Difenoconazole
    - Fluopiram
    - Fluxapyroxad
    - Metalaxyl

Metaheuristic Algorithms:
    - SCA
    - HHO

ML Models:
    - BalancedRandomForestCls
    - LGBMModel
    - ExtraTreesModel
    - HistGradientBoostingCls

shap_clustering started at 2025-01-03 19:03:27 and ended at 2025-01-03 19:03:30, executed in 0d 0h 0m 2.4815s (2.4815 seconds)
Global execution started at 2025-01-03 19:03:27 and ended at 2025-01-03 19:03:30, executed in 0d 0h 0m 2.4854s (2.4854 seconds)

Execution Setup Information
------------------------------------------------------
Date and Time:                    2025-01-03 19:10:42
User Name:                        timea_bezdan
Task Type:                        regression
Data Usage:                       test
Number of Epochs:                 5
Population Size:                  25
SAGE Threshold:                   90
Datetime Column:                  Datetime
Filter Column:                    CRAI
Dimensionality Reduction Method:  PaCMAP
Subclustering:                    True
Subcluster Probability Threshold: 0.6

Targets:
    - Acetamiprid
    - Azoxystrobin
    - Boscalid
    - Chlorantraniliprole
    - Difenoconazole
    - Fluopiram
    - Fluxapyroxad
    - Metalaxyl

Metaheuristic Algorithms:
    - SCA
    - HHO

ML Models:
    - AdaBoostModel
    - LGBMModel
    - XGBoostModel
    - ExtraTreesModel
    - GradientBoostingModel
    - HistGradientBoostingModel

shap_clustering started at 2025-01-03 19:10:42 and ended at 2025-01-03 19:10:43, executed in 0d 0h 0m 1.0508s (1.0508 seconds)
Global execution started at 2025-01-03 19:10:42 and ended at 2025-01-03 19:10:43, executed in 0d 0h 0m 1.0547s (1.0547 seconds)

Execution Setup Information
------------------------------------------------------
Date and Time:                    2025-01-03 19:11:18
User Name:                        timea_bezdan
Task Type:                        regression
Data Usage:                       test
Number of Epochs:                 5
Population Size:                  25
SAGE Threshold:                   90
Datetime Column:                  Datetime
Filter Column:                    CRAI
Dimensionality Reduction Method:  PaCMAP
Subclustering:                    True
Subcluster Probability Threshold: 0.6

Targets:
    - Acetamiprid
    - Azoxystrobin
    - Boscalid
    - Chlorantraniliprole
    - Difenoconazole
    - Fluopiram
    - Fluxapyroxad
    - Metalaxyl

Metaheuristic Algorithms:
    - SCA
    - HHO

ML Models:
    - AdaBoostModel
    - LGBMModel
    - XGBoostModel
    - ExtraTreesModel
    - GradientBoostingModel
    - HistGradientBoostingModel

shap_clustering started at 2025-01-03 19:11:18 and ended at 2025-01-03 19:11:19, executed in 0d 0h 0m 1.0191s (1.0191 seconds)
Global execution started at 2025-01-03 19:11:18 and ended at 2025-01-03 19:11:19, executed in 0d 0h 0m 1.0225s (1.0225 seconds)

Execution Setup Information
------------------------------------------------------
Date and Time:                    2025-01-04 11:05:57
User Name:                        timea_bezdan
Task Type:                        regression
Data Usage:                       test
Number of Epochs:                 5
Population Size:                  25
SAGE Threshold:                   90
Datetime Column:                  Datetime
Filter Column:                    CRAI
Dimensionality Reduction Method:  PaCMAP
Subclustering:                    True
Subcluster Probability Threshold: 0.6

Targets:
    - Acetamiprid
    - Azoxystrobin
    - Boscalid
    - Chlorantraniliprole
    - Difenoconazole
    - Fluopiram
    - Fluxapyroxad
    - Metalaxyl

Metaheuristic Algorithms:
    - SCA
    - HHO

ML Models:
    - AdaBoostModel
    - LGBMModel
    - XGBoostModel
    - ExtraTreesModel
    - GradientBoostingModel
    - HistGradientBoostingModel

shap_calculation started at 2025-01-04 11:05:57 and ended at 2025-01-04 11:05:57, executed in 0d 0h 0m 0.0073s (0.0073 seconds)
Global execution started at 2025-01-04 11:05:57 and ended at 2025-01-04 11:05:57, executed in 0d 0h 0m 0.0281s (0.0281 seconds)

Execution Setup Information
------------------------------------------------------
Date and Time:                    2025-01-04 11:07:14
User Name:                        timea_bezdan
Task Type:                        classification
Data Usage:                       test
Number of Epochs:                 5
Population Size:                  25
SAGE Threshold:                   90
Datetime Column:                  Datetime
Filter Column:                    None
Dimensionality Reduction Method:  PaCMAP
Subclustering:                    True
Subcluster Probability Threshold: 0.6

Targets:
    - Acetamiprid
    - Azoxystrobin
    - Boscalid
    - Chlorantraniliprole
    - Difenoconazole
    - Fluopiram
    - Fluxapyroxad
    - Metalaxyl

Metaheuristic Algorithms:
    - SCA
    - HHO

ML Models:
    - BalancedRandomForestCls
    - LGBMModel
    - ExtraTreesModel
    - HistGradientBoostingCls

shap_calculation started at 2025-01-04 11:07:14 and ended at 2025-01-04 11:08:54, executed in 0d 0h 1m 40.0118s (100.0118 seconds)
Global execution started at 2025-01-04 11:07:14 and ended at 2025-01-04 11:08:54, executed in 0d 0h 1m 40.0184s (100.0184 seconds)

Execution Setup Information
------------------------------------------------------
Date and Time:                    2025-01-04 11:10:52
User Name:                        timea_bezdan
Task Type:                        classification
Data Usage:                       test
Number of Epochs:                 5
Population Size:                  25
SAGE Threshold:                   90
Datetime Column:                  Datetime
Filter Column:                    None
Dimensionality Reduction Method:  PaCMAP
Subclustering:                    True
Subcluster Probability Threshold: 0.6

Targets:
    - Acetamiprid
    - Azoxystrobin
    - Boscalid
    - Chlorantraniliprole
    - Difenoconazole
    - Fluopiram
    - Fluxapyroxad
    - Metalaxyl

Metaheuristic Algorithms:
    - SCA
    - HHO

ML Models:
    - BalancedRandomForestCls
    - LGBMModel
    - ExtraTreesModel
    - HistGradientBoostingCls

shap_calculation started at 2025-01-04 11:10:52 and ended at 2025-01-04 11:13:53, executed in 0d 0h 3m 0.7702s (180.7702 seconds)
Global execution started at 2025-01-04 11:10:52 and ended at 2025-01-04 11:13:53, executed in 0d 0h 3m 0.7774s (180.7774 seconds)

Execution Setup Information
------------------------------------------------------
Date and Time:                    2025-01-04 11:15:40
User Name:                        timea_bezdan
Task Type:                        classification
Data Usage:                       test
Number of Epochs:                 5
Population Size:                  25
SAGE Threshold:                   90
Datetime Column:                  Datetime
Filter Column:                    None
Dimensionality Reduction Method:  PaCMAP
Subclustering:                    True
Subcluster Probability Threshold: 0.6

Targets:
    - Acetamiprid
    - Azoxystrobin
    - Boscalid
    - Chlorantraniliprole
    - Difenoconazole
    - Fluopiram
    - Fluxapyroxad
    - Metalaxyl

Metaheuristic Algorithms:
    - SCA
    - HHO

ML Models:
    - BalancedRandomForestCls
    - LGBMModel
    - ExtraTreesModel
    - HistGradientBoostingCls


Execution Setup Information
------------------------------------------------------
Date and Time:                    2025-01-04 11:17:10
User Name:                        timea_bezdan
Task Type:                        classification
Data Usage:                       test
Number of Epochs:                 5
Population Size:                  25
SAGE Threshold:                   90
Datetime Column:                  Datetime
Filter Column:                    None
Dimensionality Reduction Method:  PaCMAP
Subclustering:                    True
Subcluster Probability Threshold: 0.6

Targets:
    - Acetamiprid
    - Azoxystrobin
    - Boscalid
    - Chlorantraniliprole
    - Difenoconazole
    - Fluopiram
    - Fluxapyroxad
    - Metalaxyl

Metaheuristic Algorithms:
    - SCA
    - HHO

ML Models:
    - BalancedRandomForestCls
    - LGBMModel
    - ExtraTreesModel
    - HistGradientBoostingCls


Execution Setup Information
------------------------------------------------------
Date and Time:                    2025-01-04 11:37:08
User Name:                        timea_bezdan
Task Type:                        classification
Data Usage:                       test
Number of Epochs:                 5
Population Size:                  25
SAGE Threshold:                   90
Datetime Column:                  Datetime
Filter Column:                    None
Dimensionality Reduction Method:  PaCMAP
Subclustering:                    True
Subcluster Probability Threshold: 0.6

Targets:
    - Acetamiprid
    - Azoxystrobin
    - Boscalid
    - Chlorantraniliprole
    - Difenoconazole
    - Fluopiram
    - Fluxapyroxad
    - Metalaxyl

Metaheuristic Algorithms:
    - SCA
    - HHO

ML Models:
    - BalancedRandomForestCls
    - LGBMModel
    - ExtraTreesModel
    - HistGradientBoostingCls

shap_calculation started at 2025-01-04 11:37:08 and ended at 2025-01-04 11:38:52, executed in 0d 0h 1m 44.3441s (104.3441 seconds)
Global execution started at 2025-01-04 11:37:08 and ended at 2025-01-04 11:38:52, executed in 0d 0h 1m 44.3501s (104.3501 seconds)

Execution Setup Information
------------------------------------------------------
Date and Time:                    2025-01-04 11:41:04
User Name:                        timea_bezdan
Task Type:                        classification
Data Usage:                       test
Number of Epochs:                 5
Population Size:                  25
SAGE Threshold:                   90
Datetime Column:                  Datetime
Filter Column:                    None
Dimensionality Reduction Method:  PaCMAP
Subclustering:                    True
Subcluster Probability Threshold: 0.6

Targets:
    - Acetamiprid
    - Azoxystrobin
    - Boscalid
    - Chlorantraniliprole
    - Difenoconazole
    - Fluopiram
    - Fluxapyroxad
    - Metalaxyl

Metaheuristic Algorithms:
    - SCA
    - HHO

ML Models:
    - BalancedRandomForestCls
    - LGBMModel
    - ExtraTreesModel
    - HistGradientBoostingCls

shap_interactions started at 2025-01-04 11:41:04 and ended at 2025-01-04 11:41:07, executed in 0d 0h 0m 3.0248s (3.0248 seconds)
Global execution started at 2025-01-04 11:41:04 and ended at 2025-01-04 11:41:07, executed in 0d 0h 0m 3.0311s (3.0311 seconds)

Execution Setup Information
------------------------------------------------------
Date and Time:                    2025-01-04 11:47:00
User Name:                        timea_bezdan
Task Type:                        classification
Data Usage:                       test
Number of Epochs:                 5
Population Size:                  25
SAGE Threshold:                   90
Datetime Column:                  Datetime
Filter Column:                    None
Dimensionality Reduction Method:  PaCMAP
Subclustering:                    True
Subcluster Probability Threshold: 0.6

Targets:
    - Acetamiprid
    - Azoxystrobin
    - Boscalid
    - Chlorantraniliprole
    - Difenoconazole
    - Fluopiram
    - Fluxapyroxad
    - Metalaxyl

Metaheuristic Algorithms:
    - SCA
    - HHO

ML Models:
    - BalancedRandomForestCls
    - LGBMModel
    - ExtraTreesModel
    - HistGradientBoostingCls

shap_interactions started at 2025-01-04 11:47:00 and ended at 2025-01-04 11:47:03, executed in 0d 0h 0m 2.9236s (2.9236 seconds)
Global execution started at 2025-01-04 11:47:00 and ended at 2025-01-04 11:47:03, executed in 0d 0h 0m 2.9315s (2.9315 seconds)

Execution Setup Information
------------------------------------------------------
Date and Time:                    2025-01-04 11:48:11
User Name:                        timea_bezdan
Task Type:                        classification
Data Usage:                       test
Number of Epochs:                 5
Population Size:                  25
SAGE Threshold:                   90
Datetime Column:                  Datetime
Filter Column:                    None
Dimensionality Reduction Method:  PaCMAP
Subclustering:                    True
Subcluster Probability Threshold: 0.6

Targets:
    - Acetamiprid
    - Azoxystrobin
    - Boscalid
    - Chlorantraniliprole
    - Difenoconazole
    - Fluopiram
    - Fluxapyroxad
    - Metalaxyl

Metaheuristic Algorithms:
    - SCA
    - HHO

ML Models:
    - BalancedRandomForestCls
    - LGBMModel
    - ExtraTreesModel
    - HistGradientBoostingCls


Execution Setup Information
------------------------------------------------------
Date and Time:                    2025-01-04 11:48:58
User Name:                        timea_bezdan
Task Type:                        classification
Data Usage:                       test
Number of Epochs:                 5
Population Size:                  25
SAGE Threshold:                   90
Datetime Column:                  Datetime
Filter Column:                    None
Dimensionality Reduction Method:  PaCMAP
Subclustering:                    True
Subcluster Probability Threshold: 0.6

Targets:
    - Acetamiprid
    - Azoxystrobin
    - Boscalid
    - Chlorantraniliprole
    - Difenoconazole
    - Fluopiram
    - Fluxapyroxad
    - Metalaxyl

Metaheuristic Algorithms:
    - SCA
    - HHO

ML Models:
    - BalancedRandomForestCls
    - LGBMModel
    - ExtraTreesModel
    - HistGradientBoostingCls

shap_interactions started at 2025-01-04 11:48:58 and ended at 2025-01-04 11:49:01, executed in 0d 0h 0m 3.0107s (3.0107 seconds)
Global execution started at 2025-01-04 11:48:58 and ended at 2025-01-04 11:49:01, executed in 0d 0h 0m 3.0199s (3.0199 seconds)

Execution Setup Information
------------------------------------------------------
Date and Time:                    2025-01-04 11:50:38
User Name:                        timea_bezdan
Task Type:                        classification
Data Usage:                       test
Number of Epochs:                 5
Population Size:                  25
SAGE Threshold:                   90
Datetime Column:                  Datetime
Filter Column:                    None
Dimensionality Reduction Method:  PaCMAP
Subclustering:                    True
Subcluster Probability Threshold: 0.6

Targets:
    - Acetamiprid
    - Azoxystrobin
    - Boscalid
    - Chlorantraniliprole
    - Difenoconazole
    - Fluopiram
    - Fluxapyroxad
    - Metalaxyl

Metaheuristic Algorithms:
    - SCA
    - HHO

ML Models:
    - BalancedRandomForestCls
    - LGBMModel
    - ExtraTreesModel
    - HistGradientBoostingCls

shap_interactions started at 2025-01-04 11:50:38 and ended at 2025-01-04 11:50:41, executed in 0d 0h 0m 2.8681s (2.8681 seconds)
Global execution started at 2025-01-04 11:50:38 and ended at 2025-01-04 11:50:41, executed in 0d 0h 0m 2.8745s (2.8745 seconds)

Execution Setup Information
------------------------------------------------------
Date and Time:                    2025-01-04 11:51:47
User Name:                        timea_bezdan
Task Type:                        classification
Data Usage:                       test
Number of Epochs:                 5
Population Size:                  25
SAGE Threshold:                   90
Datetime Column:                  Datetime
Filter Column:                    None
Dimensionality Reduction Method:  PaCMAP
Subclustering:                    True
Subcluster Probability Threshold: 0.6

Targets:
    - Acetamiprid
    - Azoxystrobin
    - Boscalid
    - Chlorantraniliprole
    - Difenoconazole
    - Fluopiram
    - Fluxapyroxad
    - Metalaxyl

Metaheuristic Algorithms:
    - SCA
    - HHO

ML Models:
    - BalancedRandomForestCls
    - LGBMModel
    - ExtraTreesModel
    - HistGradientBoostingCls


Execution Setup Information
------------------------------------------------------
Date and Time:                    2025-01-04 13:14:43
User Name:                        timea_bezdan
Task Type:                        classification
Data Usage:                       test
Number of Epochs:                 5
Population Size:                  25
SAGE Threshold:                   90
Datetime Column:                  Datetime
Filter Column:                    None
Dimensionality Reduction Method:  PaCMAP
Subclustering:                    True
Subcluster Probability Threshold: 0.6

Targets:
    - Acetamiprid
    - Azoxystrobin
    - Boscalid
    - Chlorantraniliprole
    - Difenoconazole
    - Fluopiram
    - Fluxapyroxad
    - Metalaxyl

Metaheuristic Algorithms:
    - SCA
    - HHO

ML Models:
    - BalancedRandomForestCls
    - LGBMModel
    - ExtraTreesModel
    - HistGradientBoostingCls

shap_calculation started at 2025-01-04 13:14:43 and ended at 2025-01-04 13:15:11, executed in 0d 0h 0m 27.7376s (27.7376 seconds)
Global execution started at 2025-01-04 13:14:43 and ended at 2025-01-04 13:15:11, executed in 0d 0h 0m 27.7534s (27.7534 seconds)

Execution Setup Information
------------------------------------------------------
Date and Time:                    2025-01-04 13:16:00
User Name:                        timea_bezdan
Task Type:                        classification
Data Usage:                       test
Number of Epochs:                 5
Population Size:                  25
SAGE Threshold:                   90
Datetime Column:                  Datetime
Filter Column:                    None
Dimensionality Reduction Method:  PaCMAP
Subclustering:                    True
Subcluster Probability Threshold: 0.6

Targets:
    - Acetamiprid
    - Azoxystrobin
    - Boscalid
    - Chlorantraniliprole
    - Difenoconazole
    - Fluopiram
    - Fluxapyroxad
    - Metalaxyl

Metaheuristic Algorithms:
    - SCA
    - HHO

ML Models:
    - BalancedRandomForestCls
    - LGBMModel
    - ExtraTreesModel
    - HistGradientBoostingCls

shap_interactions started at 2025-01-04 13:16:00 and ended at 2025-01-04 14:28:34, executed in 0d 1h 12m 34.4757s (4354.4757 seconds)
Global execution started at 2025-01-04 13:16:00 and ended at 2025-01-04 14:28:34, executed in 0d 1h 12m 34.4843s (4354.4843 seconds)

Execution Setup Information
------------------------------------------------------
Date and Time:                    2025-01-04 16:06:34
User Name:                        timea_bezdan
Task Type:                        regression
Data Usage:                       test
Number of Epochs:                 5
Population Size:                  25
SAGE Threshold:                   90
Datetime Column:                  Datetime
Filter Column:                    CRAI
Dimensionality Reduction Method:  PaCMAP
Subclustering:                    True
Subcluster Probability Threshold: 0.6

Targets:
    - Acetamiprid
    - Azoxystrobin
    - Boscalid
    - Chlorantraniliprole
    - Difenoconazole
    - Fluopiram
    - Fluxapyroxad
    - Metalaxyl

Metaheuristic Algorithms:
    - SCA
    - HHO

ML Models:
    - AdaBoostModel
    - LGBMModel
    - XGBoostModel
    - ExtraTreesModel
    - GradientBoostingModel
    - HistGradientBoostingModel

shap_calculation started at 2025-01-04 16:06:34 and ended at 2025-01-04 16:06:34, executed in 0d 0h 0m 0.0054s (0.0054 seconds)
shap_interactions started at 2025-01-04 16:06:34 and ended at 2025-01-04 16:06:34, executed in 0d 0h 0m 0.0033s (0.0033 seconds)
Global execution started at 2025-01-04 16:06:34 and ended at 2025-01-04 16:06:34, executed in 0d 0h 0m 0.0163s (0.0163 seconds)

Execution Setup Information
------------------------------------------------------
Date and Time:                    2025-01-04 16:07:05
User Name:                        timea_bezdan
Task Type:                        regression
Data Usage:                       test
Number of Epochs:                 5
Population Size:                  25
SAGE Threshold:                   90
Datetime Column:                  Datetime
Filter Column:                    CRAI
Dimensionality Reduction Method:  PaCMAP
Subclustering:                    True
Subcluster Probability Threshold: 0.6

Targets:
    - Acetamiprid
    - Azoxystrobin
    - Boscalid
    - Chlorantraniliprole
    - Difenoconazole
    - Fluopiram
    - Fluxapyroxad
    - Metalaxyl

Metaheuristic Algorithms:
    - SCA
    - HHO

ML Models:
    - AdaBoostModel
    - LGBMModel
    - XGBoostModel
    - ExtraTreesModel
    - GradientBoostingModel
    - HistGradientBoostingModel

shap_calculation started at 2025-01-04 16:07:05 and ended at 2025-01-04 16:08:48, executed in 0d 0h 1m 42.3813s (102.3813 seconds)

Execution Setup Information
------------------------------------------------------
Date and Time:                    2025-01-04 16:24:44
User Name:                        timea_bezdan
Task Type:                        regression
Data Usage:                       test
Number of Epochs:                 5
Population Size:                  25
SAGE Threshold:                   90
Datetime Column:                  Datetime
Filter Column:                    CRAI
Dimensionality Reduction Method:  PaCMAP
Subclustering:                    True
Subcluster Probability Threshold: 0.6

Targets:
    - Acetamiprid
    - Azoxystrobin
    - Boscalid
    - Chlorantraniliprole
    - Difenoconazole
    - Fluopiram
    - Fluxapyroxad
    - Metalaxyl

Metaheuristic Algorithms:
    - SCA
    - HHO

ML Models:
    - AdaBoostModel
    - LGBMModel
    - XGBoostModel
    - ExtraTreesModel
    - GradientBoostingModel
    - HistGradientBoostingModel


Execution Setup Information
------------------------------------------------------
Date and Time:                    2025-01-04 16:28:06
User Name:                        timea_bezdan
Task Type:                        regression
Data Usage:                       test
Number of Epochs:                 5
Population Size:                  25
SAGE Threshold:                   90
Datetime Column:                  Datetime
Filter Column:                    CRAI
Dimensionality Reduction Method:  PaCMAP
Subclustering:                    True
Subcluster Probability Threshold: 0.6

Targets:
    - Acetamiprid
    - Azoxystrobin
    - Boscalid
    - Chlorantraniliprole
    - Difenoconazole
    - Fluopiram
    - Fluxapyroxad
    - Metalaxyl

Metaheuristic Algorithms:
    - SCA
    - HHO

ML Models:
    - AdaBoostModel
    - LGBMModel
    - XGBoostModel
    - ExtraTreesModel
    - GradientBoostingModel
    - HistGradientBoostingModel

shap_calculation started at 2025-01-04 16:28:06 and ended at 2025-01-04 16:30:35, executed in 0d 0h 2m 28.8280s (148.8280 seconds)

Execution Setup Information
------------------------------------------------------
Date and Time:                    2025-01-04 16:33:38
User Name:                        timea_bezdan
Task Type:                        regression
Data Usage:                       test
Number of Epochs:                 5
Population Size:                  25
SAGE Threshold:                   90
Datetime Column:                  Datetime
Filter Column:                    CRAI
Dimensionality Reduction Method:  PaCMAP
Subclustering:                    True
Subcluster Probability Threshold: 0.6

Targets:
    - Acetamiprid
    - Azoxystrobin
    - Boscalid
    - Chlorantraniliprole
    - Difenoconazole
    - Fluopiram
    - Fluxapyroxad
    - Metalaxyl

Metaheuristic Algorithms:
    - SCA
    - HHO

ML Models:
    - AdaBoostModel
    - LGBMModel
    - XGBoostModel
    - ExtraTreesModel
    - GradientBoostingModel
    - HistGradientBoostingModel

shap_calculation started at 2025-01-04 16:33:38 and ended at 2025-01-04 16:35:31, executed in 0d 0h 1m 52.7154s (112.7154 seconds)
shap_interactions started at 2025-01-04 16:35:31 and ended at 2025-01-04 20:34:21, executed in 0d 3h 58m 50.2580s (14330.2580 seconds)
Global execution started at 2025-01-04 16:33:38 and ended at 2025-01-04 20:34:21, executed in 0d 4h 0m 42.9829s (14442.9829 seconds)

Execution Setup Information
------------------------------------------------------
Date and Time:                    2025-01-09 20:07:29
User Name:                        timea_bezdan
Task Type:                        regression
Data Usage:                       test
Number of Epochs:                 5
Population Size:                  25
SAGE Threshold:                   90
Datetime Column:                  Datetime
Filter Column:                    CRAI
Dimensionality Reduction Method:  PaCMAP
Subclustering:                    True
Subcluster Probability Threshold: 0.6

Targets:
    - Acetamiprid
    - Azoxystrobin
    - Boscalid
    - Chlorantraniliprole
    - Difenoconazole
    - Fluopiram
    - Fluxapyroxad
    - Metalaxyl

Metaheuristic Algorithms:
    - SCA
    - HHO

ML Models:
    - AdaBoostModel
    - LGBMModel
    - XGBoostModel
    - ExtraTreesModel
    - GradientBoostingModel
    - HistGradientBoostingModel

shap_calculation started at 2025-01-09 20:07:29 and ended at 2025-01-09 20:13:12, executed in 0d 0h 5m 42.9570s (342.9570 seconds)
shap_interactions started at 2025-01-09 20:13:12 and ended at 2025-01-09 20:13:20, executed in 0d 0h 0m 8.0187s (8.0187 seconds)
Global execution started at 2025-01-09 20:07:29 and ended at 2025-01-09 20:13:20, executed in 0d 0h 5m 51.0123s (351.0123 seconds)
