2025-01-16 15:53:20,969 - utils.train_and_optimize - INFO - File: covid
2025-01-16 15:53:21,100 - utils.train_and_optimize - INFO - -------Target: PM2_5_Aerosol_PM2_5_6001-------
2025-01-16 15:53:21,104 - utils.train_and_optimize - INFO - ----------ML model evaluation----------
2025-01-16 15:53:21,105 - utils.train_and_optimize - INFO - 

Evaluating: AdaBoostModel CV
2025-01-16 15:53:26,533 - utils.train_and_optimize - INFO - 

Evaluating: LGBMModel CV
2025-01-16 15:53:27,252 - utils.train_and_optimize - INFO - 

Evaluating: XGBoostModel CV
2025-01-16 15:53:28,589 - utils.train_and_optimize - INFO - 

Evaluating: ExtraTreesModel CV
2025-01-16 15:53:58,291 - utils.train_and_optimize - INFO - 

Evaluating: GradientBoostingModel CV
2025-01-16 15:54:26,219 - utils.train_and_optimize - INFO - 

Evaluating: HistGradientBoostingModel CV
2025-01-16 15:54:38,688 - utils.train_and_optimize - INFO - Top models:
       ml_model     r2
ExtraTreesModel 0.9558
   XGBoostModel 0.9402
      LGBMModel 0.9372
2025-01-16 15:54:38,691 - utils.train_and_optimize - INFO - -------------Optimization-------------
2025-01-16 15:54:38,691 - utils.train_and_optimize - INFO - Optimizing: ExtraTreesModel CV
2025-01-16 15:54:38,691 - optimization.optimization_problem - INFO - Initializing BaseOptimizerProblem with cross-validation
2025-01-16 16:28:02,812 - optimization.optimizer - INFO - Model: ExtraTreesModel, Dataset: covid, Best MSE: 1.89353328180099
2025-01-16 16:31:31,128 - utils.train_and_optimize - INFO - Optimized ExtraTreesModel CV by SCA
2025-01-16 16:32:14,870 - utils.train_and_optimize - INFO - Optimized ExtraTreesModel by SCA
2025-01-16 16:32:15,588 - utils.train_and_optimize - INFO - Optimizing: XGBoostModel CV
2025-01-16 16:32:15,589 - optimization.optimization_problem - INFO - Initializing BaseOptimizerProblem with cross-validation
2025-01-16 16:49:30,066 - optimization.optimizer - INFO - Model: XGBoostModel, Dataset: covid, Best MSE: 2.26854998170087
2025-01-16 16:49:47,303 - utils.train_and_optimize - INFO - Optimized XGBoostModel CV by SCA
2025-01-16 16:49:51,324 - utils.train_and_optimize - INFO - Optimized XGBoostModel by SCA
2025-01-16 16:49:51,353 - utils.train_and_optimize - INFO - Optimizing: LGBMModel CV
2025-01-16 16:49:51,354 - optimization.optimization_problem - INFO - Initializing BaseOptimizerProblem with cross-validation
2025-01-16 21:00:04,110 - optimization.optimizer - INFO - Model: LGBMModel, Dataset: covid, Best MSE: 1.943440183273453
2025-01-16 21:00:25,332 - utils.train_and_optimize - INFO - Optimized LGBMModel CV by SCA
2025-01-16 21:00:29,897 - utils.train_and_optimize - INFO - Optimized LGBMModel by SCA
2025-01-16 21:00:30,049 - utils.train_and_optimize - INFO -     iteration    g_best       runtime         ml_model metaheuristic filename filter_column filter_value                    target
0           1  1.922325    232.064053  ExtraTreesModel           SCA    covid          None         None  PM2_5_Aerosol_PM2_5_6001
1           2  1.922325    243.547650  ExtraTreesModel           SCA    covid          None         None  PM2_5_Aerosol_PM2_5_6001
2           3  1.905273    452.844642  ExtraTreesModel           SCA    covid          None         None  PM2_5_Aerosol_PM2_5_6001
3           4  1.905273    390.087810  ExtraTreesModel           SCA    covid          None         None  PM2_5_Aerosol_PM2_5_6001
4           5  1.893533    415.755607  ExtraTreesModel           SCA    covid          None         None  PM2_5_Aerosol_PM2_5_6001
5           1  2.282579    156.397634     XGBoostModel           SCA    covid          None         None  PM2_5_Aerosol_PM2_5_6001
6           2  2.282579    163.472407     XGBoostModel           SCA    covid          None         None  PM2_5_Aerosol_PM2_5_6001
7           3  2.268550    163.546051     XGBoostModel           SCA    covid          None         None  PM2_5_Aerosol_PM2_5_6001
8           4  2.268550    176.236877     XGBoostModel           SCA    covid          None         None  PM2_5_Aerosol_PM2_5_6001
9           5  2.268550    264.830574     XGBoostModel           SCA    covid          None         None  PM2_5_Aerosol_PM2_5_6001
10          1  1.983388    717.454815        LGBMModel           SCA    covid          None         None  PM2_5_Aerosol_PM2_5_6001
11          2  1.943440    623.037547        LGBMModel           SCA    covid          None         None  PM2_5_Aerosol_PM2_5_6001
12          3  1.943440    514.368894        LGBMModel           SCA    covid          None         None  PM2_5_Aerosol_PM2_5_6001
13          4  1.943440  11925.392791        LGBMModel           SCA    covid          None         None  PM2_5_Aerosol_PM2_5_6001
14          5  1.943440    460.984682        LGBMModel           SCA    covid          None         None  PM2_5_Aerosol_PM2_5_6001
2025-01-16 21:00:30,086 - utils.train_and_optimize - INFO - JSON options file saved for covid
2025-01-16 21:00:30,165 - utils.best_eval - INFO - Loading model from C:\Users\tbezdan\Desktop\crAIRsis datasets\EU_reg\models\filename_covid_filter_col_None_filter_val_None_target_PM2_5_Aerosol_PM2_5_6001_ml_model_ExtraTreesModel_mh_algo_SCA.joblib
2025-01-16 21:00:30,922 - utils.best_eval - INFO - Loading data from C:\Users\tbezdan\Desktop\crAIRsis datasets\EU_reg\data\datasets\filename_covid_filter_col_None_filter_val_None_target_PM2_5_Aerosol_PM2_5_6001.csv
2025-01-16 21:00:31,154 - utils.best_eval - INFO - filename_covid_filter_col_None_filter_val_None_target_PM2_5_Aerosol_PM2_5_6001_ml_model_ExtraTreesModel_mh_algo_SCA
2025-01-16 21:00:31,156 - utils.best_eval - INFO - R2 score difference: -0.0211
2025-01-16 21:00:31,224 - xai.shap_analysis - INFO - Processing model 1/1: Start
2025-01-16 21:00:31,225 - xai.shap_analysis - INFO - Loading data and model for filename_covid_filter_col_None_filter_val_None_target_PM2_5_Aerosol_PM2_5_6001_ml_model_ExtraTreesModel_mh_algo_SCA
2025-01-16 21:00:31,879 - xai.shap_analysis - INFO - Initializing SHAP explainer
2025-01-16 21:07:55,070 - xai.shap_analysis - INFO - Performing local SHAP analysis for regression
2025-01-16 21:07:55,259 - xai.shap_analysis - INFO - Processing model 1/1: Completed

2025-01-16 23:17:22,411 - utils.train_and_optimize - INFO - File: covid
2025-01-16 23:17:22,534 - utils.train_and_optimize - INFO - -------Target: PM2_5_Aerosol_PM2_5_6001-------
2025-01-16 23:17:22,538 - utils.train_and_optimize - INFO - ----------ML model evaluation----------
2025-01-16 23:17:22,539 - utils.train_and_optimize - INFO - 

Evaluating: AdaBoostModel CV
2025-01-16 23:17:28,161 - utils.train_and_optimize - INFO - 

Evaluating: LGBMModel CV
2025-01-16 23:17:29,059 - utils.train_and_optimize - INFO - 

Evaluating: XGBoostModel CV
2025-01-16 23:17:30,386 - utils.train_and_optimize - INFO - 

Evaluating: ExtraTreesModel CV
2025-01-16 23:18:19,463 - utils.train_and_optimize - INFO - File: covid
2025-01-16 23:18:19,578 - utils.train_and_optimize - INFO - -------Target: PM2_5_Aerosol_PM2_5_6001-------
2025-01-16 23:18:19,580 - utils.train_and_optimize - INFO - ----------ML model evaluation----------
2025-01-16 23:18:19,581 - utils.train_and_optimize - INFO - 

Evaluating: AdaBoostModel CV
2025-01-16 23:18:24,927 - utils.train_and_optimize - INFO - 

Evaluating: LGBMModel CV
2025-01-16 23:18:57,124 - xai.shap_analysis - INFO - Processing model 1/1: Start
2025-01-16 23:18:57,124 - xai.shap_analysis - INFO - Loading data and model for filename_covid_filter_col_None_filter_val_None_target_PM2_5_Aerosol_PM2_5_6001_ml_model_ExtraTreesModel_mh_algo_SCA
2025-01-16 23:18:57,556 - xai.shap_analysis - INFO - Initializing SHAP explainer
2025-01-16 23:18:57,742 - xai.shap_analysis - INFO - Calculating SHAP interaction values
2025-01-18 00:11:54,651 - xai.shap_analysis - INFO - Processing model 1/1: Start
2025-01-18 00:11:54,653 - xai.shap_analysis - INFO - Loading data and model for filename_covid_filter_col_None_filter_val_None_target_PM2_5_Aerosol_PM2_5_6001_ml_model_ExtraTreesModel_mh_algo_SCA
2025-01-18 00:11:57,805 - xai.shap_analysis - INFO - Initializing SHAP explainer
2025-01-18 00:59:28,562 - xai.shap_analysis - INFO - Performing local SHAP analysis for regression
2025-01-18 00:59:29,791 - xai.shap_analysis - INFO - Processing model 1/1: Completed

2025-01-18 00:59:30,058 - xai.shap_analysis - INFO - Processing model 1/1: Start
2025-01-18 00:59:30,062 - xai.shap_analysis - INFO - Loading data and model for filename_covid_filter_col_None_filter_val_None_target_PM2_5_Aerosol_PM2_5_6001_ml_model_ExtraTreesModel_mh_algo_SCA
2025-01-18 00:59:33,247 - xai.shap_analysis - INFO - Initializing SHAP explainer
2025-01-18 00:59:34,319 - xai.shap_analysis - INFO - Calculating SHAP interaction values
2025-01-19 21:42:16,378 - xai.shap_analysis - INFO - Analyzing main effects and interactions - regression
2025-01-19 21:42:21,226 - xai.shap_analysis - ERROR - Error processing model 1: [Errno 2] No such file or directory: 'C:\\Users\\tbezdan\\Desktop\\crAIRsis datasets\\EU_reg\\data\\interactions\\fi\\filename_covid_filter_col_None_filter_val_None_target_PM2_5_Aerosol_PM2_5_6001_ml_model_ExtraTreesModel_mh_algo_SCA_interactions_feature_Retail_and_recreation_percent_change_from_baseline.csv'
Traceback (most recent call last):
  File "c:\Users\tbezdan\crairsis-framework\src\xai\shap_analysis.py", line 274, in perform_shap_interactions_analysis
    main_effect(
  File "c:\Users\tbezdan\crairsis-framework\src\xai\shap_analysis.py", line 439, in main_effect
    interactions.to_csv(interaction_file_path, index=False)
  File "C:\Users\tbezdan\anaconda3\envs\crairsis\lib\site-packages\pandas\util\_decorators.py", line 211, in wrapper
    return func(*args, **kwargs)
  File "C:\Users\tbezdan\anaconda3\envs\crairsis\lib\site-packages\pandas\core\generic.py", line 3720, in to_csv
    return DataFrameRenderer(formatter).to_csv(
  File "C:\Users\tbezdan\anaconda3\envs\crairsis\lib\site-packages\pandas\util\_decorators.py", line 211, in wrapper
    return func(*args, **kwargs)
  File "C:\Users\tbezdan\anaconda3\envs\crairsis\lib\site-packages\pandas\io\formats\format.py", line 1189, in to_csv
    csv_formatter.save()
  File "C:\Users\tbezdan\anaconda3\envs\crairsis\lib\site-packages\pandas\io\formats\csvs.py", line 241, in save
    with get_handle(
  File "C:\Users\tbezdan\anaconda3\envs\crairsis\lib\site-packages\pandas\io\common.py", line 856, in get_handle
    handle = open(
FileNotFoundError: [Errno 2] No such file or directory: 'C:\\Users\\tbezdan\\Desktop\\crAIRsis datasets\\EU_reg\\data\\interactions\\fi\\filename_covid_filter_col_None_filter_val_None_target_PM2_5_Aerosol_PM2_5_6001_ml_model_ExtraTreesModel_mh_algo_SCA_interactions_feature_Retail_and_recreation_percent_change_from_baseline.csv'
2025-01-19 21:42:21,585 - xai.shap_clustering - INFO - Starting SHAP clustering process.
2025-01-19 21:42:21,588 - xai.shap_clustering - INFO - Processing file: filename_covid_filter_col_None_filter_val_None_target_PM2_5_Aerosol_PM2_5_6001_ml_model_ExtraTreesModel_mh_algo_SCA _impacts_local.csv
2025-01-19 21:42:21,624 - xai.shap_clustering - INFO - Performing clustering for general data.
2025-01-19 21:42:21,642 - xai.shap_clustering - INFO - Dimensionality reduction method: PaCMAP
2025-01-19 21:42:23,187 - xai.shap_clustering - INFO - Starting subclustering process. Task type: regression
2025-01-19 21:42:23,187 - xai.shap_clustering - INFO - Found 11 unique clusters: [-1  0  1  2  3  4  5  6  7  8  9]
2025-01-19 21:42:23,188 - xai.shap_clustering - INFO - Skipping noise points for cluster -1.
2025-01-19 21:42:23,188 - xai.shap_clustering - INFO - Processing parent cluster 0.
2025-01-19 21:42:23,189 - xai.shap_clustering - INFO - Cluster 0: Points after probability threshold filter: 50
2025-01-19 21:42:23,191 - xai.shap_clustering - INFO - Parent cluster 0: Found 4 subclusters.
2025-01-19 21:42:23,202 - xai.shap_clustering - INFO - Processing parent cluster 1.
2025-01-19 21:42:23,204 - xai.shap_clustering - INFO - Cluster 1: Points after probability threshold filter: 18
2025-01-19 21:42:23,206 - xai.shap_clustering - INFO - Parent cluster 1: Found 1 subclusters.
2025-01-19 21:42:23,210 - xai.shap_clustering - INFO - Processing parent cluster 2.
2025-01-19 21:42:23,210 - xai.shap_clustering - INFO - Cluster 2: Points after probability threshold filter: 21
2025-01-19 21:42:23,213 - xai.shap_clustering - INFO - Parent cluster 2: Found 3 subclusters.
2025-01-19 21:42:23,218 - xai.shap_clustering - INFO - Processing parent cluster 3.
2025-01-19 21:42:23,218 - xai.shap_clustering - INFO - Cluster 3: Points after probability threshold filter: 142
2025-01-19 21:42:23,224 - xai.shap_clustering - INFO - Parent cluster 3: Found 5 subclusters.
2025-01-19 21:42:23,232 - xai.shap_clustering - INFO - Processing parent cluster 4.
2025-01-19 21:42:23,233 - xai.shap_clustering - INFO - Cluster 4: Points after probability threshold filter: 45
2025-01-19 21:42:23,236 - xai.shap_clustering - INFO - Parent cluster 4: Found 4 subclusters.
2025-01-19 21:42:23,242 - xai.shap_clustering - INFO - Processing parent cluster 5.
2025-01-19 21:42:23,243 - xai.shap_clustering - INFO - Cluster 5: Points after probability threshold filter: 21
2025-01-19 21:42:23,246 - xai.shap_clustering - INFO - Parent cluster 5: Found 1 subclusters.
2025-01-19 21:42:23,250 - xai.shap_clustering - INFO - Processing parent cluster 6.
2025-01-19 21:42:23,251 - xai.shap_clustering - INFO - Cluster 6: Points after probability threshold filter: 37
2025-01-19 21:42:23,254 - xai.shap_clustering - INFO - Parent cluster 6: Found 3 subclusters.
2025-01-19 21:42:23,260 - xai.shap_clustering - INFO - Processing parent cluster 7.
2025-01-19 21:42:23,261 - xai.shap_clustering - INFO - Cluster 7: Points after probability threshold filter: 24
2025-01-19 21:42:23,263 - xai.shap_clustering - INFO - Parent cluster 7: Found 3 subclusters.
2025-01-19 21:42:23,269 - xai.shap_clustering - INFO - Processing parent cluster 8.
2025-01-19 21:42:23,269 - xai.shap_clustering - INFO - Cluster 8: Points after probability threshold filter: 19
2025-01-19 21:42:23,272 - xai.shap_clustering - INFO - Parent cluster 8: Found 3 subclusters.
2025-01-19 21:42:23,277 - xai.shap_clustering - INFO - Processing parent cluster 9.
2025-01-19 21:42:23,278 - xai.shap_clustering - INFO - Cluster 9: Points after probability threshold filter: 21
2025-01-19 21:42:23,280 - xai.shap_clustering - INFO - Parent cluster 9: Found 1 subclusters.
2025-01-19 21:42:23,284 - xai.shap_clustering - INFO - Subclustering process completed.
2025-01-19 21:42:23,284 - xai.shap_clustering - INFO - Successfully processed file: filename_covid_filter_col_None_filter_val_None_target_PM2_5_Aerosol_PM2_5_6001_ml_model_ExtraTreesModel_mh_algo_SCA _impacts_local.csv
2025-01-19 21:42:23,284 - xai.shap_clustering - INFO - Processing file: filename_covid_filter_col_None_filter_val_None_target_PM2_5_Aerosol_PM2_5_6001_ml_model_ExtraTreesModel_mh_algo_SCA_impacts_local.csv
2025-01-19 21:42:23,318 - xai.shap_clustering - INFO - Performing clustering for general data.
2025-01-19 21:42:23,323 - xai.shap_clustering - INFO - Dimensionality reduction method: PaCMAP
2025-01-19 21:42:24,810 - xai.shap_clustering - INFO - Starting subclustering process. Task type: regression
2025-01-19 21:42:24,810 - xai.shap_clustering - INFO - Found 10 unique clusters: [-1  0  1  2  3  4  5  6  7  8]
2025-01-19 21:42:24,810 - xai.shap_clustering - INFO - Skipping noise points for cluster -1.
2025-01-19 21:42:24,811 - xai.shap_clustering - INFO - Processing parent cluster 0.
2025-01-19 21:42:24,811 - xai.shap_clustering - INFO - Cluster 0: Points after probability threshold filter: 40
2025-01-19 21:42:24,814 - xai.shap_clustering - INFO - Parent cluster 0: Found 2 subclusters.
2025-01-19 21:42:24,822 - xai.shap_clustering - INFO - Processing parent cluster 1.
2025-01-19 21:42:24,823 - xai.shap_clustering - INFO - Cluster 1: Points after probability threshold filter: 121
2025-01-19 21:42:24,827 - xai.shap_clustering - INFO - Parent cluster 1: Found 5 subclusters.
2025-01-19 21:42:24,835 - xai.shap_clustering - INFO - Processing parent cluster 2.
2025-01-19 21:42:24,836 - xai.shap_clustering - INFO - Cluster 2: Points after probability threshold filter: 18
2025-01-19 21:42:24,838 - xai.shap_clustering - INFO - Parent cluster 2: Found 1 subclusters.
2025-01-19 21:42:24,843 - xai.shap_clustering - INFO - Processing parent cluster 3.
2025-01-19 21:42:24,844 - xai.shap_clustering - INFO - Cluster 3: Points after probability threshold filter: 38
2025-01-19 21:42:24,846 - xai.shap_clustering - INFO - Parent cluster 3: Found 2 subclusters.
2025-01-19 21:42:24,853 - xai.shap_clustering - INFO - Processing parent cluster 4.
2025-01-19 21:42:24,854 - xai.shap_clustering - INFO - Cluster 4: Points after probability threshold filter: 28
2025-01-19 21:42:24,856 - xai.shap_clustering - INFO - Parent cluster 4: Found 1 subclusters.
2025-01-19 21:42:24,860 - xai.shap_clustering - INFO - Processing parent cluster 5.
2025-01-19 21:42:24,862 - xai.shap_clustering - INFO - Cluster 5: Points after probability threshold filter: 21
2025-01-19 21:42:24,864 - xai.shap_clustering - INFO - Parent cluster 5: Found 1 subclusters.
2025-01-19 21:42:24,868 - xai.shap_clustering - INFO - Processing parent cluster 6.
2025-01-19 21:42:24,869 - xai.shap_clustering - INFO - Cluster 6: Points after probability threshold filter: 24
2025-01-19 21:42:24,871 - xai.shap_clustering - INFO - Parent cluster 6: Found 3 subclusters.
2025-01-19 21:42:24,878 - xai.shap_clustering - INFO - Processing parent cluster 7.
2025-01-19 21:42:24,878 - xai.shap_clustering - INFO - Cluster 7: Points after probability threshold filter: 35
2025-01-19 21:42:24,882 - xai.shap_clustering - INFO - Parent cluster 7: Found 3 subclusters.
2025-01-19 21:42:24,889 - xai.shap_clustering - INFO - Processing parent cluster 8.
2025-01-19 21:42:24,890 - xai.shap_clustering - INFO - Cluster 8: Points after probability threshold filter: 19
2025-01-19 21:42:24,892 - xai.shap_clustering - INFO - Parent cluster 8: Found 3 subclusters.
2025-01-19 21:42:24,897 - xai.shap_clustering - INFO - Subclustering process completed.
2025-01-19 21:42:24,897 - xai.shap_clustering - INFO - Successfully processed file: filename_covid_filter_col_None_filter_val_None_target_PM2_5_Aerosol_PM2_5_6001_ml_model_ExtraTreesModel_mh_algo_SCA_impacts_local.csv
2025-01-19 21:42:24,898 - xai.shap_clustering - INFO - SHAP clustering process completed.
2025-01-19 21:42:24,915 - xai.sage_analysis - INFO - Starting SAGE analysis...
2025-01-19 21:42:24,915 - xai.sage_analysis - INFO - Analyzing model: ExtraTreesModel with mh_algo: SCA for target: PM2_5_Aerosol_PM2_5_6001, filename: covid, filter value: None
2025-01-19 22:08:01,750 - xai.sage_analysis - INFO - SAGE analysis completed.
2025-01-21 00:08:11,836 - xai.nshap_analysis - INFO - Processing model 1/1: Start
2025-01-21 00:08:11,836 - xai.nshap_analysis - INFO - Loading data and model for filename_covid_filter_col_None_filter_val_None_target_PM2_5_Aerosol_PM2_5_6001_ml_model_ExtraTreesModel_mh_algo_SCA
2025-01-21 00:08:12,423 - xai.nshap_analysis - INFO - Training new model with the most important features from SAGE
2025-01-21 00:08:16,386 - xai.nshap_analysis - INFO - Initializing nSHAP
2025-01-21 00:08:16,387 - xai.nshap_analysis - INFO - Computing n shapley values
2025-01-21 00:09:13,517 - xai.nshap_analysis - INFO - Processing model 1/1: Start
2025-01-21 00:09:13,518 - xai.nshap_analysis - INFO - Loading data and model for filename_covid_filter_col_None_filter_val_None_target_PM2_5_Aerosol_PM2_5_6001_ml_model_ExtraTreesModel_mh_algo_SCA
2025-01-21 00:09:14,042 - xai.nshap_analysis - INFO - Training new model with the most important features from SAGE
2025-01-21 00:09:17,934 - xai.nshap_analysis - INFO - Initializing nSHAP
2025-01-21 00:09:17,935 - xai.nshap_analysis - INFO - Computing n shapley values
2025-01-21 01:28:07,588 - xai.nshap_analysis - INFO - Computing shapley taylor values
2025-01-21 01:30:39,566 - xai.nshap_analysis - INFO - Processing model 1/1: Start
2025-01-21 01:30:39,568 - xai.nshap_analysis - INFO - Loading data and model for filename_covid_filter_col_None_filter_val_None_target_CRAI_ml_model_ExtraTreesModel_mh_algo_SCA
2025-01-21 01:30:39,760 - xai.nshap_analysis - INFO - Training new model with the most important features from SAGE
2025-01-21 01:30:40,889 - xai.nshap_analysis - INFO - Saving predictions for the new model
2025-01-21 01:30:41,029 - xai.nshap_analysis - INFO - Predictions saved to C:\Users\tbezdan\Desktop\crAIRsis datasets\EU_cls\data\nshap\filename_covid_filter_col_None_filter_val_None_target_CRAI_ml_model_ExtraTreesModel_mh_algo_SCA_predictions.csv
2025-01-21 01:30:41,029 - xai.nshap_analysis - INFO - Initializing nSHAP
2025-01-21 01:30:41,030 - xai.nshap_analysis - INFO - Computing n shapley values
2025-01-21 01:31:03,642 - xai.nshap_analysis - INFO - Processing model 1/1: Start
2025-01-21 01:31:03,643 - xai.nshap_analysis - INFO - Loading data and model for filename_covid_filter_col_None_filter_val_None_target_CRAI_ml_model_ExtraTreesModel_mh_algo_SCA
2025-01-21 01:31:03,812 - xai.nshap_analysis - INFO - Training new model with the most important features from SAGE
2025-01-21 01:31:04,973 - xai.nshap_analysis - INFO - Saving predictions for the new model
2025-01-21 01:31:05,107 - xai.nshap_analysis - INFO - Predictions saved to C:\Users\tbezdan\Desktop\crAIRsis datasets\EU_cls\data\nshap\filename_covid_filter_col_None_filter_val_None_target_CRAI_ml_model_ExtraTreesModel_mh_algo_SCA_predictions.csv
2025-01-21 01:31:05,108 - xai.nshap_analysis - INFO - Initializing nSHAP
2025-01-21 01:31:05,108 - xai.nshap_analysis - INFO - Computing n shapley values
2025-01-21 02:06:47,130 - xai.nshap_analysis - INFO - Computing shapley taylor values
2025-01-21 02:39:48,791 - xai.nshap_analysis - INFO - Computing faith shap values
2025-01-21 03:13:03,238 - xai.nshap_analysis - INFO - Computing shapley interaction index values
2025-01-21 03:46:08,834 - xai.nshap_analysis - INFO - Computing banzhaf interaction index values
2025-01-21 04:19:14,338 - xai.nshap_analysis - INFO - Computing faith banzhaf values
2025-01-21 04:52:22,262 - xai.nshap_analysis - INFO - Computing moebius transform values
2025-01-21 05:25:29,927 - xai.nshap_analysis - INFO - nSHAP completed
2025-01-21 05:29:20,498 - xai.nshap_analysis - INFO - Processing model 1/1: Start
2025-01-21 05:29:20,500 - xai.nshap_analysis - INFO - Loading data and model for filename_covid_filter_col_None_filter_val_None_target_PM2_5_Aerosol_PM2_5_6001_ml_model_ExtraTreesModel_mh_algo_SCA
2025-01-21 05:29:20,971 - xai.nshap_analysis - INFO - Training new model with the most important features from SAGE
2025-01-21 05:29:24,086 - xai.nshap_analysis - INFO - Saving predictions for the new model
2025-01-21 05:29:24,218 - xai.nshap_analysis - INFO - Predictions saved to C:\Users\tbezdan\Desktop\crAIRsis datasets\EU_reg\data\nshap\filename_covid_filter_col_None_filter_val_None_target_PM2_5_Aerosol_PM2_5_6001_ml_model_ExtraTreesModel_mh_algo_SCA_predictions.csv
2025-01-21 05:29:24,219 - xai.nshap_analysis - INFO - Initializing nSHAP
2025-01-21 05:29:24,219 - xai.nshap_analysis - INFO - Computing n shapley values
2025-01-21 06:36:14,115 - xai.nshap_analysis - INFO - Computing shapley taylor values
2025-01-21 07:43:10,976 - xai.nshap_analysis - INFO - Computing faith shap values
2025-01-21 08:50:03,798 - xai.nshap_analysis - INFO - Computing shapley interaction index values
2025-01-21 09:59:53,650 - xai.nshap_analysis - INFO - Computing banzhaf interaction index values
2025-01-21 11:07:59,847 - xai.nshap_analysis - INFO - Computing faith banzhaf values
2025-01-21 13:50:55,245 - xai.nshap_analysis - INFO - Computing moebius transform values
2025-01-21 16:10:18,311 - xai.nshap_analysis - INFO - nSHAP completed
2025-01-22 01:36:53,757 - xai.shap_analysis - INFO - Processing model 1/1: Start
2025-01-22 01:36:53,757 - xai.shap_analysis - INFO - Loading data and model for filename_covid_filter_col_None_filter_val_None_target_PM2_5_Aerosol_PM2_5_6001_ml_model_ExtraTreesModel_mh_algo_SCA
2025-01-22 01:36:54,213 - xai.shap_analysis - INFO - Initializing SHAP explainer
2025-01-22 01:36:54,436 - xai.shap_analysis - INFO - Calculating SHAP interaction values
2025-01-22 01:49:59,055 - xai.shap_analysis - INFO - Processing model 1/1: Start
2025-01-22 01:49:59,055 - xai.shap_analysis - INFO - Loading data and model for filename_covid_filter_col_None_filter_val_None_target_PM2_5_Aerosol_PM2_5_6001_ml_model_ExtraTreesModel_mh_algo_SCA
2025-01-22 01:49:59,632 - xai.shap_analysis - INFO - Initializing SHAP explainer
2025-01-22 01:49:59,891 - xai.shap_analysis - INFO - Calculating SHAP interaction values
2025-01-22 01:51:28,802 - xai.shap_analysis - INFO - Processing model 1/1: Start
2025-01-22 01:51:28,803 - xai.shap_analysis - INFO - Loading data and model for filename_covid_filter_col_None_filter_val_None_target_PM2_5_Aerosol_PM2_5_6001_ml_model_ExtraTreesModel_mh_algo_SCA
2025-01-22 01:51:29,333 - xai.shap_analysis - INFO - Initializing SHAP explainer
2025-01-22 01:51:29,543 - xai.shap_analysis - INFO - Calculating SHAP interaction values
2025-01-22 02:04:29,012 - utils.train_and_optimize - INFO - File: ca_housing
2025-01-22 02:04:29,182 - utils.train_and_optimize - INFO - -------Target: target-------
2025-01-22 02:04:29,183 - utils.train_and_optimize - INFO - ----------ML model evaluation----------
2025-01-22 02:04:29,184 - utils.train_and_optimize - INFO - 

Evaluating: AdaBoostModel CV
2025-01-22 02:04:34,172 - utils.train_and_optimize - INFO - 

Evaluating: LGBMModel CV
2025-01-22 02:04:35,006 - utils.train_and_optimize - INFO - 

Evaluating: XGBoostModel CV
2025-01-22 02:04:36,209 - utils.train_and_optimize - INFO - 

Evaluating: ExtraTreesModel CV
2025-01-22 02:05:15,296 - utils.train_and_optimize - INFO - 

Evaluating: GradientBoostingModel CV
2025-01-22 02:05:52,326 - utils.train_and_optimize - INFO - 

Evaluating: HistGradientBoostingModel CV
2025-01-22 02:05:58,039 - utils.train_and_optimize - INFO - Top models:
                 ml_model     r2
                LGBMModel 0.8374
HistGradientBoostingModel 0.8362
             XGBoostModel 0.8348
2025-01-22 02:05:58,041 - utils.train_and_optimize - INFO - -------------Optimization-------------
2025-01-22 02:05:58,041 - utils.train_and_optimize - INFO - Optimizing: LGBMModel CV
2025-01-22 02:05:58,042 - optimization.optimization_problem - INFO - Initializing BaseOptimizerProblem with cross-validation
2025-01-22 02:06:15,092 - utils.train_and_optimize - INFO - File: ca_housing
2025-01-22 02:06:15,279 - utils.train_and_optimize - INFO - -------Target: target-------
2025-01-22 02:06:15,282 - utils.train_and_optimize - INFO - ----------ML model evaluation----------
2025-01-22 02:06:15,282 - utils.train_and_optimize - INFO - 

Evaluating: AdaBoostModel CV
2025-01-22 02:06:20,507 - utils.train_and_optimize - INFO - 

Evaluating: LGBMModel CV
2025-01-22 02:06:21,270 - utils.train_and_optimize - INFO - 

Evaluating: XGBoostModel CV
2025-01-22 02:06:22,462 - utils.train_and_optimize - INFO - 

Evaluating: ExtraTreesModel CV
2025-01-22 02:07:01,347 - utils.train_and_optimize - INFO - 

Evaluating: GradientBoostingModel CV
2025-01-22 02:07:41,834 - utils.train_and_optimize - INFO - 

Evaluating: HistGradientBoostingModel CV
2025-01-22 02:07:55,320 - utils.train_and_optimize - INFO - File: ca_housing
2025-01-22 02:07:55,367 - utils.train_and_optimize - INFO - -------Target: target-------
2025-01-22 02:07:55,370 - utils.train_and_optimize - INFO - ----------ML model evaluation----------
2025-01-22 02:07:55,370 - utils.train_and_optimize - INFO - 

Evaluating: AdaBoostModel CV
2025-01-22 02:07:56,450 - utils.train_and_optimize - INFO - 

Evaluating: LGBMModel CV
2025-01-22 02:07:56,993 - utils.train_and_optimize - INFO - 

Evaluating: XGBoostModel CV
2025-01-22 02:07:57,936 - utils.train_and_optimize - INFO - 

Evaluating: ExtraTreesModel CV
2025-01-22 02:08:03,801 - utils.train_and_optimize - INFO - 

Evaluating: GradientBoostingModel CV
2025-01-22 02:08:09,024 - utils.train_and_optimize - INFO - 

Evaluating: HistGradientBoostingModel CV
2025-01-22 02:08:13,610 - utils.train_and_optimize - INFO - Top models:
                 ml_model     r2
HistGradientBoostingModel 0.8659
          ExtraTreesModel 0.8636
                LGBMModel 0.8635
2025-01-22 02:08:13,612 - utils.train_and_optimize - INFO - -------------Optimization-------------
2025-01-22 02:08:13,613 - utils.train_and_optimize - INFO - Optimizing: HistGradientBoostingModel CV
2025-01-22 02:08:13,613 - optimization.optimization_problem - INFO - Initializing BaseOptimizerProblem with cross-validation
2025-01-22 02:11:11,891 - optimization.optimizer - INFO - Model: HistGradientBoostingModel, Dataset: ca_housing, Best MSE: 0.12273479403141992
2025-01-22 02:11:19,977 - utils.train_and_optimize - INFO - Optimized HistGradientBoostingModel CV by SCA
2025-01-22 02:11:21,649 - utils.train_and_optimize - INFO - Optimized HistGradientBoostingModel by SCA
2025-01-22 02:11:21,751 - utils.train_and_optimize - INFO - Optimizing: ExtraTreesModel CV
2025-01-22 02:11:21,752 - optimization.optimization_problem - INFO - Initializing BaseOptimizerProblem with cross-validation
2025-01-22 02:12:45,365 - optimization.optimizer - INFO - Model: ExtraTreesModel, Dataset: ca_housing, Best MSE: 0.12201290309194879
2025-01-22 02:12:51,356 - utils.train_and_optimize - INFO - Optimized ExtraTreesModel CV by SCA
2025-01-22 02:12:52,598 - utils.train_and_optimize - INFO - Optimized ExtraTreesModel by SCA
2025-01-22 02:12:52,715 - utils.train_and_optimize - INFO - Optimizing: LGBMModel CV
2025-01-22 02:12:52,715 - optimization.optimization_problem - INFO - Initializing BaseOptimizerProblem with cross-validation
2025-01-22 02:19:50,773 - optimization.optimizer - INFO - Model: LGBMModel, Dataset: ca_housing, Best MSE: 0.11274589481865123
2025-01-22 02:20:00,852 - utils.train_and_optimize - INFO - Optimized LGBMModel CV by SCA
2025-01-22 02:20:03,018 - utils.train_and_optimize - INFO - Optimized LGBMModel by SCA
2025-01-22 02:20:03,170 - utils.train_and_optimize - INFO -     iteration    g_best    runtime                   ml_model metaheuristic    filename filter_column filter_value  target
0           1  0.122735  36.578025  HistGradientBoostingModel           SCA  ca_housing          None         None  target
1           2  0.122735  35.547780  HistGradientBoostingModel           SCA  ca_housing          None         None  target
2           3  0.122735  24.296638  HistGradientBoostingModel           SCA  ca_housing          None         None  target
3           4  0.122735  25.952332  HistGradientBoostingModel           SCA  ca_housing          None         None  target
4           5  0.122735  22.455320  HistGradientBoostingModel           SCA  ca_housing          None         None  target
5           1  0.122013  11.083285            ExtraTreesModel           SCA  ca_housing          None         None  target
6           2  0.122013   8.247865            ExtraTreesModel           SCA  ca_housing          None         None  target
7           3  0.122013  17.625579            ExtraTreesModel           SCA  ca_housing          None         None  target
8           4  0.122013  17.424153            ExtraTreesModel           SCA  ca_housing          None         None  target
9           5  0.122013  16.280565            ExtraTreesModel           SCA  ca_housing          None         None  target
10          1  0.112746  69.893128                  LGBMModel           SCA  ca_housing          None         None  target
11          2  0.112746  66.862479                  LGBMModel           SCA  ca_housing          None         None  target
12          3  0.112746  70.378226                  LGBMModel           SCA  ca_housing          None         None  target
13          4  0.112746  83.844439                  LGBMModel           SCA  ca_housing          None         None  target
14          5  0.112746  67.926230                  LGBMModel           SCA  ca_housing          None         None  target
2025-01-22 02:20:03,219 - utils.train_and_optimize - INFO - JSON options file saved for ca_housing
2025-01-22 02:20:03,282 - utils.best_eval - INFO - Loading model from C:\Users\tbezdan\Desktop\crAIRsis datasets\reg_test\models\filename_ca_housing_filter_col_None_filter_val_None_target_target_ml_model_LGBMModel_mh_algo_SCA.joblib
2025-01-22 02:20:03,321 - utils.best_eval - INFO - Loading data from C:\Users\tbezdan\Desktop\crAIRsis datasets\reg_test\data\datasets\filename_ca_housing_filter_col_None_filter_val_None_target_target.csv
2025-01-22 02:20:03,396 - utils.best_eval - INFO - filename_ca_housing_filter_col_None_filter_val_None_target_target_ml_model_LGBMModel_mh_algo_SCA
2025-01-22 02:20:03,398 - utils.best_eval - INFO - R2 score difference: 0.0151
2025-01-22 02:20:03,410 - xai.shap_analysis - INFO - Processing model 1/1: Start
2025-01-22 02:20:03,411 - xai.shap_analysis - INFO - Loading data and model for filename_ca_housing_filter_col_None_filter_val_None_target_target_ml_model_LGBMModel_mh_algo_SCA
2025-01-22 02:20:03,493 - xai.shap_analysis - INFO - Initializing SHAP explainer
2025-01-22 02:20:10,544 - xai.shap_analysis - INFO - Performing local SHAP analysis for regression
2025-01-22 02:20:10,566 - xai.shap_analysis - INFO - Processing model 1/1: Completed

2025-01-22 02:20:10,581 - xai.shap_analysis - INFO - Processing model 1/1: Start
2025-01-22 02:20:10,581 - xai.shap_analysis - INFO - Loading data and model for filename_ca_housing_filter_col_None_filter_val_None_target_target_ml_model_LGBMModel_mh_algo_SCA
2025-01-22 02:20:10,617 - xai.shap_analysis - INFO - Initializing SHAP explainer
2025-01-22 02:20:13,115 - xai.shap_analysis - INFO - Calculating SHAP interaction values
2025-01-22 02:20:52,080 - xai.shap_analysis - INFO - Analyzing main effects and interactions - regression
2025-01-22 02:20:52,080 - xai.shap_analysis - ERROR - Error processing model 1: local variable 'expected_val' referenced before assignment
Traceback (most recent call last):
  File "c:\Users\tbezdan\crairsis-framework\src\xai\shap_analysis.py", line 276, in perform_shap_interactions_analysis
    expected_value=expected_val,
UnboundLocalError: local variable 'expected_val' referenced before assignment
2025-01-22 02:20:52,087 - xai.shap_clustering - INFO - Starting SHAP clustering process.
2025-01-22 02:20:52,088 - xai.shap_clustering - INFO - Processing file: filename_ca_housing_filter_col_None_filter_val_None_target_target_ml_model_LGBMModel_mh_algo_SCA_impacts_local.csv
2025-01-22 02:20:52,106 - xai.shap_clustering - INFO - Performing clustering for general data.
2025-01-22 02:20:52,112 - xai.shap_clustering - INFO - Dimensionality reduction method: PaCMAP
2025-01-22 02:20:53,544 - xai.shap_clustering - INFO - Starting subclustering process. Task type: regression
2025-01-22 02:20:53,545 - xai.shap_clustering - INFO - Found 15 unique clusters: [-1  0  1  2  3  4  5  6  7  8  9 10 11 12 13]
2025-01-22 02:20:53,545 - xai.shap_clustering - INFO - Skipping noise points for cluster -1.
2025-01-22 02:20:53,545 - xai.shap_clustering - INFO - Processing parent cluster 0.
2025-01-22 02:20:53,546 - xai.shap_clustering - INFO - Cluster 0: Points after probability threshold filter: 22
2025-01-22 02:20:53,548 - xai.shap_clustering - INFO - Parent cluster 0: Found 3 subclusters.
2025-01-22 02:20:53,555 - xai.shap_clustering - INFO - Processing parent cluster 1.
2025-01-22 02:20:53,556 - xai.shap_clustering - INFO - Cluster 1: Points after probability threshold filter: 12
2025-01-22 02:20:53,558 - xai.shap_clustering - INFO - Parent cluster 1: Found 1 subclusters.
2025-01-22 02:20:53,563 - xai.shap_clustering - INFO - Processing parent cluster 2.
2025-01-22 02:20:53,564 - xai.shap_clustering - INFO - Cluster 2: Points after probability threshold filter: 22
2025-01-22 02:20:53,566 - xai.shap_clustering - INFO - Parent cluster 2: Found 1 subclusters.
2025-01-22 02:20:53,570 - xai.shap_clustering - INFO - Processing parent cluster 3.
2025-01-22 02:20:53,570 - xai.shap_clustering - INFO - Cluster 3: Points after probability threshold filter: 30
2025-01-22 02:20:53,572 - xai.shap_clustering - INFO - Parent cluster 3: Found 3 subclusters.
2025-01-22 02:20:53,577 - xai.shap_clustering - INFO - Processing parent cluster 4.
2025-01-22 02:20:53,578 - xai.shap_clustering - INFO - Cluster 4: Points after probability threshold filter: 44
2025-01-22 02:20:53,582 - xai.shap_clustering - INFO - Parent cluster 4: Found 2 subclusters.
2025-01-22 02:20:53,588 - xai.shap_clustering - INFO - Processing parent cluster 5.
2025-01-22 02:20:53,589 - xai.shap_clustering - INFO - Cluster 5: Points after probability threshold filter: 15
2025-01-22 02:20:53,590 - xai.shap_clustering - INFO - Parent cluster 5: Found 1 subclusters.
2025-01-22 02:20:53,595 - xai.shap_clustering - INFO - Processing parent cluster 6.
2025-01-22 02:20:53,596 - xai.shap_clustering - INFO - Cluster 6: Points after probability threshold filter: 14
2025-01-22 02:20:53,598 - xai.shap_clustering - INFO - Parent cluster 6: Found 1 subclusters.
2025-01-22 02:20:53,602 - xai.shap_clustering - INFO - Processing parent cluster 7.
2025-01-22 02:20:53,603 - xai.shap_clustering - INFO - Cluster 7: Points after probability threshold filter: 13
2025-01-22 02:20:53,604 - xai.shap_clustering - INFO - Parent cluster 7: Found 1 subclusters.
2025-01-22 02:20:53,609 - xai.shap_clustering - INFO - Processing parent cluster 8.
2025-01-22 02:20:53,611 - xai.shap_clustering - INFO - Cluster 8: Points after probability threshold filter: 14
2025-01-22 02:20:53,613 - xai.shap_clustering - INFO - Parent cluster 8: Found 1 subclusters.
2025-01-22 02:20:53,617 - xai.shap_clustering - INFO - Processing parent cluster 9.
2025-01-22 02:20:53,618 - xai.shap_clustering - INFO - Cluster 9: Points after probability threshold filter: 23
2025-01-22 02:20:53,620 - xai.shap_clustering - INFO - Parent cluster 9: Found 3 subclusters.
2025-01-22 02:20:53,625 - xai.shap_clustering - INFO - Processing parent cluster 10.
2025-01-22 02:20:53,626 - xai.shap_clustering - INFO - Cluster 10: Points after probability threshold filter: 15
2025-01-22 02:20:53,628 - xai.shap_clustering - INFO - Parent cluster 10: Found 1 subclusters.
2025-01-22 02:20:53,634 - xai.shap_clustering - INFO - Processing parent cluster 11.
2025-01-22 02:20:53,635 - xai.shap_clustering - INFO - Cluster 11: Points after probability threshold filter: 30
2025-01-22 02:20:53,637 - xai.shap_clustering - INFO - Parent cluster 11: Found 2 subclusters.
2025-01-22 02:20:53,642 - xai.shap_clustering - INFO - Processing parent cluster 12.
2025-01-22 02:20:53,643 - xai.shap_clustering - INFO - Cluster 12: Points after probability threshold filter: 12
2025-01-22 02:20:53,645 - xai.shap_clustering - INFO - Parent cluster 12: Found 1 subclusters.
2025-01-22 02:20:53,650 - xai.shap_clustering - INFO - Processing parent cluster 13.
2025-01-22 02:20:53,651 - xai.shap_clustering - INFO - Cluster 13: Points after probability threshold filter: 26
2025-01-22 02:20:53,653 - xai.shap_clustering - INFO - Parent cluster 13: Found 1 subclusters.
2025-01-22 02:20:53,657 - xai.shap_clustering - INFO - Subclustering process completed.
2025-01-22 02:20:53,657 - xai.shap_clustering - INFO - Successfully processed file: filename_ca_housing_filter_col_None_filter_val_None_target_target_ml_model_LGBMModel_mh_algo_SCA_impacts_local.csv
2025-01-22 02:20:53,658 - xai.shap_clustering - INFO - SHAP clustering process completed.
2025-01-22 02:20:53,661 - xai.sage_analysis - INFO - Starting SAGE analysis...
2025-01-22 02:20:53,662 - xai.sage_analysis - INFO - Analyzing model: LGBMModel with mh_algo: SCA for target: target, filename: ca_housing, filter value: None
2025-01-22 02:27:48,057 - xai.sage_analysis - INFO - SAGE analysis completed.
2025-01-22 02:27:48,064 - xai.nshap_analysis - INFO - Processing model 1/1: Start
2025-01-22 02:27:48,065 - xai.nshap_analysis - INFO - Loading data and model for filename_ca_housing_filter_col_None_filter_val_None_target_target_ml_model_LGBMModel_mh_algo_SCA
2025-01-22 02:27:48,178 - xai.nshap_analysis - INFO - Training new model with the most important features from SAGE
2025-01-22 02:27:50,682 - xai.nshap_analysis - INFO - Saving predictions for the new model
2025-01-22 02:27:50,713 - xai.nshap_analysis - INFO - Predictions saved to C:\Users\tbezdan\Desktop\crAIRsis datasets\reg_test\data\nshap\filename_ca_housing_filter_col_None_filter_val_None_target_target_ml_model_LGBMModel_mh_algo_SCA_predictions.csv
2025-01-22 02:27:50,713 - xai.nshap_analysis - INFO - Initializing nSHAP
2025-01-22 02:27:50,714 - xai.nshap_analysis - ERROR - Error processing model 1: expected a sequence of integers or a single integer, got '240.0'
Traceback (most recent call last):
  File "c:\Users\tbezdan\crairsis-framework\src\xai\nshap_analysis.py", line 474, in perform_nshap_analysis
    reg_calculate_and_save_nshap(
  File "c:\Users\tbezdan\crairsis-framework\src\xai\nshap_analysis.py", line 187, in reg_calculate_and_save_nshap
    vfunc = nshap.vfunc.interventional_shap(
  File "C:\Users\tbezdan\anaconda3\envs\crairsis\lib\site-packages\nshap\vfunc.py", line 33, in interventional_shap
    indices = rng.integers(low=0, high=X.shape[0], size=num_samples)
  File "_generator.pyx", line 550, in numpy.random._generator.Generator.integers
  File "_bounded_integers.pyx", line 1256, in numpy.random._bounded_integers._rand_int64
TypeError: expected a sequence of integers or a single integer, got '240.0'
2025-01-22 02:30:11,745 - xai.shap_analysis - INFO - Processing model 1/1: Start
2025-01-22 02:30:11,745 - xai.shap_analysis - INFO - Loading data and model for filename_ca_housing_filter_col_None_filter_val_None_target_target_ml_model_LGBMModel_mh_algo_SCA
2025-01-22 02:30:11,779 - xai.shap_analysis - INFO - Initializing SHAP explainer
2025-01-22 02:30:13,606 - xai.shap_analysis - INFO - Calculating SHAP interaction values
2025-01-22 02:30:43,713 - xai.shap_analysis - INFO - Analyzing main effects and interactions - regression
2025-01-22 02:30:43,714 - xai.shap_analysis - ERROR - Error processing model 1: local variable 'interaction_val' referenced before assignment
Traceback (most recent call last):
  File "c:\Users\tbezdan\crairsis-framework\src\xai\shap_analysis.py", line 277, in perform_shap_interactions_analysis
    interaction_values=interaction_val,
UnboundLocalError: local variable 'interaction_val' referenced before assignment
2025-01-22 02:30:43,721 - xai.nshap_analysis - INFO - Processing model 1/1: Start
2025-01-22 02:30:43,721 - xai.nshap_analysis - INFO - Loading data and model for filename_ca_housing_filter_col_None_filter_val_None_target_target_ml_model_LGBMModel_mh_algo_SCA
2025-01-22 02:30:43,769 - xai.nshap_analysis - INFO - Training new model with the most important features from SAGE
2025-01-22 02:30:46,067 - xai.nshap_analysis - INFO - Saving predictions for the new model
2025-01-22 02:30:46,095 - xai.nshap_analysis - INFO - Predictions saved to C:\Users\tbezdan\Desktop\crAIRsis datasets\reg_test\data\nshap\filename_ca_housing_filter_col_None_filter_val_None_target_target_ml_model_LGBMModel_mh_algo_SCA_predictions.csv
2025-01-22 02:30:46,095 - xai.nshap_analysis - INFO - Initializing nSHAP
2025-01-22 02:30:46,096 - xai.nshap_analysis - INFO - Computing n shapley values
2025-01-22 02:31:21,005 - xai.shap_analysis - INFO - Processing model 1/1: Start
2025-01-22 02:31:21,006 - xai.shap_analysis - INFO - Loading data and model for filename_ca_housing_filter_col_None_filter_val_None_target_target_ml_model_LGBMModel_mh_algo_SCA
2025-01-22 02:31:21,058 - xai.shap_analysis - INFO - Initializing SHAP explainer
2025-01-22 02:31:23,544 - xai.shap_analysis - INFO - Calculating SHAP interaction values
2025-01-22 02:31:59,045 - xai.shap_analysis - INFO - Analyzing main effects and interactions - regression
2025-01-22 02:31:59,121 - xai.shap_analysis - INFO - Processing model 1/1: Completed

2025-01-22 02:31:59,127 - xai.nshap_analysis - INFO - Processing model 1/1: Start
2025-01-22 02:31:59,128 - xai.nshap_analysis - INFO - Loading data and model for filename_ca_housing_filter_col_None_filter_val_None_target_target_ml_model_LGBMModel_mh_algo_SCA
2025-01-22 02:31:59,169 - xai.nshap_analysis - INFO - Training new model with the most important features from SAGE
2025-01-22 02:32:01,557 - xai.nshap_analysis - INFO - Saving predictions for the new model
2025-01-22 02:32:01,589 - xai.nshap_analysis - INFO - Predictions saved to C:\Users\tbezdan\Desktop\crAIRsis datasets\reg_test\data\nshap\filename_ca_housing_filter_col_None_filter_val_None_target_target_ml_model_LGBMModel_mh_algo_SCA_predictions.csv
2025-01-22 02:32:01,590 - xai.nshap_analysis - INFO - Initializing nSHAP
2025-01-22 02:32:01,592 - xai.nshap_analysis - INFO - Computing n shapley values
2025-01-22 03:00:24,588 - xai.nshap_analysis - INFO - Computing shapley taylor values
2025-01-22 03:28:26,985 - xai.nshap_analysis - INFO - Computing faith shap values
2025-01-22 03:56:26,856 - xai.nshap_analysis - INFO - Computing shapley interaction index values
2025-01-22 04:24:18,097 - xai.nshap_analysis - INFO - Computing banzhaf interaction index values
2025-01-22 04:52:17,258 - xai.nshap_analysis - INFO - Computing faith banzhaf values
2025-01-22 05:20:12,434 - xai.nshap_analysis - INFO - Computing moebius transform values
2025-01-22 05:48:09,463 - xai.nshap_analysis - INFO - nSHAP completed
2025-01-22 09:52:13,120 - xai.nshap_analysis - INFO - Processing model 1/1: Start
2025-01-22 09:52:13,120 - xai.nshap_analysis - INFO - Loading data and model for filename_ca_housing_filter_col_None_filter_val_None_target_target_ml_model_LGBMModel_mh_algo_SCA
2025-01-22 09:52:13,121 - xai.nshap_analysis - ERROR - Error processing model 1: [Errno 2] No such file or directory: 'C:\\Users\\tbezdan\\Desktop\\crAIRsis datasets\\reg_test\\data\\sage\\sage_global_impact_filename_ca_housing_filter_col_None_filter_val_None_target_target_ml_model_LGBMModel_mh_algo_SCA.csv'
Traceback (most recent call last):
  File "c:\Users\tbezdan\crairsis-framework\src\xai\nshap_analysis.py", line 433, in perform_nshap_analysis
    get_data_model(
  File "c:\Users\tbezdan\crairsis-framework\src\xai\nshap_analysis.py", line 25, in get_data_model
    sage_data = pd.read_csv(sage_file)
  File "C:\Users\tbezdan\anaconda3\envs\crairsis\lib\site-packages\pandas\util\_decorators.py", line 211, in wrapper
    return func(*args, **kwargs)
  File "C:\Users\tbezdan\anaconda3\envs\crairsis\lib\site-packages\pandas\util\_decorators.py", line 331, in wrapper
    return func(*args, **kwargs)
  File "C:\Users\tbezdan\anaconda3\envs\crairsis\lib\site-packages\pandas\io\parsers\readers.py", line 950, in read_csv
    return _read(filepath_or_buffer, kwds)
  File "C:\Users\tbezdan\anaconda3\envs\crairsis\lib\site-packages\pandas\io\parsers\readers.py", line 605, in _read
    parser = TextFileReader(filepath_or_buffer, **kwds)
  File "C:\Users\tbezdan\anaconda3\envs\crairsis\lib\site-packages\pandas\io\parsers\readers.py", line 1442, in __init__
    self._engine = self._make_engine(f, self.engine)
  File "C:\Users\tbezdan\anaconda3\envs\crairsis\lib\site-packages\pandas\io\parsers\readers.py", line 1735, in _make_engine
    self.handles = get_handle(
  File "C:\Users\tbezdan\anaconda3\envs\crairsis\lib\site-packages\pandas\io\common.py", line 856, in get_handle
    handle = open(
FileNotFoundError: [Errno 2] No such file or directory: 'C:\\Users\\tbezdan\\Desktop\\crAIRsis datasets\\reg_test\\data\\sage\\sage_global_impact_filename_ca_housing_filter_col_None_filter_val_None_target_target_ml_model_LGBMModel_mh_algo_SCA.csv'
2025-01-22 09:58:53,197 - xai.nshap_analysis - INFO - Processing model 1/1: Start
2025-01-22 09:58:53,197 - xai.nshap_analysis - INFO - Loading data and model for filename_ca_housing_filter_col_None_filter_val_None_target_target_ml_model_LGBMModel_mh_algo_SCA
2025-01-22 09:58:53,197 - xai.nshap_analysis - ERROR - Error processing model 1: [Errno 2] No such file or directory: 'C:\\Users\\tbezdan\\Desktop\\crAIRsis datasets\\reg_test\\data\\sage\\sage_global_impact_filename_ca_housing_filter_col_None_filter_val_None_target_target_ml_model_LGBMModel_mh_algo_SCA.csv'
Traceback (most recent call last):
  File "c:\Users\tbezdan\crairsis-framework\src\xai\nshap_analysis.py", line 442, in perform_nshap_analysis
    get_data_model(
  File "c:\Users\tbezdan\crairsis-framework\src\xai\nshap_analysis.py", line 26, in get_data_model
    sage_data = pd.read_csv(sage_file)
  File "C:\Users\tbezdan\anaconda3\envs\crairsis\lib\site-packages\pandas\util\_decorators.py", line 211, in wrapper
    return func(*args, **kwargs)
  File "C:\Users\tbezdan\anaconda3\envs\crairsis\lib\site-packages\pandas\util\_decorators.py", line 331, in wrapper
    return func(*args, **kwargs)
  File "C:\Users\tbezdan\anaconda3\envs\crairsis\lib\site-packages\pandas\io\parsers\readers.py", line 950, in read_csv
    return _read(filepath_or_buffer, kwds)
  File "C:\Users\tbezdan\anaconda3\envs\crairsis\lib\site-packages\pandas\io\parsers\readers.py", line 605, in _read
    parser = TextFileReader(filepath_or_buffer, **kwds)
  File "C:\Users\tbezdan\anaconda3\envs\crairsis\lib\site-packages\pandas\io\parsers\readers.py", line 1442, in __init__
    self._engine = self._make_engine(f, self.engine)
  File "C:\Users\tbezdan\anaconda3\envs\crairsis\lib\site-packages\pandas\io\parsers\readers.py", line 1735, in _make_engine
    self.handles = get_handle(
  File "C:\Users\tbezdan\anaconda3\envs\crairsis\lib\site-packages\pandas\io\common.py", line 856, in get_handle
    handle = open(
FileNotFoundError: [Errno 2] No such file or directory: 'C:\\Users\\tbezdan\\Desktop\\crAIRsis datasets\\reg_test\\data\\sage\\sage_global_impact_filename_ca_housing_filter_col_None_filter_val_None_target_target_ml_model_LGBMModel_mh_algo_SCA.csv'
2025-01-22 09:59:51,027 - xai.nshap_analysis - INFO - Processing model 1/1: Start
2025-01-22 09:59:51,028 - xai.nshap_analysis - INFO - Loading data and model for filename_ca_housing_filter_col_None_filter_val_None_target_target_ml_model_LGBMModel_mh_algo_SCA
2025-01-22 09:59:51,028 - xai.nshap_analysis - ERROR - Error processing model 1: 'module' object is not callable
Traceback (most recent call last):
  File "c:\Users\tbezdan\crairsis-framework\src\xai\nshap_analysis.py", line 441, in perform_nshap_analysis
    get_data_model(
  File "c:\Users\tbezdan\crairsis-framework\src\xai\nshap_analysis.py", line 30, in get_data_model
    shap_local_impacts_file_path = os.path(shap_folder, f"{file}_impacts_local.csv")
TypeError: 'module' object is not callable
2025-01-22 10:02:42,671 - xai.nshap_analysis - INFO - Processing model 1/1: Start
2025-01-22 10:02:42,673 - xai.nshap_analysis - INFO - Loading data and model for filename_ca_housing_filter_col_None_filter_val_None_target_target_ml_model_LGBMModel_mh_algo_SCA
2025-01-22 10:02:42,673 - xai.nshap_analysis - ERROR - Error processing model 1: 'module' object is not callable
Traceback (most recent call last):
  File "c:\Users\tbezdan\crairsis-framework\src\xai\nshap_analysis.py", line 442, in perform_nshap_analysis
    get_data_model(
  File "c:\Users\tbezdan\crairsis-framework\src\xai\nshap_analysis.py", line 30, in get_data_model
    shap_local_impacts_file_path = os.path(shap_folder, f"{file}_impacts_local.csv")
TypeError: 'module' object is not callable
2025-01-22 10:04:28,561 - xai.nshap_analysis - INFO - Processing model 1/1: Start
2025-01-22 10:04:28,561 - xai.nshap_analysis - INFO - Loading data and model for filename_ca_housing_filter_col_None_filter_val_None_target_target_ml_model_LGBMModel_mh_algo_SCA
2025-01-22 10:04:28,587 - xai.nshap_analysis - ERROR - Error processing model 1: 'NoneType' object has no attribute 'feature'
Traceback (most recent call last):
  File "c:\Users\tbezdan\crairsis-framework\src\xai\nshap_analysis.py", line 444, in perform_nshap_analysis
    get_data_model(
  File "c:\Users\tbezdan\crairsis-framework\src\xai\nshap_analysis.py", line 39, in get_data_model
    available_features = len(sage_data.feature)
AttributeError: 'NoneType' object has no attribute 'feature'
2025-01-22 10:07:51,146 - xai.nshap_analysis - INFO - Processing model 1/1: Start
2025-01-22 10:07:51,147 - xai.nshap_analysis - INFO - Loading data and model for filename_ca_housing_filter_col_None_filter_val_None_target_target_ml_model_LGBMModel_mh_algo_SCA
2025-01-22 10:07:51,152 - xai.nshap_analysis - ERROR - Error processing model 1: 'NoneType' object has no attribute 'feature'
Traceback (most recent call last):
  File "c:\Users\tbezdan\crairsis-framework\src\xai\nshap_analysis.py", line 452, in perform_nshap_analysis
    get_data_model(
  File "c:\Users\tbezdan\crairsis-framework\src\xai\nshap_analysis.py", line 47, in get_data_model
    available_features = len(sage_data.feature)
AttributeError: 'NoneType' object has no attribute 'feature'
2025-01-22 10:11:37,728 - xai.nshap_analysis - INFO - Processing model 1/1: Start
2025-01-22 10:11:37,728 - xai.nshap_analysis - INFO - Loading data and model for filename_ca_housing_filter_col_None_filter_val_None_target_target_ml_model_LGBMModel_mh_algo_SCA
2025-01-22 10:11:37,733 - xai.nshap_analysis - ERROR - Error processing model 1: 'NoneType' object has no attribute 'feature'
Traceback (most recent call last):
  File "c:\Users\tbezdan\crairsis-framework\src\xai\nshap_analysis.py", line 447, in perform_nshap_analysis
    get_data_model(
  File "c:\Users\tbezdan\crairsis-framework\src\xai\nshap_analysis.py", line 42, in get_data_model
    available_features = len(sage_data.feature)
AttributeError: 'NoneType' object has no attribute 'feature'
2025-01-22 10:11:52,827 - xai.nshap_analysis - INFO - Processing model 1/1: Start
2025-01-22 10:11:52,827 - xai.nshap_analysis - INFO - Loading data and model for filename_ca_housing_filter_col_None_filter_val_None_target_target_ml_model_LGBMModel_mh_algo_SCA
2025-01-22 10:11:52,830 - xai.nshap_analysis - ERROR - Error processing model 1: 'NoneType' object has no attribute 'feature'
Traceback (most recent call last):
  File "c:\Users\tbezdan\crairsis-framework\src\xai\nshap_analysis.py", line 447, in perform_nshap_analysis
    get_data_model(
  File "c:\Users\tbezdan\crairsis-framework\src\xai\nshap_analysis.py", line 42, in get_data_model
    available_features = len(sage_data.feature)
AttributeError: 'NoneType' object has no attribute 'feature'
2025-01-22 10:12:09,443 - xai.nshap_analysis - INFO - Processing model 1/1: Start
2025-01-22 10:12:09,444 - xai.nshap_analysis - INFO - Loading data and model for filename_ca_housing_filter_col_None_filter_val_None_target_target_ml_model_LGBMModel_mh_algo_SCA
2025-01-22 10:12:09,447 - xai.nshap_analysis - ERROR - Error processing model 1: 'NoneType' object has no attribute 'feature'
Traceback (most recent call last):
  File "c:\Users\tbezdan\crairsis-framework\src\xai\nshap_analysis.py", line 447, in perform_nshap_analysis
    get_data_model(
  File "c:\Users\tbezdan\crairsis-framework\src\xai\nshap_analysis.py", line 42, in get_data_model
    available_features = len(sage_data.feature)
AttributeError: 'NoneType' object has no attribute 'feature'
2025-01-22 10:12:58,837 - xai.nshap_analysis - INFO - Processing model 1/1: Start
2025-01-22 10:12:58,837 - xai.nshap_analysis - INFO - Loading data and model for filename_ca_housing_filter_col_None_filter_val_None_target_target_ml_model_LGBMModel_mh_algo_SCA
2025-01-22 10:12:58,841 - xai.nshap_analysis - ERROR - Error processing model 1: 'NoneType' object has no attribute 'feature'
Traceback (most recent call last):
  File "c:\Users\tbezdan\crairsis-framework\src\xai\nshap_analysis.py", line 447, in perform_nshap_analysis
    get_data_model(
  File "c:\Users\tbezdan\crairsis-framework\src\xai\nshap_analysis.py", line 42, in get_data_model
    available_features = len(sage_data.feature)
AttributeError: 'NoneType' object has no attribute 'feature'
2025-01-22 10:13:47,483 - xai.nshap_analysis - INFO - Processing model 1/1: Start
2025-01-22 10:13:47,483 - xai.nshap_analysis - INFO - Loading data and model for filename_ca_housing_filter_col_None_filter_val_None_target_target_ml_model_LGBMModel_mh_algo_SCA
2025-01-22 10:13:47,488 - xai.nshap_analysis - ERROR - Error processing model 1: 'NoneType' object has no attribute 'feature'
Traceback (most recent call last):
  File "c:\Users\tbezdan\crairsis-framework\src\xai\nshap_analysis.py", line 449, in perform_nshap_analysis
    get_data_model(
  File "c:\Users\tbezdan\crairsis-framework\src\xai\nshap_analysis.py", line 44, in get_data_model
    available_features = len(sage_data.feature)
AttributeError: 'NoneType' object has no attribute 'feature'
2025-01-22 10:26:41,113 - xai.nshap_analysis - INFO - Processing model 1/1: Start
2025-01-22 10:26:41,114 - xai.nshap_analysis - INFO - Loading data and model for filename_ca_housing_filter_col_None_filter_val_None_target_target_ml_model_LGBMModel_mh_algo_SCA
2025-01-22 10:26:41,117 - xai.nshap_analysis - ERROR - Error processing model 1: 'DataFrame' object has no attribute 'feature'
Traceback (most recent call last):
  File "c:\Users\tbezdan\crairsis-framework\src\xai\nshap_analysis.py", line 447, in perform_nshap_analysis
    get_data_model(
  File "c:\Users\tbezdan\crairsis-framework\src\xai\nshap_analysis.py", line 42, in get_data_model
    available_features = len(sage_data.feature)
  File "C:\Users\tbezdan\anaconda3\envs\crairsis\lib\site-packages\pandas\core\generic.py", line 5902, in __getattr__
    return object.__getattribute__(self, name)
AttributeError: 'DataFrame' object has no attribute 'feature'
2025-01-22 10:27:00,676 - xai.nshap_analysis - INFO - Processing model 1/1: Start
2025-01-22 10:27:00,676 - xai.nshap_analysis - INFO - Loading data and model for filename_ca_housing_filter_col_None_filter_val_None_target_target_ml_model_LGBMModel_mh_algo_SCA
2025-01-22 10:27:00,753 - xai.nshap_analysis - INFO - Training new model with the most important features from SAGE
2025-01-22 10:27:01,866 - xai.nshap_analysis - INFO - Saving predictions for the new model
2025-01-22 10:27:01,883 - xai.nshap_analysis - INFO - Predictions saved to C:\Users\tbezdan\Desktop\crAIRsis datasets\reg_test\data\nshap\filename_ca_housing_filter_col_None_filter_val_None_target_target_ml_model_LGBMModel_mh_algo_SCA_predictions.csv
2025-01-22 10:27:01,883 - xai.nshap_analysis - INFO - Initializing nSHAP
2025-01-22 10:27:01,884 - xai.nshap_analysis - INFO - Computing n shapley values
2025-01-22 11:21:37,128 - xai.nshap_analysis - INFO - Processing model 1/1: Start
2025-01-22 11:21:37,129 - xai.nshap_analysis - INFO - Loading data and model for filename_ca_housing_filter_col_None_filter_val_None_target_target_ml_model_LGBMModel_mh_algo_SCA
2025-01-22 11:21:37,173 - xai.nshap_analysis - INFO - Training new model with the most important features from SAGE
2025-01-22 11:21:38,328 - xai.nshap_analysis - INFO - Saving predictions for the new model
2025-01-22 11:21:38,344 - xai.nshap_analysis - INFO - Predictions saved to C:\Users\tbezdan\Desktop\crAIRsis datasets\reg_test\data\nshap\filename_ca_housing_filter_col_None_filter_val_None_target_target_ml_model_LGBMModel_mh_algo_SCA_predictions.csv
2025-01-22 11:21:38,344 - xai.nshap_analysis - INFO - Initializing nSHAP
2025-01-22 11:21:38,344 - xai.nshap_analysis - INFO - nSHAP completed
2025-01-22 11:21:38,345 - xai.nshap_analysis - INFO - Allclose nSHAP
2025-01-22 11:22:24,911 - xai.nshap_analysis - INFO - Allclose nSHAP completed
2025-01-22 11:26:32,043 - xai.nshap_analysis - INFO - Processing model 1/1: Start
2025-01-22 11:26:32,043 - xai.nshap_analysis - INFO - Loading data and model for filename_ca_housing_filter_col_None_filter_val_None_target_target_ml_model_LGBMModel_mh_algo_SCA
2025-01-22 11:26:32,086 - xai.nshap_analysis - INFO - Training new model with the most important features from SAGE
2025-01-22 11:26:33,196 - xai.nshap_analysis - INFO - Saving predictions for the new model
2025-01-22 11:26:33,211 - xai.nshap_analysis - INFO - Predictions saved to C:\Users\tbezdan\Desktop\crAIRsis datasets\reg_test\data\nshap\filename_ca_housing_filter_col_None_filter_val_None_target_target_ml_model_LGBMModel_mh_algo_SCA_predictions.csv
2025-01-22 11:26:33,211 - xai.nshap_analysis - INFO - Initializing nSHAP
2025-01-22 11:26:33,211 - xai.nshap_analysis - INFO - nSHAP completed
2025-01-22 11:26:33,211 - xai.nshap_analysis - INFO - Allclose nSHAP
2025-01-22 11:27:54,069 - xai.nshap_analysis - INFO - Processing model 1/1: Start
2025-01-22 11:27:54,070 - xai.nshap_analysis - INFO - Loading data and model for filename_ca_housing_filter_col_None_filter_val_None_target_target_ml_model_LGBMModel_mh_algo_SCA
2025-01-22 11:27:54,114 - xai.nshap_analysis - INFO - Training new model with the most important features from SAGE
2025-01-22 11:27:55,210 - xai.nshap_analysis - INFO - Saving predictions for the new model
2025-01-22 11:27:55,225 - xai.nshap_analysis - INFO - Predictions saved to C:\Users\tbezdan\Desktop\crAIRsis datasets\reg_test\data\nshap\filename_ca_housing_filter_col_None_filter_val_None_target_target_ml_model_LGBMModel_mh_algo_SCA_predictions.csv
2025-01-22 11:27:55,225 - xai.nshap_analysis - INFO - Initializing nSHAP
2025-01-22 11:27:55,225 - xai.nshap_analysis - INFO - nSHAP completed
2025-01-22 11:27:55,226 - xai.nshap_analysis - INFO - Allclose nSHAP
2025-01-22 11:28:57,239 - xai.nshap_analysis - INFO - Allclose nSHAP completed
2025-01-22 11:32:00,357 - xai.nshap_analysis - INFO - Processing model 1/1: Start
2025-01-22 11:32:00,357 - xai.nshap_analysis - INFO - Loading data and model for filename_ca_housing_filter_col_None_filter_val_None_target_target_ml_model_LGBMModel_mh_algo_SCA
2025-01-22 11:32:00,402 - xai.nshap_analysis - INFO - Training new model with the most important features from SAGE
2025-01-22 11:32:01,517 - xai.nshap_analysis - INFO - Saving predictions for the new model
2025-01-22 11:32:01,533 - xai.nshap_analysis - INFO - Predictions saved to C:\Users\tbezdan\Desktop\crAIRsis datasets\reg_test\data\nshap\filename_ca_housing_filter_col_None_filter_val_None_target_target_ml_model_LGBMModel_mh_algo_SCA_predictions.csv
2025-01-22 11:32:01,534 - xai.nshap_analysis - INFO - Initializing nSHAP
2025-01-22 11:32:01,534 - xai.nshap_analysis - INFO - nSHAP completed
2025-01-22 11:32:01,534 - xai.nshap_analysis - INFO - Allclose nSHAP
2025-01-22 11:33:05,523 - xai.nshap_analysis - INFO - Allclose nSHAP completed
2025-01-22 14:29:11,392 - utils.train_and_optimize - INFO - File: ca_housing
2025-01-22 14:29:11,429 - utils.train_and_optimize - INFO - -------Target: daylight_rain-------
2025-01-22 14:29:42,205 - utils.train_and_optimize - INFO - File: covid
2025-01-22 14:29:42,321 - utils.train_and_optimize - INFO - -------Target: daylight_rain-------
2025-01-22 14:29:42,326 - utils.train_and_optimize - INFO - ----------ML model evaluation----------
2025-01-22 14:29:42,327 - utils.train_and_optimize - INFO - Target distribution:
0    1355
1    1245
3     686
2     642
Name: daylight_rain, dtype: int64
2025-01-22 14:29:42,327 - utils.train_and_optimize - INFO - 

Evaluating: BalancedRandomForestCls CV
2025-01-22 14:29:46,837 - utils.train_and_optimize - INFO - Confusion Matrix:
[[1355    0    0    0]
 [   2 1243    0    0]
 [   0    0  642    0]
 [   0    0    1  685]]
2025-01-22 14:29:51,372 - utils.train_and_optimize - INFO - accuracy: 0.9992362525458248
2025-01-22 14:29:51,373 - utils.train_and_optimize - INFO - f1_score: 0.9992362418565078
2025-01-22 14:29:51,373 - utils.train_and_optimize - INFO - precision: 0.9992373989024075
2025-01-22 14:29:51,373 - utils.train_and_optimize - INFO - recall: 0.9992362525458248
2025-01-22 14:29:51,374 - utils.train_and_optimize - INFO - roc_auc: 0.9999971825236228
2025-01-22 14:29:51,374 - utils.train_and_optimize - INFO - log_loss: 0.12383087097169487
2025-01-22 14:29:51,374 - utils.train_and_optimize - INFO - macro avg precision: 0.9992427376737864
2025-01-22 14:29:51,374 - utils.train_and_optimize - INFO - macro avg recall: 0.9992339620874167
2025-01-22 14:29:51,374 - utils.train_and_optimize - INFO - macro avg f1-score: 0.9992377684082612
2025-01-22 14:29:51,374 - utils.train_and_optimize - INFO - macro avg support: 3928.0
2025-01-22 14:29:51,375 - utils.train_and_optimize - INFO - weighted avg precision: 0.9992373989024075
2025-01-22 14:29:51,375 - utils.train_and_optimize - INFO - weighted avg recall: 0.9992362525458248
2025-01-22 14:29:51,375 - utils.train_and_optimize - INFO - weighted avg f1-score: 0.9992362418565078
2025-01-22 14:29:51,375 - utils.train_and_optimize - INFO - weighted avg support: 3928.0
2025-01-22 14:29:51,375 - utils.train_and_optimize - INFO - 

Evaluating: LGBMModel CV
2025-01-22 14:29:52,586 - utils.train_and_optimize - INFO - Confusion Matrix:
[[1355    0    0    0]
 [   0 1245    0    0]
 [   0    0  642    0]
 [   0    0    0  686]]
2025-01-22 14:29:53,789 - utils.train_and_optimize - INFO - accuracy: 1.0
2025-01-22 14:29:53,790 - utils.train_and_optimize - INFO - f1_score: 1.0
2025-01-22 14:29:53,790 - utils.train_and_optimize - INFO - precision: 1.0
2025-01-22 14:29:53,790 - utils.train_and_optimize - INFO - recall: 1.0
2025-01-22 14:29:53,791 - utils.train_and_optimize - INFO - roc_auc: 1.0
2025-01-22 14:29:53,791 - utils.train_and_optimize - INFO - log_loss: 1.0234193999955466e-06
2025-01-22 14:29:53,791 - utils.train_and_optimize - INFO - macro avg precision: 1.0
2025-01-22 14:29:53,792 - utils.train_and_optimize - INFO - macro avg recall: 1.0
2025-01-22 14:29:53,792 - utils.train_and_optimize - INFO - macro avg f1-score: 1.0
2025-01-22 14:29:53,792 - utils.train_and_optimize - INFO - macro avg support: 3928.0
2025-01-22 14:29:53,792 - utils.train_and_optimize - INFO - weighted avg precision: 1.0
2025-01-22 14:29:53,792 - utils.train_and_optimize - INFO - weighted avg recall: 1.0
2025-01-22 14:29:53,792 - utils.train_and_optimize - INFO - weighted avg f1-score: 1.0
2025-01-22 14:29:53,794 - utils.train_and_optimize - INFO - weighted avg support: 3928.0
2025-01-22 14:29:53,794 - utils.train_and_optimize - INFO - 

Evaluating: ExtraTreesModel CV
2025-01-22 14:29:56,069 - utils.train_and_optimize - INFO - Confusion Matrix:
[[1331   24    0    0]
 [  58 1187    0    0]
 [   0    0  616   26]
 [   0    0   36  650]]
2025-01-22 14:29:58,125 - utils.train_and_optimize - INFO - accuracy: 0.9633401221995926
2025-01-22 14:29:58,125 - utils.train_and_optimize - INFO - f1_score: 0.9633280011936005
2025-01-22 14:29:58,125 - utils.train_and_optimize - INFO - precision: 0.9635726667489805
2025-01-22 14:29:58,125 - utils.train_and_optimize - INFO - recall: 0.9633401221995926
2025-01-22 14:29:58,125 - utils.train_and_optimize - INFO - roc_auc: 0.9985019380533003
2025-01-22 14:29:58,125 - utils.train_and_optimize - INFO - log_loss: 0.16263482761108733
2025-01-22 14:29:58,125 - utils.train_and_optimize - INFO - macro avg precision: 0.9611871865469446
2025-01-22 14:29:58,125 - utils.train_and_optimize - INFO - macro avg recall: 0.9606812252545786
2025-01-22 14:29:58,125 - utils.train_and_optimize - INFO - macro avg f1-score: 0.9608235642579166
2025-01-22 14:29:58,126 - utils.train_and_optimize - INFO - macro avg support: 3928.0
2025-01-22 14:29:58,126 - utils.train_and_optimize - INFO - weighted avg precision: 0.9635726667489805
2025-01-22 14:29:58,126 - utils.train_and_optimize - INFO - weighted avg recall: 0.9633401221995926
2025-01-22 14:29:58,126 - utils.train_and_optimize - INFO - weighted avg f1-score: 0.9633280011936005
2025-01-22 14:29:58,126 - utils.train_and_optimize - INFO - weighted avg support: 3928.0
2025-01-22 14:29:58,126 - utils.train_and_optimize - INFO - 

Evaluating: HistGradientBoostingCls CV
2025-01-22 14:30:18,709 - utils.train_and_optimize - INFO - Confusion Matrix:
[[1354    1    0    0]
 [   2 1243    0    0]
 [   0    0  642    0]
 [   0    0    2  684]]
2025-01-22 14:30:44,152 - utils.train_and_optimize - INFO - accuracy: 0.9987270875763747
2025-01-22 14:30:44,152 - utils.train_and_optimize - INFO - f1_score: 0.9987270992886039
2025-01-22 14:30:44,152 - utils.train_and_optimize - INFO - precision: 0.9987288396761347
2025-01-22 14:30:44,153 - utils.train_and_optimize - INFO - recall: 0.9987270875763747
2025-01-22 14:30:44,153 - utils.train_and_optimize - INFO - roc_auc: 0.9999971890195304
2025-01-22 14:30:44,153 - utils.train_and_optimize - INFO - log_loss: 0.005071731068461248
2025-01-22 14:30:44,153 - utils.train_and_optimize - INFO - macro avg precision: 0.9986539062908252
2025-01-22 14:30:44,154 - utils.train_and_optimize - INFO - macro avg recall: 0.9986850287555178
2025-01-22 14:30:44,154 - utils.train_and_optimize - INFO - macro avg f1-score: 0.9986682574919412
2025-01-22 14:30:44,154 - utils.train_and_optimize - INFO - macro avg support: 3928.0
2025-01-22 14:30:44,154 - utils.train_and_optimize - INFO - weighted avg precision: 0.9987288396761347
2025-01-22 14:30:44,155 - utils.train_and_optimize - INFO - weighted avg recall: 0.9987270875763747
2025-01-22 14:30:44,155 - utils.train_and_optimize - INFO - weighted avg f1-score: 0.9987270992886039
2025-01-22 14:30:44,155 - utils.train_and_optimize - INFO - weighted avg support: 3928.0
2025-01-22 14:30:44,163 - utils.train_and_optimize - INFO - Top models:
               ml_model f1_score
              LGBMModel   1.0000
BalancedRandomForestCls   0.9992
HistGradientBoostingCls   0.9987
2025-01-22 14:30:44,165 - utils.train_and_optimize - INFO - -------------Optimization-------------
2025-01-22 14:30:44,165 - utils.train_and_optimize - INFO - Optimizing: LGBMModel CV
2025-01-22 14:30:44,166 - optimization.optimization_problem - INFO - Initializing BaseOptimizerProblem with cross-validation
2025-01-22 14:33:38,470 - optimization.optimizer - INFO - Model: LGBMModel, Dataset: covid, Best Log Loss: 0.00017862625003999666
2025-01-22 14:33:54,866 - utils.train_and_optimize - INFO - Optimized LGBMModel CV by SCA
2025-01-22 14:33:54,868 - utils.train_and_optimize - INFO - accuracy: 1.0
2025-01-22 14:33:54,868 - utils.train_and_optimize - INFO - f1_score: 1.0
2025-01-22 14:33:54,868 - utils.train_and_optimize - INFO - precision: 1.0
2025-01-22 14:33:54,869 - utils.train_and_optimize - INFO - recall: 1.0
2025-01-22 14:33:54,869 - utils.train_and_optimize - INFO - roc_auc: 1.0
2025-01-22 14:33:54,869 - utils.train_and_optimize - INFO - log_loss: 0.00017862492847919926
2025-01-22 14:33:56,603 - utils.train_and_optimize - INFO - Optimized LGBMModel by SCA
2025-01-22 14:33:56,604 - utils.train_and_optimize - INFO - accuracy: 1.0
2025-01-22 14:33:56,605 - utils.train_and_optimize - INFO - f1_score: 1.0
2025-01-22 14:33:56,605 - utils.train_and_optimize - INFO - precision: 1.0
2025-01-22 14:33:56,605 - utils.train_and_optimize - INFO - recall: 1.0
2025-01-22 14:33:56,606 - utils.train_and_optimize - INFO - roc_auc: 1.0
2025-01-22 14:33:56,606 - utils.train_and_optimize - INFO - log_loss: 0.0001730807210268653
2025-01-22 14:33:56,857 - utils.train_and_optimize - INFO - Optimizing: BalancedRandomForestCls CV
2025-01-22 14:33:56,858 - optimization.optimization_problem - INFO - Initializing BaseOptimizerProblem with cross-validation
2025-01-22 14:46:41,256 - optimization.optimizer - INFO - Model: BalancedRandomForestCls, Dataset: covid, Best Log Loss: 0.0002846125725730684
2025-01-22 14:49:28,356 - utils.train_and_optimize - INFO - Optimized BalancedRandomForestCls CV by SCA
2025-01-22 14:49:28,357 - utils.train_and_optimize - INFO - accuracy: 1.0
2025-01-22 14:49:28,358 - utils.train_and_optimize - INFO - f1_score: 1.0
2025-01-22 14:49:28,358 - utils.train_and_optimize - INFO - precision: 1.0
2025-01-22 14:49:28,358 - utils.train_and_optimize - INFO - recall: 1.0
2025-01-22 14:49:28,358 - utils.train_and_optimize - INFO - roc_auc: 1.0
2025-01-22 14:49:28,358 - utils.train_and_optimize - INFO - log_loss: 0.0002846190222757207
2025-01-22 14:49:48,229 - utils.train_and_optimize - INFO - Optimized BalancedRandomForestCls by SCA
2025-01-22 14:49:48,229 - utils.train_and_optimize - INFO - accuracy: 1.0
2025-01-22 14:49:48,229 - utils.train_and_optimize - INFO - f1_score: 1.0
2025-01-22 14:49:48,230 - utils.train_and_optimize - INFO - precision: 1.0
2025-01-22 14:49:48,230 - utils.train_and_optimize - INFO - recall: 1.0
2025-01-22 14:49:48,230 - utils.train_and_optimize - INFO - roc_auc: 1.0
2025-01-22 14:49:48,230 - utils.train_and_optimize - INFO - log_loss: 0.0002736598591442216
2025-01-22 14:49:49,160 - utils.train_and_optimize - INFO - Optimizing: HistGradientBoostingCls CV
2025-01-22 14:49:49,163 - optimization.optimization_problem - INFO - Initializing BaseOptimizerProblem with cross-validation
2025-01-22 14:54:30,760 - optimization.optimizer - INFO - Model: HistGradientBoostingCls, Dataset: covid, Best Log Loss: 0.002912456111593245
2025-01-22 14:54:57,378 - utils.train_and_optimize - INFO - Optimized HistGradientBoostingCls CV by SCA
2025-01-22 14:54:57,379 - utils.train_and_optimize - INFO - accuracy: 0.9989816700610998
2025-01-22 14:54:57,379 - utils.train_and_optimize - INFO - f1_score: 0.9989816943370516
2025-01-22 14:54:57,380 - utils.train_and_optimize - INFO - precision: 0.998983251318769
2025-01-22 14:54:57,380 - utils.train_and_optimize - INFO - recall: 0.9989816700610998
2025-01-22 14:54:57,380 - utils.train_and_optimize - INFO - roc_auc: 0.9999976508488687
2025-01-22 14:54:57,381 - utils.train_and_optimize - INFO - log_loss: 0.0029123999106891413
2025-01-22 14:55:00,420 - utils.train_and_optimize - INFO - Optimized HistGradientBoostingCls by SCA
2025-01-22 14:55:00,421 - utils.train_and_optimize - INFO - accuracy: 0.9987277353689568
2025-01-22 14:55:00,421 - utils.train_and_optimize - INFO - f1_score: 0.998727626939053
2025-01-22 14:55:00,422 - utils.train_and_optimize - INFO - precision: 0.9987324128124533
2025-01-22 14:55:00,422 - utils.train_and_optimize - INFO - recall: 0.9987277353689568
2025-01-22 14:55:00,422 - utils.train_and_optimize - INFO - roc_auc: 0.999996339043854
2025-01-22 14:55:00,422 - utils.train_and_optimize - INFO - log_loss: 0.002667880555047168
2025-01-22 14:55:00,579 - utils.train_and_optimize - INFO -     iteration    g_best     runtime                 ml_model metaheuristic filename filter_column filter_value         target
0           1  0.000361   31.173716                LGBMModel           SCA    covid          None         None  daylight_rain
1           2  0.000361   27.081036                LGBMModel           SCA    covid          None         None  daylight_rain
2           3  0.000279   26.699133                LGBMModel           SCA    covid          None         None  daylight_rain
3           4  0.000279   23.890483                LGBMModel           SCA    covid          None         None  daylight_rain
4           5  0.000179   28.809909                LGBMModel           SCA    covid          None         None  daylight_rain
5           1  0.000477   98.828875  BalancedRandomForestCls           SCA    covid          None         None  daylight_rain
6           2  0.000328  148.795310  BalancedRandomForestCls           SCA    covid          None         None  daylight_rain
7           3  0.000328  126.314306  BalancedRandomForestCls           SCA    covid          None         None  daylight_rain
8           4  0.000328  134.655594  BalancedRandomForestCls           SCA    covid          None         None  daylight_rain
9           5  0.000285  115.618891  BalancedRandomForestCls           SCA    covid          None         None  daylight_rain
10          1  0.002956   40.108227  HistGradientBoostingCls           SCA    covid          None         None  daylight_rain
11          2  0.002914   35.302761  HistGradientBoostingCls           SCA    covid          None         None  daylight_rain
12          3  0.002912   44.431329  HistGradientBoostingCls           SCA    covid          None         None  daylight_rain
13          4  0.002912   40.853168  HistGradientBoostingCls           SCA    covid          None         None  daylight_rain
14          5  0.002912   47.854391  HistGradientBoostingCls           SCA    covid          None         None  daylight_rain
2025-01-22 14:55:00,600 - utils.train_and_optimize - INFO - JSON options file saved for covid
2025-01-22 14:55:00,662 - utils.best_eval - INFO - Loading model from C:\Users\tbezdan\Desktop\crAIRsis datasets\EU_cls\models\filename_covid_filter_col_None_filter_val_None_target_daylight_rain_ml_model_LGBMModel_mh_algo_SCA.joblib
2025-01-22 14:55:00,697 - utils.best_eval - INFO - Loading data from C:\Users\tbezdan\Desktop\crAIRsis datasets\EU_cls\data\datasets\filename_covid_filter_col_None_filter_val_None_target_daylight_rain.csv
2025-01-22 14:55:00,836 - utils.best_eval - INFO - filename_covid_filter_col_None_filter_val_None_target_daylight_rain_ml_model_LGBMModel_mh_algo_SCA
2025-01-22 14:55:00,851 - utils.best_eval - INFO - Accuracy: 1.0
2025-01-22 14:55:00,851 - utils.best_eval - INFO - F1 Score: 1.0
2025-01-22 14:55:00,851 - utils.best_eval - INFO - Precision: 1.0
2025-01-22 14:55:00,852 - utils.best_eval - INFO - Recall: 1.0
2025-01-22 14:55:00,852 - utils.best_eval - INFO - Classification Report: {'0': {'precision': 1.0, 'recall': 1.0, 'f1-score': 1.0, 'support': 271.0}, '1': {'precision': 1.0, 'recall': 1.0, 'f1-score': 1.0, 'support': 249.0}, '2': {'precision': 1.0, 'recall': 1.0, 'f1-score': 1.0, 'support': 129.0}, '3': {'precision': 1.0, 'recall': 1.0, 'f1-score': 1.0, 'support': 137.0}, 'accuracy': 1.0, 'macro avg': {'precision': 1.0, 'recall': 1.0, 'f1-score': 1.0, 'support': 786.0}, 'weighted avg': {'precision': 1.0, 'recall': 1.0, 'f1-score': 1.0, 'support': 786.0}}
2025-01-22 14:56:41,814 - xai.gshap_analysis - INFO - Processing model 1/1: Start
2025-01-22 14:56:41,815 - xai.gshap_analysis - INFO - Loading data and model for filename_covid_filter_col_None_filter_val_None_target_daylight_rain_ml_model_LGBMModel_mh_algo_SCA
2025-01-22 14:56:41,941 - xai.gshap_analysis - INFO - Computing G-SHAP values for Class 0 vs. Class 1
2025-01-22 15:01:33,478 - xai.gshap_analysis - INFO - Computing G-SHAP values for Class 0 vs. Class 2
2025-01-22 15:07:01,705 - xai.gshap_analysis - INFO - Computing G-SHAP values for Class 0 vs. Class 3
2025-01-22 15:11:48,751 - xai.gshap_analysis - INFO - Computing G-SHAP values for Class 1 vs. Class 0
2025-01-22 15:16:43,738 - xai.gshap_analysis - INFO - Computing G-SHAP values for Class 1 vs. Class 2
2025-01-22 15:17:56,867 - xai.gshap_analysis - INFO - Processing model 1/1: Start
2025-01-22 15:17:56,867 - xai.gshap_analysis - INFO - Loading data and model for filename_covid_filter_col_None_filter_val_None_target_daylight_rain_ml_model_LGBMModel_mh_algo_SCA
2025-01-22 15:17:57,012 - xai.gshap_analysis - INFO - Computing G-SHAP values for Class 0 vs. Class 1
2025-01-22 15:22:46,176 - xai.gshap_analysis - ERROR - Error processing model 1: If using all scalar values, you must pass an index
Traceback (most recent call last):
  File "c:\Users\tbezdan\crairsis-framework\src\xai\gshap_analysis.py", line 138, in perform_gshap_analysis
    calculate_gshap_all_pairs(model, X_train, X_test, feature_names, file)
  File "c:\Users\tbezdan\crairsis-framework\src\xai\gshap_analysis.py", line 103, in calculate_gshap_all_pairs
    pd.DataFrame(
  File "C:\Users\tbezdan\anaconda3\envs\crairsis\lib\site-packages\pandas\core\frame.py", line 664, in __init__
    mgr = dict_to_mgr(data, index, columns, dtype=dtype, copy=copy, typ=manager)
  File "C:\Users\tbezdan\anaconda3\envs\crairsis\lib\site-packages\pandas\core\internals\construction.py", line 493, in dict_to_mgr
    return arrays_to_mgr(arrays, columns, index, dtype=dtype, typ=typ, consolidate=copy)
  File "C:\Users\tbezdan\anaconda3\envs\crairsis\lib\site-packages\pandas\core\internals\construction.py", line 118, in arrays_to_mgr
    index = _extract_index(arrays)
  File "C:\Users\tbezdan\anaconda3\envs\crairsis\lib\site-packages\pandas\core\internals\construction.py", line 656, in _extract_index
    raise ValueError("If using all scalar values, you must pass an index")
ValueError: If using all scalar values, you must pass an index
2025-01-22 15:25:19,578 - xai.gshap_analysis - INFO - Processing model 1/1: Start
2025-01-22 15:25:19,578 - xai.gshap_analysis - INFO - Loading data and model for filename_covid_filter_col_None_filter_val_None_target_daylight_rain_ml_model_LGBMModel_mh_algo_SCA
2025-01-22 15:25:19,693 - xai.gshap_analysis - INFO - Computing G-SHAP values for Class 0 vs. Class 1
2025-01-22 15:29:42,819 - xai.gshap_analysis - INFO - Computing G-SHAP values for Class 0 vs. Class 2
2025-01-22 15:34:39,165 - xai.gshap_analysis - INFO - Computing G-SHAP values for Class 0 vs. Class 3
2025-01-22 15:39:30,922 - xai.gshap_analysis - INFO - Computing G-SHAP values for Class 1 vs. Class 0
2025-01-22 15:44:05,913 - xai.gshap_analysis - INFO - Computing G-SHAP values for Class 1 vs. Class 2
2025-01-22 15:48:44,902 - xai.gshap_analysis - INFO - Computing G-SHAP values for Class 1 vs. Class 3
2025-01-22 15:53:23,517 - xai.gshap_analysis - INFO - Computing G-SHAP values for Class 2 vs. Class 0
2025-01-22 15:56:16,782 - xai.gshap_analysis - INFO - Computing G-SHAP values for Class 2 vs. Class 1
2025-01-22 15:59:07,888 - xai.gshap_analysis - INFO - Computing G-SHAP values for Class 2 vs. Class 3
2025-01-22 16:01:56,986 - xai.gshap_analysis - INFO - Computing G-SHAP values for Class 3 vs. Class 0
2025-01-22 16:04:45,337 - xai.gshap_analysis - INFO - Computing G-SHAP values for Class 3 vs. Class 1
2025-01-22 16:07:34,431 - xai.gshap_analysis - INFO - Computing G-SHAP values for Class 3 vs. Class 2
2025-01-22 16:10:23,687 - xai.gshap_analysis - INFO - gSHAP completed
2025-01-22 17:44:32,964 - xai.gshap_analysis - INFO - Processing model 1/1: Start
2025-01-22 17:44:32,965 - xai.gshap_analysis - INFO - Loading data and model for filename_ca_housing_filter_col_None_filter_val_None_target_target_ml_model_LGBMModel_mh_algo_SCA
2025-01-22 17:44:33,042 - xai.gshap_analysis - INFO - gSHAP completed
2025-01-22 17:45:10,060 - xai.gshap_analysis - INFO - gSHAP completed
2025-01-22 17:52:47,099 - xai.gshap_analysis - INFO - Processing model 1/1: Start
2025-01-22 17:52:47,099 - xai.gshap_analysis - INFO - Loading data and model for filename_ca_housing_filter_col_None_filter_val_None_target_target_ml_model_LGBMModel_mh_algo_SCA
2025-01-22 17:52:47,134 - xai.gshap_analysis - INFO - gSHAP started
2025-01-22 18:01:09,504 - xai.gshap_analysis - INFO - Processing model 1/1: Start
2025-01-22 18:01:09,504 - xai.gshap_analysis - INFO - Loading data and model for filename_ca_housing_filter_col_None_filter_val_None_target_target_ml_model_LGBMModel_mh_algo_SCA
2025-01-22 18:01:09,545 - xai.gshap_analysis - INFO - gSHAP started
2025-01-22 18:25:39,789 - xai.gshap_analysis - INFO - Processing model 1/1: Start
2025-01-22 18:25:39,791 - xai.gshap_analysis - INFO - Loading data and model for filename_ca_housing_filter_col_None_filter_val_None_target_target_ml_model_LGBMModel_mh_algo_SCA
2025-01-22 18:25:39,829 - xai.gshap_analysis - INFO - gSHAP started
2025-01-22 18:27:07,505 - xai.gshap_analysis - INFO - Processing model 1/1: Start
2025-01-22 18:27:07,506 - xai.gshap_analysis - INFO - Loading data and model for filename_ca_housing_filter_col_None_filter_val_None_target_target_ml_model_LGBMModel_mh_algo_SCA
2025-01-22 18:27:07,545 - xai.gshap_analysis - INFO - gSHAP started
2025-01-22 19:37:38,464 - xai.gshap_analysis - INFO - gSHAP completed
2025-01-22 22:03:07,420 - xai.nshap_analysis - INFO - Processing model 1/1: Start
2025-01-22 22:03:07,422 - xai.nshap_analysis - INFO - Loading data and model for filename_ca_housing_filter_col_None_filter_val_None_target_target_ml_model_LGBMModel_mh_algo_SCA
2025-01-22 22:03:07,526 - xai.nshap_analysis - INFO - Training new model with the most important features from SAGE
2025-01-22 22:03:08,919 - xai.nshap_analysis - INFO - Saving predictions for the new model
2025-01-22 22:03:08,935 - xai.nshap_analysis - INFO - Predictions saved to C:\Users\tbezdan\Desktop\crAIRsis datasets\reg_test\data\nshap\filename_ca_housing_filter_col_None_filter_val_None_target_target_ml_model_LGBMModel_mh_algo_SCA_predictions.csv
2025-01-22 22:03:08,935 - xai.nshap_analysis - INFO - Initializing nSHAP
2025-01-22 22:03:08,936 - xai.nshap_analysis - INFO - Computing n shapley values
2025-01-22 22:52:49,354 - xai.nshap_analysis - INFO - Computing shapley taylor values
2025-01-22 23:22:45,354 - xai.nshap_analysis - INFO - Computing faith shap values
2025-01-22 23:50:44,518 - xai.nshap_analysis - INFO - Computing shapley interaction index values
2025-01-23 00:18:43,812 - xai.nshap_analysis - INFO - Computing banzhaf interaction index values
2025-01-23 00:46:39,462 - xai.nshap_analysis - INFO - Computing faith banzhaf values
2025-01-23 01:14:34,071 - xai.nshap_analysis - INFO - Computing moebius transform values
2025-01-23 01:42:30,122 - xai.nshap_analysis - INFO - nSHAP completed
2025-01-23 01:42:30,122 - xai.nshap_analysis - INFO - Allclose nSHAP
2025-01-23 01:43:38,700 - xai.nshap_analysis - INFO - Allclose nSHAP completed
2025-01-23 22:10:04,256 - xai.gshap_analysis - INFO - Processing model 1/1: Start
2025-01-23 22:10:04,256 - xai.gshap_analysis - INFO - Loading data and model for filename_covid_filter_col_None_filter_val_None_target_daylight_rain_ml_model_LGBMModel_mh_algo_SCA
2025-01-23 22:10:04,351 - xai.gshap_analysis - INFO - gSHAP started
2025-01-24 14:55:36,038 - xai.gshap_analysis - INFO - Processing model 1/1: Start
2025-01-24 14:55:36,039 - xai.gshap_analysis - INFO - Loading data and model for filename_covid_filter_col_None_filter_val_None_target_daylight_rain_ml_model_LGBMModel_mh_algo_SCA
2025-01-24 14:55:36,103 - xai.gshap_analysis - INFO - gSHAP started
2025-01-24 17:53:11,551 - xai.gshap_analysis - INFO - Processing model 1/1: Start
2025-01-24 17:53:11,552 - xai.gshap_analysis - INFO - Loading data and model for filename_ca_housing_filter_col_None_filter_val_None_target_target_ml_model_LGBMModel_mh_algo_SCA
2025-01-24 17:53:11,616 - xai.gshap_analysis - INFO - gSHAP started
2025-01-24 17:55:09,926 - xai.gshap_analysis - INFO - Processing model 1/1: Start
2025-01-24 17:55:09,927 - xai.gshap_analysis - INFO - Loading data and model for filename_ca_housing_filter_col_None_filter_val_None_target_target_ml_model_LGBMModel_mh_algo_SCA
2025-01-24 17:55:10,000 - xai.gshap_analysis - INFO - gSHAP started
2025-01-24 19:07:41,660 - xai.gshap_analysis - INFO - gSHAP model failure
2025-01-24 20:17:38,469 - xai.gshap_analysis - INFO - gSHAP intergroup difference
2025-01-24 20:31:54,737 - xai.gshap_analysis - INFO - gSHAP intergroup
2025-01-25 12:08:35,638 - xai.gshap_analysis - INFO - gSHAP hypothesis
2025-01-25 12:27:07,234 - xai.gshap_analysis - INFO - gSHAP completed
2025-01-25 13:03:03,333 - xai.gshap_analysis - INFO - Processing model 1/1: Start
2025-01-25 13:03:03,335 - xai.gshap_analysis - INFO - Loading data and model for filename_covid_filter_col_None_filter_val_None_target_daylight_rain_ml_model_LGBMModel_mh_algo_SCA
2025-01-25 13:03:03,435 - xai.gshap_analysis - INFO - gSHAP started
2025-01-25 13:03:03,635 - xai.gshap_analysis - INFO - Computing G-SHAP values for Class 0 vs. Class 1
2025-01-25 14:02:40,166 - xai.gshap_analysis - INFO - Computing G-SHAP values for Class 0 vs. Class 2
2025-01-25 15:05:12,263 - xai.gshap_analysis - INFO - Computing G-SHAP values for Class 0 vs. Class 3
2025-01-25 16:08:09,127 - xai.gshap_analysis - INFO - Computing G-SHAP values for Class 1 vs. Class 0
2025-01-25 17:04:50,093 - xai.gshap_analysis - INFO - Computing G-SHAP values for Class 1 vs. Class 2
2025-01-25 18:03:41,222 - xai.gshap_analysis - INFO - Computing G-SHAP values for Class 1 vs. Class 3
2025-01-25 18:34:57,650 - utils.train_and_optimize - INFO - File: ca_housing
2025-01-25 18:34:57,669 - utils.train_and_optimize - INFO - -------Target: target-------
2025-01-25 18:37:13,919 - utils.train_and_optimize - INFO - File: ca_housing
2025-01-25 18:37:13,936 - utils.train_and_optimize - INFO - -------Target: target-------
2025-01-25 18:37:13,937 - utils.train_and_optimize - INFO - ----------ML model evaluation----------
2025-01-25 18:37:13,937 - utils.train_and_optimize - INFO - 

Evaluating: LGBMModel CV
2025-01-25 18:37:14,315 - utils.train_and_optimize - INFO - 

Evaluating: ExtraTreesModel CV
2025-01-25 18:37:19,384 - utils.train_and_optimize - INFO - Top models:
       ml_model     r2
ExtraTreesModel 0.8636
      LGBMModel 0.8635
2025-01-25 18:37:19,385 - utils.train_and_optimize - INFO - -------------Optimization-------------
2025-01-25 18:37:19,385 - utils.train_and_optimize - INFO - Optimizing: ExtraTreesModel CV
2025-01-25 18:37:19,386 - optimization.optimization_problem - INFO - Initializing BaseOptimizerProblem with cross-validation
2025-01-25 18:37:52,138 - optimization.optimizer - INFO - Model: ExtraTreesModel, Dataset: ca_housing, Best MSE: 0.12299666593877616
2025-01-25 18:38:03,124 - utils.train_and_optimize - INFO - Optimized ExtraTreesModel CV by SCA
2025-01-25 18:38:05,228 - utils.train_and_optimize - INFO - Optimized ExtraTreesModel by SCA
2025-01-25 18:38:05,401 - utils.train_and_optimize - INFO - Optimizing: LGBMModel CV
2025-01-25 18:38:05,402 - optimization.optimization_problem - INFO - Initializing BaseOptimizerProblem with cross-validation
2025-01-25 18:40:17,270 - optimization.optimizer - INFO - Model: LGBMModel, Dataset: ca_housing, Best MSE: 0.11000489852903983
2025-01-25 18:40:24,037 - utils.train_and_optimize - INFO - Optimized LGBMModel CV by SCA
2025-01-25 18:40:25,034 - utils.train_and_optimize - INFO - Optimized LGBMModel by SCA
2025-01-25 18:40:25,100 - utils.train_and_optimize - INFO -    iteration    g_best    runtime         ml_model metaheuristic    filename filter_column filter_value  target
0          1  0.133648  10.120580  ExtraTreesModel           SCA  ca_housing          None         None  target
1          2  0.122997  13.216991  ExtraTreesModel           SCA  ca_housing          None         None  target
2          1  0.112746  57.975115        LGBMModel           SCA  ca_housing          None         None  target
3          2  0.110005  30.534518        LGBMModel           SCA  ca_housing          None         None  target
2025-01-25 18:40:25,120 - utils.train_and_optimize - INFO - JSON options file saved for ca_housing
2025-01-25 18:40:25,179 - utils.best_eval - INFO - Loading model from C:\Users\tbezdan\Desktop\crAIRsis datasets\reg_test2\models\filename_ca_housing_filter_col_None_filter_val_None_target_target_ml_model_LGBMModel_mh_algo_SCA.joblib
2025-01-25 18:40:25,209 - utils.best_eval - INFO - Loading data from C:\Users\tbezdan\Desktop\crAIRsis datasets\reg_test2\data\datasets\filename_ca_housing_filter_col_None_filter_val_None_target_target.csv
2025-01-25 18:50:51,078 - utils.train_and_optimize - INFO - File: ca_housing
2025-01-25 18:50:51,096 - utils.train_and_optimize - INFO - -------Target: target-------
2025-01-25 18:50:51,097 - utils.train_and_optimize - INFO - ----------ML model evaluation----------
2025-01-25 18:50:51,097 - utils.train_and_optimize - INFO - 

Evaluating: LGBMModel CV
2025-01-25 18:50:51,415 - utils.train_and_optimize - INFO - 

Evaluating: ExtraTreesModel CV
2025-01-25 18:50:56,483 - utils.train_and_optimize - INFO - Top models:
       ml_model     r2
ExtraTreesModel 0.8636
      LGBMModel 0.8635
2025-01-25 18:50:56,484 - utils.train_and_optimize - INFO - -------------Optimization-------------
2025-01-25 18:50:56,484 - utils.train_and_optimize - INFO - Optimizing: ExtraTreesModel CV
2025-01-25 18:50:56,485 - optimization.optimization_problem - INFO - Initializing BaseOptimizerProblem with cross-validation
2025-01-25 18:51:28,305 - optimization.optimizer - INFO - Model: ExtraTreesModel, Dataset: ca_housing, Best MSE: 0.12299666593877616
2025-01-25 18:51:37,858 - utils.train_and_optimize - INFO - Optimized ExtraTreesModel CV by SCA
2025-01-25 18:51:40,029 - utils.train_and_optimize - INFO - Optimized ExtraTreesModel by SCA
2025-01-25 18:51:40,318 - utils.train_and_optimize - INFO - Optimizing: LGBMModel CV
2025-01-25 18:51:40,320 - optimization.optimization_problem - INFO - Initializing BaseOptimizerProblem with cross-validation
2025-01-25 18:54:01,466 - optimization.optimizer - INFO - Model: LGBMModel, Dataset: ca_housing, Best MSE: 0.11000489852903983
2025-01-25 18:54:08,097 - utils.train_and_optimize - INFO - Optimized LGBMModel CV by SCA
2025-01-25 18:54:09,501 - utils.train_and_optimize - INFO - Optimized LGBMModel by SCA
2025-01-25 18:54:09,597 - utils.train_and_optimize - INFO -    iteration    g_best    runtime         ml_model metaheuristic    filename filter_column filter_value  target
0          1  0.133648   8.664868  ExtraTreesModel           SCA  ca_housing          None         None  target
1          2  0.122997  11.518971  ExtraTreesModel           SCA  ca_housing          None         None  target
2          1  0.112746  57.660560        LGBMModel           SCA  ca_housing          None         None  target
3          2  0.110005  31.174441        LGBMModel           SCA  ca_housing          None         None  target
2025-01-25 18:54:09,621 - utils.train_and_optimize - INFO - File: filename_ca_housing_filter_col_none_filter_val_none_target_target
2025-01-25 18:56:49,158 - utils.train_and_optimize - INFO - File: ca_housing
2025-01-25 18:56:49,178 - utils.train_and_optimize - INFO - -------Target: target-------
2025-01-25 18:56:49,180 - utils.train_and_optimize - INFO - ----------ML model evaluation----------
2025-01-25 18:56:49,180 - utils.train_and_optimize - INFO - 

Evaluating: LGBMModel CV
2025-01-25 18:56:49,719 - utils.train_and_optimize - INFO - 

Evaluating: ExtraTreesModel CV
2025-01-25 18:56:54,935 - utils.train_and_optimize - INFO - Top models:
       ml_model     r2
ExtraTreesModel 0.8636
      LGBMModel 0.8635
2025-01-25 18:56:54,937 - utils.train_and_optimize - INFO - -------------Optimization-------------
2025-01-25 18:56:54,937 - utils.train_and_optimize - INFO - Optimizing: ExtraTreesModel CV
2025-01-25 18:56:54,937 - optimization.optimization_problem - INFO - Initializing BaseOptimizerProblem with cross-validation
2025-01-25 18:57:28,338 - optimization.optimizer - INFO - Model: ExtraTreesModel, Dataset: ca_housing, Best MSE: 0.12299666593877616
2025-01-25 18:57:36,264 - utils.train_and_optimize - INFO - Optimized ExtraTreesModel CV by SCA
2025-01-25 18:57:37,880 - utils.train_and_optimize - INFO - Optimized ExtraTreesModel by SCA
2025-01-25 18:57:37,941 - utils.train_and_optimize - INFO - Optimizing: LGBMModel CV
2025-01-25 18:57:37,941 - optimization.optimization_problem - INFO - Initializing BaseOptimizerProblem with cross-validation
2025-01-25 19:00:58,416 - optimization.optimizer - INFO - Model: LGBMModel, Dataset: ca_housing, Best MSE: 0.11000489852903983
2025-01-25 19:01:07,837 - utils.train_and_optimize - INFO - Optimized LGBMModel CV by SCA
2025-01-25 19:01:09,866 - utils.train_and_optimize - INFO - Optimized LGBMModel by SCA
2025-01-25 19:01:09,985 - utils.train_and_optimize - INFO -    iteration    g_best    runtime         ml_model metaheuristic    filename filter_column filter_value  target
0          1  0.133648   9.165553  ExtraTreesModel           SCA  ca_housing          None         None  target
1          2  0.122997  10.971123  ExtraTreesModel           SCA  ca_housing          None         None  target
2          1  0.112746  89.289852        LGBMModel           SCA  ca_housing          None         None  target
3          2  0.110005  44.422863        LGBMModel           SCA  ca_housing          None         None  target
2025-01-25 19:01:10,023 - utils.train_and_optimize - INFO - JSON options file saved for ca_housing
2025-01-25 19:01:10,068 - utils.best_eval - INFO - Loading model from C:\Users\tbezdan\Desktop\crAIRsis datasets\reg_test2\models\filename_ca_housing_filter_col_None_filter_val_None_target_target_ml_model_LGBMModel_mh_algo_SCA.joblib
2025-01-25 19:01:10,116 - utils.best_eval - INFO - Loading data from C:\Users\tbezdan\Desktop\crAIRsis datasets\reg_test2\data\datasets\filename_ca_housing_filter_col_None_filter_val_None_target_target.csv
2025-01-25 19:01:10,187 - utils.best_eval - INFO - filename_ca_housing_filter_col_None_filter_val_None_target_target_ml_model_LGBMModel_mh_algo_SCA
2025-01-25 19:01:10,190 - utils.best_eval - INFO - R2 score difference: 0.0137
2025-01-25 19:02:58,711 - xai.shap_analysis - INFO - Processing model 1/1: Start
2025-01-25 19:02:58,711 - xai.shap_analysis - INFO - Loading data and model for filename_ca_housing_filter_col_None_filter_val_None_target_target_ml_model_LGBMModel_mh_algo_SCA
2025-01-25 19:02:58,739 - xai.shap_analysis - INFO - Initializing SHAP explainer
2025-01-25 19:03:02,627 - xai.shap_analysis - INFO - Performing local SHAP analysis for regression
2025-01-25 19:03:02,647 - xai.shap_analysis - INFO - Processing model 1/1: Completed

2025-01-25 19:05:16,211 - xai.shap_analysis - INFO - Processing model 1/1: Start
2025-01-25 19:05:16,212 - xai.shap_analysis - INFO - Loading data and model for filename_ca_housing_filter_col_None_filter_val_None_target_target_ml_model_LGBMModel_mh_algo_SCA
2025-01-25 19:05:16,246 - xai.shap_analysis - INFO - Initializing SHAP explainer
2025-01-25 19:05:17,650 - xai.shap_analysis - INFO - Calculating SHAP interaction values
2025-01-25 19:05:41,794 - xai.shap_analysis - INFO - Analyzing main effects and interactions - regression
2025-01-25 19:05:41,854 - xai.shap_analysis - INFO - Processing model 1/1: Completed

2025-01-25 19:06:23,758 - xai.shap_clustering - INFO - Starting SHAP clustering process.
2025-01-25 19:06:23,758 - xai.shap_clustering - INFO - Processing file: filename_ca_housing_filter_col_None_filter_val_None_target_target_ml_model_LGBMModel_mh_algo_SCA_impacts_local.csv
2025-01-25 19:06:23,761 - xai.shap_clustering - INFO - Performing clustering for general data.
2025-01-25 19:06:23,764 - xai.shap_clustering - INFO - Dimensionality reduction method: PaCMAP
2025-01-25 19:06:24,487 - xai.shap_clustering - INFO - Starting subclustering process. Task type: regression
2025-01-25 19:06:24,487 - xai.shap_clustering - INFO - Found 13 unique clusters: [-1  0  1  2  3  4  5  6  7  8  9 10 11]
2025-01-25 19:06:24,488 - xai.shap_clustering - INFO - Skipping noise points for cluster -1.
2025-01-25 19:06:24,488 - xai.shap_clustering - INFO - Processing parent cluster 0.
2025-01-25 19:06:24,489 - xai.shap_clustering - INFO - Cluster 0: Points after probability threshold filter: 35
2025-01-25 19:06:24,490 - xai.shap_clustering - INFO - Parent cluster 0: Found 3 subclusters.
2025-01-25 19:06:24,497 - xai.shap_clustering - INFO - Processing parent cluster 1.
2025-01-25 19:06:24,498 - xai.shap_clustering - INFO - Cluster 1: Points after probability threshold filter: 22
2025-01-25 19:06:24,500 - xai.shap_clustering - INFO - Parent cluster 1: Found 1 subclusters.
2025-01-25 19:06:24,503 - xai.shap_clustering - INFO - Processing parent cluster 2.
2025-01-25 19:06:24,504 - xai.shap_clustering - INFO - Cluster 2: Points after probability threshold filter: 14
2025-01-25 19:06:24,506 - xai.shap_clustering - INFO - Parent cluster 2: Found 1 subclusters.
2025-01-25 19:06:24,509 - xai.shap_clustering - INFO - Processing parent cluster 3.
2025-01-25 19:06:24,512 - xai.shap_clustering - INFO - Cluster 3: Points after probability threshold filter: 27
2025-01-25 19:06:24,514 - xai.shap_clustering - INFO - Parent cluster 3: Found 3 subclusters.
2025-01-25 19:06:24,518 - xai.shap_clustering - INFO - Processing parent cluster 4.
2025-01-25 19:06:24,518 - xai.shap_clustering - INFO - Cluster 4: Points after probability threshold filter: 20
2025-01-25 19:06:24,519 - xai.shap_clustering - INFO - Parent cluster 4: Found 1 subclusters.
2025-01-25 19:06:24,522 - xai.shap_clustering - INFO - Processing parent cluster 5.
2025-01-25 19:06:24,523 - xai.shap_clustering - INFO - Cluster 5: Points after probability threshold filter: 13
2025-01-25 19:06:24,524 - xai.shap_clustering - INFO - Parent cluster 5: Found 1 subclusters.
2025-01-25 19:06:24,528 - xai.shap_clustering - INFO - Processing parent cluster 6.
2025-01-25 19:06:24,529 - xai.shap_clustering - INFO - Cluster 6: Points after probability threshold filter: 24
2025-01-25 19:06:24,530 - xai.shap_clustering - INFO - Parent cluster 6: Found 1 subclusters.
2025-01-25 19:06:24,533 - xai.shap_clustering - INFO - Processing parent cluster 7.
2025-01-25 19:06:24,534 - xai.shap_clustering - INFO - Cluster 7: Points after probability threshold filter: 31
2025-01-25 19:06:24,536 - xai.shap_clustering - INFO - Parent cluster 7: Found 3 subclusters.
2025-01-25 19:06:24,539 - xai.shap_clustering - INFO - Processing parent cluster 8.
2025-01-25 19:06:24,540 - xai.shap_clustering - INFO - Cluster 8: Points after probability threshold filter: 46
2025-01-25 19:06:24,542 - xai.shap_clustering - INFO - Parent cluster 8: Found 4 subclusters.
2025-01-25 19:06:24,546 - xai.shap_clustering - INFO - Processing parent cluster 9.
2025-01-25 19:06:24,547 - xai.shap_clustering - INFO - Cluster 9: Points after probability threshold filter: 17
2025-01-25 19:06:24,548 - xai.shap_clustering - INFO - Parent cluster 9: Found 1 subclusters.
2025-01-25 19:06:24,551 - xai.shap_clustering - INFO - Processing parent cluster 10.
2025-01-25 19:06:24,552 - xai.shap_clustering - INFO - Cluster 10: Points after probability threshold filter: 22
2025-01-25 19:06:24,553 - xai.shap_clustering - INFO - Parent cluster 10: Found 1 subclusters.
2025-01-25 19:06:24,557 - xai.shap_clustering - INFO - Processing parent cluster 11.
2025-01-25 19:06:24,557 - xai.shap_clustering - INFO - Cluster 11: Points after probability threshold filter: 13
2025-01-25 19:06:24,559 - xai.shap_clustering - INFO - Parent cluster 11: Found 1 subclusters.
2025-01-25 19:06:24,562 - xai.shap_clustering - INFO - Subclustering process completed.
2025-01-25 19:06:24,563 - xai.shap_clustering - INFO - Successfully processed file: filename_ca_housing_filter_col_None_filter_val_None_target_target_ml_model_LGBMModel_mh_algo_SCA_impacts_local.csv
2025-01-25 19:06:24,563 - xai.shap_clustering - INFO - SHAP clustering process completed.
2025-01-25 19:07:10,894 - xai.sage_analysis - INFO - Starting SAGE analysis...
2025-01-25 19:07:10,894 - xai.sage_analysis - INFO - Analyzing model: LGBMModel with mh_algo: SCA for target: target, filename: ca_housing, filter value: None
2025-01-25 19:11:37,753 - xai.sage_analysis - INFO - SAGE analysis completed.
2025-01-25 19:12:09,601 - xai.nshap_analysis - INFO - Processing model 1/1: Start
2025-01-25 19:12:09,601 - xai.nshap_analysis - INFO - Loading data and model for filename_ca_housing_filter_col_None_filter_val_None_target_target_ml_model_LGBMModel_mh_algo_SCA
2025-01-25 19:12:09,643 - xai.nshap_analysis - INFO - Training new model with the most important features from SAGE
2025-01-25 19:12:10,625 - xai.nshap_analysis - INFO - Saving predictions for the new model
2025-01-25 19:12:10,640 - xai.nshap_analysis - INFO - Predictions saved to C:\Users\tbezdan\Desktop\crAIRsis datasets\reg_test2\data\nshap\filename_ca_housing_filter_col_None_filter_val_None_target_target_ml_model_LGBMModel_mh_algo_SCA_predictions.csv
2025-01-25 19:12:10,640 - xai.nshap_analysis - INFO - Initializing nSHAP
2025-01-25 19:12:10,640 - xai.nshap_analysis - INFO - Computing n shapley values
2025-01-25 19:46:02,959 - xai.nshap_analysis - INFO - Computing shapley taylor values
2025-01-26 01:10:39,405 - xai.nshap_analysis - INFO - Processing model 1/1: Start
2025-01-26 01:10:39,406 - xai.nshap_analysis - INFO - Loading data and model for filename_ca_housing_filter_col_None_filter_val_None_target_target_ml_model_LGBMModel_mh_algo_SCA
2025-01-26 01:10:39,444 - xai.nshap_analysis - INFO - Training new model with the most important features from SAGE
2025-01-26 01:10:40,471 - xai.nshap_analysis - INFO - Saving predictions for the new model
2025-01-26 01:10:40,483 - xai.nshap_analysis - INFO - Predictions saved to C:\Users\tbezdan\Desktop\crAIRsis datasets\reg_test2\data\nshap\filename_ca_housing_filter_col_None_filter_val_None_target_target_ml_model_LGBMModel_mh_algo_SCA_predictions.csv
2025-01-26 01:10:40,483 - xai.nshap_analysis - INFO - Initializing nSHAP
2025-01-26 01:10:40,484 - xai.nshap_analysis - INFO - Computing n shapley values
2025-01-26 01:39:06,133 - xai.nshap_analysis - INFO - Computing shapley taylor values
2025-01-26 02:08:37,608 - xai.nshap_analysis - INFO - Computing faith shap values
2025-01-26 02:38:15,988 - xai.nshap_analysis - INFO - Computing shapley interaction index values
2025-01-26 03:07:58,909 - xai.nshap_analysis - INFO - Computing banzhaf interaction index values
2025-01-26 03:37:43,445 - xai.nshap_analysis - INFO - Computing faith banzhaf values
2025-01-26 04:08:08,807 - xai.nshap_analysis - INFO - Computing moebius transform values
2025-01-26 04:39:01,212 - xai.nshap_analysis - INFO - nSHAP completed
2025-01-26 04:39:01,213 - xai.nshap_analysis - INFO - Allclose nSHAP
2025-01-26 04:41:30,785 - xai.nshap_analysis - INFO - Allclose nSHAP completed
2025-01-26 04:42:44,601 - xai.isage_analysis - INFO - Processing model 1/1: Start
2025-01-26 04:42:44,602 - xai.isage_analysis - INFO - Loading data and model for filename_ca_housing_filter_col_None_filter_val_None_target_target_ml_model_LGBMModel_mh_algo_SCA
2025-01-26 04:42:44,677 - xai.isage_analysis - INFO - iSAGE started
2025-01-26 04:44:20,904 - xai.isage_analysis - INFO - iSAGE completed
2025-01-26 13:35:05,476 - utils.train_and_optimize - INFO - File: covid
2025-01-26 13:35:05,591 - utils.train_and_optimize - INFO - -------Target: daylight_rain-------
2025-01-26 13:35:05,596 - utils.train_and_optimize - INFO - ----------ML model evaluation----------
2025-01-26 13:35:05,597 - utils.train_and_optimize - INFO - Target distribution:
0    1355
1    1245
3     686
2     642
Name: daylight_rain, dtype: int64
2025-01-26 13:35:05,597 - utils.train_and_optimize - INFO - 

Evaluating: BalancedRandomForestCls CV
2025-01-26 13:35:10,317 - utils.train_and_optimize - INFO - Confusion Matrix:
[[1355    0    0    0]
 [   2 1243    0    0]
 [   0    0  642    0]
 [   0    0    1  685]]
2025-01-26 13:35:15,051 - utils.train_and_optimize - INFO - accuracy: 0.9992362525458248
2025-01-26 13:35:15,051 - utils.train_and_optimize - INFO - f1_score: 0.9992362418565078
2025-01-26 13:35:15,051 - utils.train_and_optimize - INFO - precision: 0.9992373989024075
2025-01-26 13:35:15,051 - utils.train_and_optimize - INFO - recall: 0.9992362525458248
2025-01-26 13:35:15,051 - utils.train_and_optimize - INFO - roc_auc: 0.9999971825236228
2025-01-26 13:35:15,051 - utils.train_and_optimize - INFO - log_loss: 0.12383087097169487
2025-01-26 13:35:15,051 - utils.train_and_optimize - INFO - macro avg precision: 0.9992427376737864
2025-01-26 13:35:15,051 - utils.train_and_optimize - INFO - macro avg recall: 0.9992339620874167
2025-01-26 13:35:15,052 - utils.train_and_optimize - INFO - macro avg f1-score: 0.9992377684082612
2025-01-26 13:35:15,052 - utils.train_and_optimize - INFO - macro avg support: 3928.0
2025-01-26 13:35:15,052 - utils.train_and_optimize - INFO - weighted avg precision: 0.9992373989024075
2025-01-26 13:35:15,052 - utils.train_and_optimize - INFO - weighted avg recall: 0.9992362525458248
2025-01-26 13:35:15,052 - utils.train_and_optimize - INFO - weighted avg f1-score: 0.9992362418565078
2025-01-26 13:35:15,052 - utils.train_and_optimize - INFO - weighted avg support: 3928.0
2025-01-26 13:35:15,052 - utils.train_and_optimize - INFO - 

Evaluating: LGBMModel CV
2025-01-26 13:35:16,716 - utils.train_and_optimize - INFO - Confusion Matrix:
[[1355    0    0    0]
 [   0 1245    0    0]
 [   0    0  642    0]
 [   0    0    0  686]]
2025-01-26 13:35:18,010 - utils.train_and_optimize - INFO - accuracy: 1.0
2025-01-26 13:35:18,011 - utils.train_and_optimize - INFO - f1_score: 1.0
2025-01-26 13:35:18,011 - utils.train_and_optimize - INFO - precision: 1.0
2025-01-26 13:35:18,011 - utils.train_and_optimize - INFO - recall: 1.0
2025-01-26 13:35:18,011 - utils.train_and_optimize - INFO - roc_auc: 1.0
2025-01-26 13:35:18,011 - utils.train_and_optimize - INFO - log_loss: 1.0234193999955466e-06
2025-01-26 13:35:18,012 - utils.train_and_optimize - INFO - macro avg precision: 1.0
2025-01-26 13:35:18,012 - utils.train_and_optimize - INFO - macro avg recall: 1.0
2025-01-26 13:35:18,012 - utils.train_and_optimize - INFO - macro avg f1-score: 1.0
2025-01-26 13:35:18,012 - utils.train_and_optimize - INFO - macro avg support: 3928.0
2025-01-26 13:35:18,012 - utils.train_and_optimize - INFO - weighted avg precision: 1.0
2025-01-26 13:35:18,012 - utils.train_and_optimize - INFO - weighted avg recall: 1.0
2025-01-26 13:35:18,012 - utils.train_and_optimize - INFO - weighted avg f1-score: 1.0
2025-01-26 13:35:18,013 - utils.train_and_optimize - INFO - weighted avg support: 3928.0
2025-01-26 13:35:18,013 - utils.train_and_optimize - INFO - 

Evaluating: ExtraTreesModel CV
2025-01-26 13:35:20,445 - utils.train_and_optimize - INFO - Confusion Matrix:
[[1331   24    0    0]
 [  58 1187    0    0]
 [   0    0  616   26]
 [   0    0   36  650]]
2025-01-26 13:35:22,714 - utils.train_and_optimize - INFO - accuracy: 0.9633401221995926
2025-01-26 13:35:22,715 - utils.train_and_optimize - INFO - f1_score: 0.9633280011936005
2025-01-26 13:35:22,715 - utils.train_and_optimize - INFO - precision: 0.9635726667489805
2025-01-26 13:35:22,715 - utils.train_and_optimize - INFO - recall: 0.9633401221995926
2025-01-26 13:35:22,715 - utils.train_and_optimize - INFO - roc_auc: 0.9985019380533003
2025-01-26 13:35:22,716 - utils.train_and_optimize - INFO - log_loss: 0.16263482761108733
2025-01-26 13:35:22,716 - utils.train_and_optimize - INFO - macro avg precision: 0.9611871865469446
2025-01-26 13:35:22,716 - utils.train_and_optimize - INFO - macro avg recall: 0.9606812252545786
2025-01-26 13:35:22,716 - utils.train_and_optimize - INFO - macro avg f1-score: 0.9608235642579166
2025-01-26 13:35:22,716 - utils.train_and_optimize - INFO - macro avg support: 3928.0
2025-01-26 13:35:22,716 - utils.train_and_optimize - INFO - weighted avg precision: 0.9635726667489805
2025-01-26 13:35:22,717 - utils.train_and_optimize - INFO - weighted avg recall: 0.9633401221995926
2025-01-26 13:35:22,717 - utils.train_and_optimize - INFO - weighted avg f1-score: 0.9633280011936005
2025-01-26 13:35:22,717 - utils.train_and_optimize - INFO - weighted avg support: 3928.0
2025-01-26 13:35:22,717 - utils.train_and_optimize - INFO - 

Evaluating: HistGradientBoostingCls CV
2025-01-26 13:35:46,145 - utils.train_and_optimize - INFO - Confusion Matrix:
[[1354    1    0    0]
 [   2 1243    0    0]
 [   0    0  642    0]
 [   0    0    2  684]]
2025-01-26 13:36:09,641 - utils.train_and_optimize - INFO - accuracy: 0.9987270875763747
2025-01-26 13:36:09,641 - utils.train_and_optimize - INFO - f1_score: 0.9987270992886039
2025-01-26 13:36:09,642 - utils.train_and_optimize - INFO - precision: 0.9987288396761347
2025-01-26 13:36:09,642 - utils.train_and_optimize - INFO - recall: 0.9987270875763747
2025-01-26 13:36:09,642 - utils.train_and_optimize - INFO - roc_auc: 0.9999971890195304
2025-01-26 13:36:09,642 - utils.train_and_optimize - INFO - log_loss: 0.005071731068461248
2025-01-26 13:36:09,643 - utils.train_and_optimize - INFO - macro avg precision: 0.9986539062908252
2025-01-26 13:36:09,643 - utils.train_and_optimize - INFO - macro avg recall: 0.9986850287555178
2025-01-26 13:36:09,643 - utils.train_and_optimize - INFO - macro avg f1-score: 0.9986682574919412
2025-01-26 13:36:09,643 - utils.train_and_optimize - INFO - macro avg support: 3928.0
2025-01-26 13:36:09,643 - utils.train_and_optimize - INFO - weighted avg precision: 0.9987288396761347
2025-01-26 13:36:09,643 - utils.train_and_optimize - INFO - weighted avg recall: 0.9987270875763747
2025-01-26 13:36:09,643 - utils.train_and_optimize - INFO - weighted avg f1-score: 0.9987270992886039
2025-01-26 13:36:09,643 - utils.train_and_optimize - INFO - weighted avg support: 3928.0
2025-01-26 13:36:09,647 - utils.train_and_optimize - INFO - Top models:
               ml_model f1_score
              LGBMModel   1.0000
BalancedRandomForestCls   0.9992
HistGradientBoostingCls   0.9987
2025-01-26 13:36:09,648 - utils.train_and_optimize - INFO - -------------Optimization-------------
2025-01-26 13:36:09,648 - utils.train_and_optimize - INFO - Optimizing: LGBMModel CV
2025-01-26 13:36:09,649 - optimization.optimization_problem - INFO - Initializing BaseOptimizerProblem with cross-validation
2025-01-26 13:37:23,205 - optimization.optimizer - INFO - Model: LGBMModel, Dataset: covid, Best Log Loss: 0.00036072693991035193
2025-01-26 13:37:36,785 - utils.train_and_optimize - INFO - Optimized LGBMModel CV by SCA
2025-01-26 13:37:36,786 - utils.train_and_optimize - INFO - accuracy: 1.0
2025-01-26 13:37:36,786 - utils.train_and_optimize - INFO - f1_score: 1.0
2025-01-26 13:37:36,786 - utils.train_and_optimize - INFO - precision: 1.0
2025-01-26 13:37:36,786 - utils.train_and_optimize - INFO - recall: 1.0
2025-01-26 13:37:36,788 - utils.train_and_optimize - INFO - roc_auc: 1.0
2025-01-26 13:37:36,788 - utils.train_and_optimize - INFO - log_loss: 0.0003607187496049515
2025-01-26 13:37:38,595 - utils.train_and_optimize - INFO - Optimized LGBMModel by SCA
2025-01-26 13:37:38,596 - utils.train_and_optimize - INFO - accuracy: 1.0
2025-01-26 13:37:38,597 - utils.train_and_optimize - INFO - f1_score: 1.0
2025-01-26 13:37:38,597 - utils.train_and_optimize - INFO - precision: 1.0
2025-01-26 13:37:38,597 - utils.train_and_optimize - INFO - recall: 1.0
2025-01-26 13:37:38,597 - utils.train_and_optimize - INFO - roc_auc: 1.0
2025-01-26 13:37:38,598 - utils.train_and_optimize - INFO - log_loss: 0.00035697284928109353
2025-01-26 13:37:38,861 - utils.train_and_optimize - INFO - Optimizing: BalancedRandomForestCls CV
2025-01-26 13:37:38,861 - optimization.optimization_problem - INFO - Initializing BaseOptimizerProblem with cross-validation
2025-01-26 13:45:19,557 - optimization.optimizer - INFO - Model: BalancedRandomForestCls, Dataset: covid, Best Log Loss: 0.0004773044750300548
2025-01-26 13:48:41,615 - utils.train_and_optimize - INFO - Optimized BalancedRandomForestCls CV by SCA
2025-01-26 13:48:41,616 - utils.train_and_optimize - INFO - accuracy: 1.0
2025-01-26 13:48:41,616 - utils.train_and_optimize - INFO - f1_score: 1.0
2025-01-26 13:48:41,616 - utils.train_and_optimize - INFO - precision: 1.0
2025-01-26 13:48:41,617 - utils.train_and_optimize - INFO - recall: 1.0
2025-01-26 13:48:41,617 - utils.train_and_optimize - INFO - roc_auc: 1.0
2025-01-26 13:48:41,617 - utils.train_and_optimize - INFO - log_loss: 0.000477304827442553
2025-01-26 13:49:05,946 - utils.train_and_optimize - INFO - Optimized BalancedRandomForestCls by SCA
2025-01-26 13:49:05,946 - utils.train_and_optimize - INFO - accuracy: 1.0
2025-01-26 13:49:05,946 - utils.train_and_optimize - INFO - f1_score: 1.0
2025-01-26 13:49:05,947 - utils.train_and_optimize - INFO - precision: 1.0
2025-01-26 13:49:05,947 - utils.train_and_optimize - INFO - recall: 1.0
2025-01-26 13:49:05,947 - utils.train_and_optimize - INFO - roc_auc: 1.0
2025-01-26 13:49:05,947 - utils.train_and_optimize - INFO - log_loss: 0.0004972418912680185
2025-01-26 13:49:06,882 - utils.train_and_optimize - INFO - Optimizing: HistGradientBoostingCls CV
2025-01-26 13:49:06,883 - optimization.optimization_problem - INFO - Initializing BaseOptimizerProblem with cross-validation
2025-01-26 13:53:15,688 - optimization.optimizer - INFO - Model: HistGradientBoostingCls, Dataset: covid, Best Log Loss: 0.003167000428567253
2025-01-26 13:53:43,722 - utils.train_and_optimize - INFO - Optimized HistGradientBoostingCls CV by SCA
2025-01-26 13:53:43,723 - utils.train_and_optimize - INFO - accuracy: 0.9982179226069247
2025-01-26 13:53:43,723 - utils.train_and_optimize - INFO - f1_score: 0.9982179412482871
2025-01-26 13:53:43,724 - utils.train_and_optimize - INFO - precision: 0.9982183428120908
2025-01-26 13:53:43,724 - utils.train_and_optimize - INFO - recall: 0.9982179226069247
2025-01-26 13:53:43,724 - utils.train_and_optimize - INFO - roc_auc: 0.9999983657731468
2025-01-26 13:53:43,725 - utils.train_and_optimize - INFO - log_loss: 0.0031671473789147003
2025-01-26 13:53:47,019 - utils.train_and_optimize - INFO - Optimized HistGradientBoostingCls by SCA
2025-01-26 13:53:47,020 - utils.train_and_optimize - INFO - accuracy: 0.9987277353689568
2025-01-26 13:53:47,020 - utils.train_and_optimize - INFO - f1_score: 0.998727626939053
2025-01-26 13:53:47,020 - utils.train_and_optimize - INFO - precision: 0.9987324128124533
2025-01-26 13:53:47,020 - utils.train_and_optimize - INFO - recall: 0.9987277353689568
2025-01-26 13:53:47,022 - utils.train_and_optimize - INFO - roc_auc: 0.999996339043854
2025-01-26 13:53:47,022 - utils.train_and_optimize - INFO - log_loss: 0.003064568451192482
2025-01-26 13:53:47,199 - utils.train_and_optimize - INFO -    iteration    g_best     runtime                 ml_model metaheuristic filename filter_column filter_value         target
0          1  0.000361   23.851627                LGBMModel           SCA    covid          None         None  daylight_rain
1          2  0.000361   24.456024                LGBMModel           SCA    covid          None         None  daylight_rain
2          1  0.000477  121.880934  BalancedRandomForestCls           SCA    covid          None         None  daylight_rain
3          2  0.000477  141.068873  BalancedRandomForestCls           SCA    covid          None         None  daylight_rain
4          1  0.003221   71.003439  HistGradientBoostingCls           SCA    covid          None         None  daylight_rain
5          2  0.003167   81.264883  HistGradientBoostingCls           SCA    covid          None         None  daylight_rain
2025-01-26 13:53:47,219 - utils.train_and_optimize - INFO - JSON options file saved for covid
2025-01-26 13:53:47,292 - utils.best_eval - INFO - Loading model from C:\Users\tbezdan\Desktop\crAIRsis datasets\EU_cls\models\filename_covid_filter_col_None_filter_val_None_target_daylight_rain_ml_model_LGBMModel_mh_algo_SCA.joblib
2025-01-26 13:53:47,343 - utils.best_eval - INFO - Loading data from C:\Users\tbezdan\Desktop\crAIRsis datasets\EU_cls\data\datasets\filename_covid_filter_col_None_filter_val_None_target_daylight_rain.csv
2025-01-26 13:53:47,524 - utils.best_eval - INFO - filename_covid_filter_col_None_filter_val_None_target_daylight_rain_ml_model_LGBMModel_mh_algo_SCA
2025-01-26 13:53:47,540 - utils.best_eval - INFO - Accuracy: 1.0
2025-01-26 13:53:47,540 - utils.best_eval - INFO - F1 Score: 1.0
2025-01-26 13:53:47,541 - utils.best_eval - INFO - Precision: 1.0
2025-01-26 13:53:47,541 - utils.best_eval - INFO - Recall: 1.0
2025-01-26 13:53:47,541 - utils.best_eval - INFO - Classification Report: {'0': {'precision': 1.0, 'recall': 1.0, 'f1-score': 1.0, 'support': 271.0}, '1': {'precision': 1.0, 'recall': 1.0, 'f1-score': 1.0, 'support': 249.0}, '2': {'precision': 1.0, 'recall': 1.0, 'f1-score': 1.0, 'support': 129.0}, '3': {'precision': 1.0, 'recall': 1.0, 'f1-score': 1.0, 'support': 137.0}, 'accuracy': 1.0, 'macro avg': {'precision': 1.0, 'recall': 1.0, 'f1-score': 1.0, 'support': 786.0}, 'weighted avg': {'precision': 1.0, 'recall': 1.0, 'f1-score': 1.0, 'support': 786.0}}
2025-01-26 13:53:47,550 - xai.shap_analysis - INFO - Processing model 1/1: Start
2025-01-26 13:53:47,556 - xai.shap_analysis - INFO - Loading data and model for filename_covid_filter_col_None_filter_val_None_target_daylight_rain_ml_model_LGBMModel_mh_algo_SCA
2025-01-26 13:53:47,669 - xai.shap_analysis - INFO - Initializing SHAP explainer
2025-01-26 13:53:50,680 - xai.shap_analysis - INFO - Performing local SHAP analysis for class 0
2025-01-26 13:53:51,014 - xai.shap_analysis - INFO - Analyzing main effects and interactions for class 0
2025-01-26 13:53:51,014 - xai.shap_analysis - INFO - Performing local SHAP analysis for class 1
2025-01-26 13:53:51,344 - xai.shap_analysis - INFO - Analyzing main effects and interactions for class 1
2025-01-26 13:53:51,345 - xai.shap_analysis - INFO - Performing local SHAP analysis for class 2
2025-01-26 13:53:51,664 - xai.shap_analysis - INFO - Analyzing main effects and interactions for class 2
2025-01-26 13:53:51,665 - xai.shap_analysis - INFO - Performing local SHAP analysis for class 3
2025-01-26 13:53:51,980 - xai.shap_analysis - INFO - Analyzing main effects and interactions for class 3
2025-01-26 13:53:52,620 - xai.shap_analysis - INFO - Processing model 1/1: Completed

2025-01-26 13:53:52,632 - xai.shap_analysis - INFO - Processing model 1/1: Start
2025-01-26 13:53:52,633 - xai.shap_analysis - INFO - Loading data and model for filename_covid_filter_col_None_filter_val_None_target_daylight_rain_ml_model_LGBMModel_mh_algo_SCA
2025-01-26 13:53:52,714 - xai.shap_analysis - INFO - Initializing SHAP explainer
2025-01-26 13:53:53,725 - xai.shap_analysis - INFO - Calculating SHAP interaction values
2025-01-26 13:54:46,353 - xai.shap_analysis - INFO - Analyzing main effects and interactions for class 0
2025-01-26 13:54:50,950 - xai.shap_analysis - INFO - Analyzing main effects and interactions for class 1
2025-01-26 13:54:55,417 - xai.shap_analysis - INFO - Analyzing main effects and interactions for class 2
2025-01-26 13:54:59,951 - xai.shap_analysis - INFO - Analyzing main effects and interactions for class 3
2025-01-26 13:55:04,365 - xai.shap_analysis - INFO - Processing model 1/1: Completed

2025-01-26 13:55:04,392 - xai.shap_clustering - INFO - Starting SHAP clustering process.
2025-01-26 13:55:04,394 - xai.shap_clustering - INFO - Processing file: filename_covid_filter_col_None_filter_val_None_target_daylight_rain_ml_model_LGBMModel_mh_algo_SCA_impacts_local.csv
2025-01-26 13:55:04,431 - xai.shap_clustering - INFO - Performing clustering for general data.
2025-01-26 13:55:04,441 - xai.shap_clustering - INFO - Dimensionality reduction method: PaCMAP
2025-01-26 13:55:05,893 - xai.shap_clustering - INFO - Starting subclustering process. Task type: classification
2025-01-26 13:55:05,893 - xai.shap_clustering - INFO - Found 4 unique clusters: [0 1 2 3]
2025-01-26 13:55:05,894 - xai.shap_clustering - INFO - Processing parent cluster 0.
2025-01-26 13:55:05,896 - xai.shap_clustering - INFO - Cluster 0: Points after probability threshold filter: 225
2025-01-26 13:55:05,905 - xai.shap_clustering - INFO - Parent cluster 0: Found 10 subclusters.
2025-01-26 13:55:05,923 - xai.shap_clustering - INFO - Processing parent cluster 1.
2025-01-26 13:55:05,925 - xai.shap_clustering - INFO - Cluster 1: Points after probability threshold filter: 95
2025-01-26 13:55:05,930 - xai.shap_clustering - INFO - Parent cluster 1: Found 7 subclusters.
2025-01-26 13:55:05,941 - xai.shap_clustering - INFO - Processing parent cluster 2.
2025-01-26 13:55:05,942 - xai.shap_clustering - INFO - Cluster 2: Points after probability threshold filter: 94
2025-01-26 13:55:05,947 - xai.shap_clustering - INFO - Parent cluster 2: Found 4 subclusters.
2025-01-26 13:55:05,960 - xai.shap_clustering - INFO - Processing parent cluster 3.
2025-01-26 13:55:05,961 - xai.shap_clustering - INFO - Cluster 3: Points after probability threshold filter: 78
2025-01-26 13:55:05,967 - xai.shap_clustering - INFO - Parent cluster 3: Found 3 subclusters.
2025-01-26 13:55:05,978 - xai.shap_clustering - INFO - Subclustering process completed.
2025-01-26 13:55:05,979 - xai.shap_clustering - INFO - Successfully processed file: filename_covid_filter_col_None_filter_val_None_target_daylight_rain_ml_model_LGBMModel_mh_algo_SCA_impacts_local.csv
2025-01-26 13:55:05,979 - xai.shap_clustering - INFO - Processing file: filename_covid_filter_col_None_filter_val_None_target_daylight_rain_ml_model_LGBMModel_mh_algo_SCA_impacts_local_class_0.csv
2025-01-26 13:55:06,002 - xai.shap_clustering - INFO - Performing clustering for class: 0
2025-01-26 13:55:06,010 - xai.shap_clustering - INFO - Dimensionality reduction method: PaCMAP
2025-01-26 13:55:07,525 - xai.shap_clustering - INFO - Starting subclustering process. Task type: classification
2025-01-26 13:55:07,525 - xai.shap_clustering - INFO - Processing subclustering for class label: 0
2025-01-26 13:55:07,526 - xai.shap_clustering - INFO - Found 4 unique clusters: [0 1 2 3]
2025-01-26 13:55:07,527 - xai.shap_clustering - INFO - Processing parent cluster 0.
2025-01-26 13:55:07,528 - xai.shap_clustering - INFO - Cluster 0: Points after probability threshold filter: 203
2025-01-26 13:55:07,536 - xai.shap_clustering - INFO - Parent cluster 0: Found 8 subclusters.
2025-01-26 13:55:07,554 - xai.shap_clustering - INFO - Processing parent cluster 1.
2025-01-26 13:55:07,555 - xai.shap_clustering - INFO - Cluster 1: Points after probability threshold filter: 135
2025-01-26 13:55:07,567 - xai.shap_clustering - INFO - Parent cluster 1: Found 4 subclusters.
2025-01-26 13:55:07,581 - xai.shap_clustering - INFO - Processing parent cluster 2.
2025-01-26 13:55:07,583 - xai.shap_clustering - INFO - Cluster 2: Points after probability threshold filter: 84
2025-01-26 13:55:07,587 - xai.shap_clustering - INFO - Parent cluster 2: Found 2 subclusters.
2025-01-26 13:55:07,600 - xai.shap_clustering - INFO - Processing parent cluster 3.
2025-01-26 13:55:07,601 - xai.shap_clustering - INFO - Cluster 3: Points after probability threshold filter: 90
2025-01-26 13:55:07,615 - xai.shap_clustering - INFO - Parent cluster 3: Found 2 subclusters.
2025-01-26 13:55:07,624 - xai.shap_clustering - INFO - Subclustering process completed.
2025-01-26 13:55:07,625 - xai.shap_clustering - INFO - Successfully processed file: filename_covid_filter_col_None_filter_val_None_target_daylight_rain_ml_model_LGBMModel_mh_algo_SCA_impacts_local_class_0.csv
2025-01-26 13:55:07,625 - xai.shap_clustering - INFO - Processing file: filename_covid_filter_col_None_filter_val_None_target_daylight_rain_ml_model_LGBMModel_mh_algo_SCA_impacts_local_class_1.csv
2025-01-26 13:55:07,648 - xai.shap_clustering - INFO - Performing clustering for class: 1
2025-01-26 13:55:07,660 - xai.shap_clustering - INFO - Dimensionality reduction method: PaCMAP
2025-01-26 13:55:09,472 - xai.shap_clustering - INFO - Starting subclustering process. Task type: classification
2025-01-26 13:55:09,472 - xai.shap_clustering - INFO - Processing subclustering for class label: 1
2025-01-26 13:55:09,473 - xai.shap_clustering - INFO - Found 9 unique clusters: [-1  0  1  2  3  4  5  6  7]
2025-01-26 13:55:09,474 - xai.shap_clustering - INFO - Skipping noise points for cluster -1.
2025-01-26 13:55:09,474 - xai.shap_clustering - INFO - Processing parent cluster 0.
2025-01-26 13:55:09,475 - xai.shap_clustering - INFO - Cluster 0: Points after probability threshold filter: 58
2025-01-26 13:55:09,482 - xai.shap_clustering - INFO - Parent cluster 0: Found 2 subclusters.
2025-01-26 13:55:09,493 - xai.shap_clustering - INFO - Processing parent cluster 1.
2025-01-26 13:55:09,495 - xai.shap_clustering - INFO - Cluster 1: Points after probability threshold filter: 92
2025-01-26 13:55:09,500 - xai.shap_clustering - INFO - Parent cluster 1: Found 3 subclusters.
2025-01-26 13:55:09,512 - xai.shap_clustering - INFO - Processing parent cluster 2.
2025-01-26 13:55:09,513 - xai.shap_clustering - INFO - Cluster 2: Points after probability threshold filter: 154
2025-01-26 13:55:09,522 - xai.shap_clustering - INFO - Parent cluster 2: Found 7 subclusters.
2025-01-26 13:55:09,536 - xai.shap_clustering - INFO - Processing parent cluster 3.
2025-01-26 13:55:09,537 - xai.shap_clustering - INFO - Cluster 3: Points after probability threshold filter: 104
2025-01-26 13:55:09,544 - xai.shap_clustering - INFO - Parent cluster 3: Found 5 subclusters.
2025-01-26 13:55:09,557 - xai.shap_clustering - INFO - Processing parent cluster 4.
2025-01-26 13:55:09,558 - xai.shap_clustering - INFO - Cluster 4: Points after probability threshold filter: 20
2025-01-26 13:55:09,560 - xai.shap_clustering - INFO - Parent cluster 4: Found 1 subclusters.
2025-01-26 13:55:09,567 - xai.shap_clustering - INFO - Processing parent cluster 5.
2025-01-26 13:55:09,568 - xai.shap_clustering - INFO - Cluster 5: Points after probability threshold filter: 18
2025-01-26 13:55:09,571 - xai.shap_clustering - INFO - Parent cluster 5: Found 1 subclusters.
2025-01-26 13:55:09,578 - xai.shap_clustering - INFO - Processing parent cluster 6.
2025-01-26 13:55:09,579 - xai.shap_clustering - INFO - Cluster 6: Points after probability threshold filter: 23
2025-01-26 13:55:09,583 - xai.shap_clustering - INFO - Parent cluster 6: Found 3 subclusters.
2025-01-26 13:55:09,592 - xai.shap_clustering - INFO - Processing parent cluster 7.
2025-01-26 13:55:09,593 - xai.shap_clustering - INFO - Cluster 7: Points after probability threshold filter: 36
2025-01-26 13:55:09,598 - xai.shap_clustering - INFO - Parent cluster 7: Found 3 subclusters.
2025-01-26 13:55:09,605 - xai.shap_clustering - INFO - Subclustering process completed.
2025-01-26 13:55:09,606 - xai.shap_clustering - INFO - Successfully processed file: filename_covid_filter_col_None_filter_val_None_target_daylight_rain_ml_model_LGBMModel_mh_algo_SCA_impacts_local_class_1.csv
2025-01-26 13:55:09,607 - xai.shap_clustering - INFO - Processing file: filename_covid_filter_col_None_filter_val_None_target_daylight_rain_ml_model_LGBMModel_mh_algo_SCA_impacts_local_class_2.csv
2025-01-26 13:55:09,630 - xai.shap_clustering - INFO - Performing clustering for class: 2
2025-01-26 13:55:09,637 - xai.shap_clustering - INFO - Dimensionality reduction method: PaCMAP
2025-01-26 13:55:11,433 - xai.shap_clustering - INFO - Starting subclustering process. Task type: classification
2025-01-26 13:55:11,433 - xai.shap_clustering - INFO - Processing subclustering for class label: 2
2025-01-26 13:55:11,434 - xai.shap_clustering - INFO - Found 8 unique clusters: [-1  0  1  2  3  4  5  6]
2025-01-26 13:55:11,434 - xai.shap_clustering - INFO - Skipping noise points for cluster -1.
2025-01-26 13:55:11,434 - xai.shap_clustering - INFO - Processing parent cluster 0.
2025-01-26 13:55:11,436 - xai.shap_clustering - INFO - Cluster 0: Points after probability threshold filter: 94
2025-01-26 13:55:11,441 - xai.shap_clustering - INFO - Parent cluster 0: Found 2 subclusters.
2025-01-26 13:55:11,455 - xai.shap_clustering - INFO - Processing parent cluster 1.
2025-01-26 13:55:11,457 - xai.shap_clustering - INFO - Cluster 1: Points after probability threshold filter: 148
2025-01-26 13:55:11,463 - xai.shap_clustering - INFO - Parent cluster 1: Found 7 subclusters.
2025-01-26 13:55:11,476 - xai.shap_clustering - INFO - Processing parent cluster 2.
2025-01-26 13:55:11,477 - xai.shap_clustering - INFO - Cluster 2: Points after probability threshold filter: 41
2025-01-26 13:55:11,481 - xai.shap_clustering - INFO - Parent cluster 2: Found 2 subclusters.
2025-01-26 13:55:11,491 - xai.shap_clustering - INFO - Processing parent cluster 3.
2025-01-26 13:55:11,492 - xai.shap_clustering - INFO - Cluster 3: Points after probability threshold filter: 89
2025-01-26 13:55:11,504 - xai.shap_clustering - INFO - Parent cluster 3: Found 5 subclusters.
2025-01-26 13:55:11,516 - xai.shap_clustering - INFO - Processing parent cluster 4.
2025-01-26 13:55:11,516 - xai.shap_clustering - INFO - Cluster 4: Points after probability threshold filter: 37
2025-01-26 13:55:11,520 - xai.shap_clustering - INFO - Parent cluster 4: Found 3 subclusters.
2025-01-26 13:55:11,530 - xai.shap_clustering - INFO - Processing parent cluster 5.
2025-01-26 13:55:11,530 - xai.shap_clustering - INFO - Cluster 5: Points after probability threshold filter: 16
2025-01-26 13:55:11,533 - xai.shap_clustering - INFO - Parent cluster 5: Found 1 subclusters.
2025-01-26 13:55:11,540 - xai.shap_clustering - INFO - Processing parent cluster 6.
2025-01-26 13:55:11,542 - xai.shap_clustering - INFO - Cluster 6: Points after probability threshold filter: 36
2025-01-26 13:55:11,546 - xai.shap_clustering - INFO - Parent cluster 6: Found 3 subclusters.
2025-01-26 13:55:11,553 - xai.shap_clustering - INFO - Subclustering process completed.
2025-01-26 13:55:11,553 - xai.shap_clustering - INFO - Successfully processed file: filename_covid_filter_col_None_filter_val_None_target_daylight_rain_ml_model_LGBMModel_mh_algo_SCA_impacts_local_class_2.csv
2025-01-26 13:55:11,553 - xai.shap_clustering - INFO - Processing file: filename_covid_filter_col_None_filter_val_None_target_daylight_rain_ml_model_LGBMModel_mh_algo_SCA_impacts_local_class_3.csv
2025-01-26 13:55:11,578 - xai.shap_clustering - INFO - Performing clustering for class: 3
2025-01-26 13:55:11,583 - xai.shap_clustering - INFO - Dimensionality reduction method: PaCMAP
2025-01-26 13:55:13,386 - xai.shap_clustering - INFO - Starting subclustering process. Task type: classification
2025-01-26 13:55:13,386 - xai.shap_clustering - INFO - Processing subclustering for class label: 3
2025-01-26 13:55:13,387 - xai.shap_clustering - INFO - Found 8 unique clusters: [-1  0  1  2  3  4  5  6]
2025-01-26 13:55:13,387 - xai.shap_clustering - INFO - Skipping noise points for cluster -1.
2025-01-26 13:55:13,388 - xai.shap_clustering - INFO - Processing parent cluster 0.
2025-01-26 13:55:13,388 - xai.shap_clustering - INFO - Cluster 0: Points after probability threshold filter: 88
2025-01-26 13:55:13,394 - xai.shap_clustering - INFO - Parent cluster 0: Found 3 subclusters.
2025-01-26 13:55:13,403 - xai.shap_clustering - INFO - Processing parent cluster 1.
2025-01-26 13:55:13,404 - xai.shap_clustering - INFO - Cluster 1: Points after probability threshold filter: 118
2025-01-26 13:55:13,411 - xai.shap_clustering - INFO - Parent cluster 1: Found 5 subclusters.
2025-01-26 13:55:13,424 - xai.shap_clustering - INFO - Processing parent cluster 2.
2025-01-26 13:55:13,425 - xai.shap_clustering - INFO - Cluster 2: Points after probability threshold filter: 128
2025-01-26 13:55:13,430 - xai.shap_clustering - INFO - Parent cluster 2: Found 8 subclusters.
2025-01-26 13:55:13,443 - xai.shap_clustering - INFO - Processing parent cluster 3.
2025-01-26 13:55:13,444 - xai.shap_clustering - INFO - Cluster 3: Points after probability threshold filter: 21
2025-01-26 13:55:13,447 - xai.shap_clustering - INFO - Parent cluster 3: Found 1 subclusters.
2025-01-26 13:55:13,455 - xai.shap_clustering - INFO - Processing parent cluster 4.
2025-01-26 13:55:13,456 - xai.shap_clustering - INFO - Cluster 4: Points after probability threshold filter: 18
2025-01-26 13:55:13,460 - xai.shap_clustering - INFO - Parent cluster 4: Found 3 subclusters.
2025-01-26 13:55:13,467 - xai.shap_clustering - INFO - Processing parent cluster 5.
2025-01-26 13:55:13,468 - xai.shap_clustering - INFO - Cluster 5: Points after probability threshold filter: 32
2025-01-26 13:55:13,471 - xai.shap_clustering - INFO - Parent cluster 5: Found 3 subclusters.
2025-01-26 13:55:13,480 - xai.shap_clustering - INFO - Processing parent cluster 6.
2025-01-26 13:55:13,480 - xai.shap_clustering - INFO - Cluster 6: Points after probability threshold filter: 20
2025-01-26 13:55:13,484 - xai.shap_clustering - INFO - Parent cluster 6: Found 3 subclusters.
2025-01-26 13:55:13,495 - xai.shap_clustering - INFO - Subclustering process completed.
2025-01-26 13:55:13,496 - xai.shap_clustering - INFO - Successfully processed file: filename_covid_filter_col_None_filter_val_None_target_daylight_rain_ml_model_LGBMModel_mh_algo_SCA_impacts_local_class_3.csv
2025-01-26 13:55:13,497 - xai.shap_clustering - INFO - SHAP clustering process completed.
2025-01-26 13:55:13,502 - xai.sage_analysis - INFO - Starting SAGE analysis...
2025-01-26 13:55:13,503 - xai.sage_analysis - INFO - Analyzing model: LGBMModel with mh_algo: SCA for target: daylight_rain, filename: covid, filter value: None
2025-01-26 14:33:45,659 - xai.sage_analysis - INFO - SAGE analysis completed.
2025-01-26 14:33:45,676 - xai.nshap_analysis - INFO - Processing model 1/1: Start
2025-01-26 14:33:45,677 - xai.nshap_analysis - INFO - Loading data and model for filename_covid_filter_col_None_filter_val_None_target_daylight_rain_ml_model_LGBMModel_mh_algo_SCA
2025-01-26 14:33:45,869 - xai.nshap_analysis - INFO - Training new model with the most important features from SAGE
2025-01-26 14:33:47,972 - xai.nshap_analysis - INFO - Saving predictions for the new model
2025-01-26 14:33:48,034 - xai.nshap_analysis - INFO - Predictions saved to C:\Users\tbezdan\Desktop\crAIRsis datasets\EU_cls\data\nshap\filename_covid_filter_col_None_filter_val_None_target_daylight_rain_ml_model_LGBMModel_mh_algo_SCA_predictions.csv
2025-01-26 14:33:48,035 - xai.nshap_analysis - INFO - Initializing nSHAP
2025-01-26 14:33:48,035 - xai.nshap_analysis - INFO - Computing n shapley values
2025-01-26 17:07:25,744 - xai.nshap_analysis - INFO - Processing model 1/1: Start
2025-01-26 17:07:25,745 - xai.nshap_analysis - INFO - Loading data and model for filename_covid_filter_col_None_filter_val_None_target_daylight_rain_ml_model_LGBMModel_mh_algo_SCA
2025-01-26 17:07:25,808 - xai.nshap_analysis - INFO - Training new model with the most important features from SAGE
2025-01-26 17:07:27,282 - xai.nshap_analysis - INFO - Saving predictions for the new model
2025-01-26 17:07:27,344 - xai.nshap_analysis - INFO - Predictions saved to C:\Users\tbezdan\Desktop\crAIRsis datasets\EU_cls\data\nshap\filename_covid_filter_col_None_filter_val_None_target_daylight_rain_ml_model_LGBMModel_mh_algo_SCA_predictions.csv
2025-01-26 17:07:27,344 - xai.nshap_analysis - INFO - Initializing nSHAP
2025-01-26 17:07:27,345 - xai.nshap_analysis - INFO - Computing n shapley values
2025-01-26 17:13:15,060 - xai.nshap_analysis - INFO - Processing model 1/1: Start
2025-01-26 17:13:15,062 - xai.nshap_analysis - INFO - Loading data and model for filename_covid_filter_col_None_filter_val_None_target_daylight_rain_ml_model_LGBMModel_mh_algo_SCA
2025-01-26 17:13:15,143 - xai.nshap_analysis - INFO - Training new model with the most important features from SAGE
2025-01-26 17:13:16,651 - xai.nshap_analysis - INFO - Saving predictions for the new model
2025-01-26 17:13:16,706 - xai.nshap_analysis - INFO - Predictions saved to C:\Users\tbezdan\Desktop\crAIRsis datasets\EU_cls\data\nshap\filename_covid_filter_col_None_filter_val_None_target_daylight_rain_ml_model_LGBMModel_mh_algo_SCA_predictions.csv
2025-01-26 17:13:16,706 - xai.nshap_analysis - INFO - Initializing nSHAP
2025-01-26 17:13:16,707 - xai.nshap_analysis - INFO - Computing n shapley values
2025-01-26 19:28:26,410 - xai.nshap_analysis - INFO - Processing model 1/1: Start
2025-01-26 19:28:26,410 - xai.nshap_analysis - INFO - Loading data and model for filename_covid_filter_col_None_filter_val_None_target_daylight_rain_ml_model_LGBMModel_mh_algo_SCA
2025-01-26 19:28:26,478 - xai.nshap_analysis - INFO - Training new model with the most important features from SAGE
2025-01-26 19:28:27,469 - xai.nshap_analysis - INFO - Saving predictions for the new model
2025-01-26 19:28:27,500 - xai.nshap_analysis - INFO - Predictions saved to C:\Users\tbezdan\Desktop\crAIRsis datasets\EU_cls\data\nshap\filename_covid_filter_col_None_filter_val_None_target_daylight_rain_ml_model_LGBMModel_mh_algo_SCA_predictions.csv
2025-01-26 19:28:27,500 - xai.nshap_analysis - INFO - Initializing nSHAP
2025-01-26 19:28:27,502 - xai.nshap_analysis - INFO - Computing n shapley values
2025-01-26 19:34:44,351 - xai.nshap_analysis - INFO - Processing model 1/1: Start
2025-01-26 19:34:44,351 - xai.nshap_analysis - INFO - Loading data and model for filename_covid_filter_col_None_filter_val_None_target_daylight_rain_ml_model_LGBMModel_mh_algo_SCA
2025-01-26 19:34:44,418 - xai.nshap_analysis - INFO - Training new model with the most important features from SAGE
2025-01-26 19:34:45,681 - xai.nshap_analysis - INFO - Saving predictions for the new model
2025-01-26 19:34:45,734 - xai.nshap_analysis - INFO - Predictions saved to C:\Users\tbezdan\Desktop\crAIRsis datasets\EU_cls\data\nshap\filename_covid_filter_col_None_filter_val_None_target_daylight_rain_ml_model_LGBMModel_mh_algo_SCA_predictions.csv
2025-01-26 19:34:45,734 - xai.nshap_analysis - INFO - Initializing nSHAP
2025-01-26 19:34:45,737 - xai.nshap_analysis - INFO - Computing n shapley values
2025-01-26 19:37:58,217 - xai.nshap_analysis - INFO - Processing model 1/1: Start
2025-01-26 19:37:58,217 - xai.nshap_analysis - INFO - Loading data and model for filename_covid_filter_col_None_filter_val_None_target_daylight_rain_ml_model_LGBMModel_mh_algo_SCA
2025-01-26 19:37:58,289 - xai.nshap_analysis - INFO - Training new model with the most important features from SAGE
2025-01-26 19:37:59,597 - xai.nshap_analysis - INFO - Saving predictions for the new model
2025-01-26 19:37:59,653 - xai.nshap_analysis - INFO - Predictions saved to C:\Users\tbezdan\Desktop\crAIRsis datasets\EU_cls\data\nshap\filename_covid_filter_col_None_filter_val_None_target_daylight_rain_ml_model_LGBMModel_mh_algo_SCA_predictions.csv
2025-01-26 19:37:59,653 - xai.nshap_analysis - INFO - Initializing nSHAP
2025-01-26 19:37:59,657 - xai.nshap_analysis - INFO - Computing n shapley values
2025-01-26 19:41:32,599 - xai.nshap_analysis - INFO - Processing model 1/1: Start
2025-01-26 19:41:32,600 - xai.nshap_analysis - INFO - Loading data and model for filename_covid_filter_col_None_filter_val_None_target_daylight_rain_ml_model_LGBMModel_mh_algo_SCA
2025-01-26 19:41:32,666 - xai.nshap_analysis - INFO - Training new model with the most important features from SAGE
2025-01-26 19:41:34,833 - xai.nshap_analysis - INFO - Saving predictions for the new model
2025-01-26 19:41:34,898 - xai.nshap_analysis - INFO - Predictions saved to C:\Users\tbezdan\Desktop\crAIRsis datasets\EU_cls\data\nshap\filename_covid_filter_col_None_filter_val_None_target_daylight_rain_ml_model_LGBMModel_mh_algo_SCA_predictions.csv
2025-01-26 19:41:34,899 - xai.nshap_analysis - INFO - Initializing nSHAP
2025-01-26 19:41:34,901 - xai.nshap_analysis - INFO - Computing n shapley values
2025-01-26 19:50:53,541 - xai.nshap_analysis - INFO - Processing model 1/1: Start
2025-01-26 19:50:53,542 - xai.nshap_analysis - INFO - Loading data and model for filename_covid_filter_col_None_filter_val_None_target_daylight_rain_ml_model_LGBMModel_mh_algo_SCA
2025-01-26 19:50:53,608 - xai.nshap_analysis - INFO - Training new model with the most important features from SAGE
2025-01-26 19:50:54,809 - xai.nshap_analysis - INFO - Saving predictions for the new model
2025-01-26 19:50:54,860 - xai.nshap_analysis - INFO - Predictions saved to C:\Users\tbezdan\Desktop\crAIRsis datasets\EU_cls\data\nshap\filename_covid_filter_col_None_filter_val_None_target_daylight_rain_ml_model_LGBMModel_mh_algo_SCA_predictions.csv
2025-01-26 19:50:54,860 - xai.nshap_analysis - INFO - Initializing nSHAP
2025-01-26 19:50:54,883 - xai.nshap_analysis - INFO - Computing n shapley values
2025-01-26 19:54:29,256 - xai.nshap_analysis - INFO - Processing model 1/1: Start
2025-01-26 19:54:29,256 - xai.nshap_analysis - INFO - Loading data and model for filename_covid_filter_col_None_filter_val_None_target_daylight_rain_ml_model_LGBMModel_mh_algo_SCA
2025-01-26 19:54:29,336 - xai.nshap_analysis - INFO - Training new model with the most important features from SAGE
2025-01-26 19:54:30,495 - xai.nshap_analysis - INFO - Saving predictions for the new model
2025-01-26 19:54:30,545 - xai.nshap_analysis - INFO - Predictions saved to C:\Users\tbezdan\Desktop\crAIRsis datasets\EU_cls\data\nshap\filename_covid_filter_col_None_filter_val_None_target_daylight_rain_ml_model_LGBMModel_mh_algo_SCA_predictions.csv
2025-01-26 19:54:30,546 - xai.nshap_analysis - INFO - Initializing nSHAP
2025-01-26 19:54:30,572 - xai.nshap_analysis - INFO - Computing n shapley values
2025-01-26 19:56:00,824 - xai.nshap_analysis - INFO - Processing model 1/1: Start
2025-01-26 19:56:00,825 - xai.nshap_analysis - INFO - Loading data and model for filename_covid_filter_col_None_filter_val_None_target_daylight_rain_ml_model_LGBMModel_mh_algo_SCA
2025-01-26 19:56:00,906 - xai.nshap_analysis - INFO - Training new model with the most important features from SAGE
2025-01-26 19:56:02,129 - xai.nshap_analysis - INFO - Saving predictions for the new model
2025-01-26 19:56:02,179 - xai.nshap_analysis - INFO - Predictions saved to C:\Users\tbezdan\Desktop\crAIRsis datasets\EU_cls\data\nshap\filename_covid_filter_col_None_filter_val_None_target_daylight_rain_ml_model_LGBMModel_mh_algo_SCA_predictions.csv
2025-01-26 19:56:02,180 - xai.nshap_analysis - INFO - Initializing nSHAP
2025-01-26 19:56:02,205 - xai.nshap_analysis - INFO - Computing n shapley values
2025-01-26 19:56:44,804 - xai.nshap_analysis - INFO - Processing model 1/1: Start
2025-01-26 19:56:44,806 - xai.nshap_analysis - INFO - Loading data and model for filename_covid_filter_col_None_filter_val_None_target_daylight_rain_ml_model_LGBMModel_mh_algo_SCA
2025-01-26 19:56:44,873 - xai.nshap_analysis - INFO - Training new model with the most important features from SAGE
2025-01-26 19:56:46,097 - xai.nshap_analysis - INFO - Saving predictions for the new model
2025-01-26 19:56:46,152 - xai.nshap_analysis - INFO - Predictions saved to C:\Users\tbezdan\Desktop\crAIRsis datasets\EU_cls\data\nshap\filename_covid_filter_col_None_filter_val_None_target_daylight_rain_ml_model_LGBMModel_mh_algo_SCA_predictions.csv
2025-01-26 19:56:46,153 - xai.nshap_analysis - INFO - Initializing nSHAP
2025-01-26 19:56:46,182 - xai.nshap_analysis - INFO - Computing n shapley values
2025-01-26 19:56:46,198 - xai.nshap_analysis - INFO - Instance 0: Predicted class 0
2025-01-26 19:56:46,198 - xai.nshap_analysis - INFO - Instance 1: Predicted class 3
2025-01-26 19:56:46,198 - xai.nshap_analysis - INFO - Instance 2: Predicted class 0
2025-01-26 19:56:46,198 - xai.nshap_analysis - INFO - Instance 3: Predicted class 2
2025-01-26 19:56:46,199 - xai.nshap_analysis - INFO - Instance 4: Predicted class 0
2025-01-26 19:56:46,199 - xai.nshap_analysis - INFO - Instance 5: Predicted class 0
2025-01-26 19:56:46,199 - xai.nshap_analysis - INFO - Instance 6: Predicted class 3
2025-01-26 19:56:46,199 - xai.nshap_analysis - INFO - Instance 7: Predicted class 0
2025-01-26 19:58:43,126 - xai.nshap_analysis - INFO - Processing model 1/1: Start
2025-01-26 19:58:43,126 - xai.nshap_analysis - INFO - Loading data and model for filename_covid_filter_col_None_filter_val_None_target_daylight_rain_ml_model_LGBMModel_mh_algo_SCA
2025-01-26 19:58:43,191 - xai.nshap_analysis - INFO - Training new model with the most important features from SAGE
2025-01-26 19:58:44,426 - xai.nshap_analysis - INFO - Saving predictions for the new model
2025-01-26 19:58:44,458 - xai.nshap_analysis - INFO - Predictions saved to C:\Users\tbezdan\Desktop\crAIRsis datasets\EU_cls\data\nshap\filename_covid_filter_col_None_filter_val_None_target_daylight_rain_ml_model_LGBMModel_mh_algo_SCA_predictions.csv
2025-01-26 19:58:44,458 - xai.nshap_analysis - INFO - Initializing nSHAP
2025-01-26 19:58:44,473 - xai.nshap_analysis - INFO - Computing n shapley values
2025-01-26 19:58:44,484 - xai.nshap_analysis - INFO - Instance 0: Predicted class 0
2025-01-26 19:58:44,484 - xai.nshap_analysis - INFO - Instance 1: Predicted class 3
2025-01-26 19:58:44,484 - xai.nshap_analysis - INFO - Instance 2: Predicted class 0
2025-01-26 19:58:44,502 - xai.nshap_analysis - INFO - Instance 3: Predicted class 2
2025-01-26 19:58:44,503 - xai.nshap_analysis - INFO - Instance 4: Predicted class 0
2025-01-26 19:58:44,503 - xai.nshap_analysis - INFO - Instance 5: Predicted class 0
2025-01-26 20:02:08,542 - xai.nshap_analysis - INFO - Processing model 1/1: Start
2025-01-26 20:02:08,542 - xai.nshap_analysis - INFO - Loading data and model for filename_covid_filter_col_None_filter_val_None_target_daylight_rain_ml_model_LGBMModel_mh_algo_SCA
2025-01-26 20:02:08,608 - xai.nshap_analysis - INFO - Training new model with the most important features from SAGE
2025-01-26 20:02:09,839 - xai.nshap_analysis - INFO - Saving predictions for the new model
2025-01-26 20:02:09,893 - xai.nshap_analysis - INFO - Predictions saved to C:\Users\tbezdan\Desktop\crAIRsis datasets\EU_cls\data\nshap\filename_covid_filter_col_None_filter_val_None_target_daylight_rain_ml_model_LGBMModel_mh_algo_SCA_predictions.csv
2025-01-26 20:02:09,893 - xai.nshap_analysis - INFO - Initializing nSHAP
2025-01-26 20:02:09,899 - xai.nshap_analysis - INFO - Computing n shapley values
2025-01-26 20:02:09,921 - xai.nshap_analysis - INFO - Instance 0: Predicted class 0
2025-01-26 20:02:09,921 - xai.nshap_analysis - INFO - Instance 1: Predicted class 3
2025-01-26 20:14:10,143 - xai.nshap_analysis - INFO - Processing model 1/1: Start
2025-01-26 20:14:10,143 - xai.nshap_analysis - INFO - Loading data and model for filename_covid_filter_col_None_filter_val_None_target_daylight_rain_ml_model_LGBMModel_mh_algo_SCA
2025-01-26 20:14:10,212 - xai.nshap_analysis - INFO - Training new model with the most important features from SAGE
2025-01-26 20:14:11,593 - xai.nshap_analysis - INFO - Saving predictions for the new model
2025-01-26 20:14:11,653 - xai.nshap_analysis - INFO - Predictions saved to C:\Users\tbezdan\Desktop\crAIRsis datasets\EU_cls\data\nshap\filename_covid_filter_col_None_filter_val_None_target_daylight_rain_ml_model_LGBMModel_mh_algo_SCA_predictions.csv
2025-01-26 20:14:11,654 - xai.nshap_analysis - INFO - Initializing nSHAP
2025-01-26 20:14:11,656 - xai.nshap_analysis - ERROR - Error processing model 1: Number of features of the model must match the input. Model n_features_ is 20 and input n_features is 10
Traceback (most recent call last):
  File "c:\Users\tbezdan\crairsis-framework\src\xai\nshap_analysis.py", line 524, in perform_nshap_analysis
    cls_calculate_and_save_nshap(
  File "c:\Users\tbezdan\crairsis-framework\src\xai\nshap_analysis.py", line 330, in cls_calculate_and_save_nshap
    predicted_classes = new_model.predict(X_test)
  File "c:\Users\tbezdan\crairsis-framework\src\ml_models\base_model.py", line 35, in predict
    return self.model.predict(X)
  File "C:\Users\tbezdan\anaconda3\envs\crairsis\lib\site-packages\lightgbm\sklearn.py", line 1223, in predict
    result = self.predict_proba(
  File "C:\Users\tbezdan\anaconda3\envs\crairsis\lib\site-packages\lightgbm\sklearn.py", line 1253, in predict_proba
    result = super().predict(
  File "C:\Users\tbezdan\anaconda3\envs\crairsis\lib\site-packages\lightgbm\sklearn.py", line 937, in predict
    raise ValueError("Number of features of the model must "
ValueError: Number of features of the model must match the input. Model n_features_ is 20 and input n_features is 10
2025-01-26 20:14:11,691 - xai.isage_analysis - INFO - Processing model 1/1: Start
2025-01-26 20:14:11,692 - xai.isage_analysis - INFO - Loading data and model for filename_covid_filter_col_None_filter_val_None_target_daylight_rain_ml_model_LGBMModel_mh_algo_SCA
2025-01-26 20:14:11,792 - xai.isage_analysis - INFO - iSAGE started
2025-01-26 20:15:24,412 - xai.nshap_analysis - INFO - Processing model 1/1: Start
2025-01-26 20:15:24,412 - xai.nshap_analysis - INFO - Loading data and model for filename_covid_filter_col_None_filter_val_None_target_daylight_rain_ml_model_LGBMModel_mh_algo_SCA
2025-01-26 20:15:24,477 - xai.nshap_analysis - INFO - Training new model with the most important features from SAGE
2025-01-26 20:15:25,458 - xai.nshap_analysis - INFO - Saving predictions for the new model
2025-01-26 20:15:25,489 - xai.nshap_analysis - INFO - Predictions saved to C:\Users\tbezdan\Desktop\crAIRsis datasets\EU_cls\data\nshap\filename_covid_filter_col_None_filter_val_None_target_daylight_rain_ml_model_LGBMModel_mh_algo_SCA_predictions.csv
2025-01-26 20:15:25,490 - xai.nshap_analysis - INFO - Initializing nSHAP
2025-01-26 20:15:25,494 - xai.nshap_analysis - INFO - Computing n shapley values
2025-01-26 20:15:25,509 - xai.nshap_analysis - INFO - Instance 0: Predicted class 0
2025-01-26 20:15:25,510 - xai.nshap_analysis - INFO - Instance 1: Predicted class 3
2025-01-26 20:31:21,922 - xai.nshap_analysis - INFO - Processing model 1/1: Start
2025-01-26 20:31:21,922 - xai.nshap_analysis - INFO - Loading data and model for filename_covid_filter_col_None_filter_val_None_target_daylight_rain_ml_model_LGBMModel_mh_algo_SCA
2025-01-26 20:31:21,997 - xai.nshap_analysis - INFO - Training new model with the most important features from SAGE
2025-01-26 20:31:23,212 - xai.nshap_analysis - INFO - Saving predictions for the new model
2025-01-26 20:31:23,267 - xai.nshap_analysis - INFO - Predictions saved to C:\Users\tbezdan\Desktop\crAIRsis datasets\EU_cls\data\nshap\filename_covid_filter_col_None_filter_val_None_target_daylight_rain_ml_model_LGBMModel_mh_algo_SCA_predictions.csv
2025-01-26 20:31:23,267 - xai.nshap_analysis - INFO - Initializing nSHAP
2025-01-26 20:31:23,272 - xai.nshap_analysis - INFO - Computing n shapley values
2025-01-26 20:31:23,295 - xai.nshap_analysis - INFO - Instance 0: Predicted class 0
2025-01-26 20:31:23,295 - xai.nshap_analysis - INFO - Instance 1: Predicted class 3
2025-01-26 20:31:50,259 - xai.nshap_analysis - INFO - Processing model 1/1: Start
2025-01-26 20:31:50,259 - xai.nshap_analysis - INFO - Loading data and model for filename_covid_filter_col_None_filter_val_None_target_daylight_rain_ml_model_LGBMModel_mh_algo_SCA
2025-01-26 20:31:50,329 - xai.nshap_analysis - INFO - Training new model with the most important features from SAGE
2025-01-26 20:31:51,493 - xai.nshap_analysis - INFO - Saving predictions for the new model
2025-01-26 20:31:51,544 - xai.nshap_analysis - INFO - Predictions saved to C:\Users\tbezdan\Desktop\crAIRsis datasets\EU_cls\data\nshap\filename_covid_filter_col_None_filter_val_None_target_daylight_rain_ml_model_LGBMModel_mh_algo_SCA_predictions.csv
2025-01-26 20:31:51,544 - xai.nshap_analysis - INFO - Initializing nSHAP
2025-01-26 20:31:51,553 - xai.nshap_analysis - INFO - Computing n shapley values
2025-01-26 20:31:51,576 - xai.nshap_analysis - INFO - Instance 0: Predicted class 0
2025-01-26 20:31:51,577 - xai.nshap_analysis - INFO - Instance 1: Predicted class 3
2025-01-26 20:38:18,899 - utils.train_and_optimize - INFO - File: covid
2025-01-26 20:38:19,018 - utils.train_and_optimize - INFO - -------Target: daylight_rain-------
2025-01-26 20:38:19,022 - utils.train_and_optimize - INFO - ----------ML model evaluation----------
2025-01-26 20:38:19,022 - utils.train_and_optimize - INFO - Target distribution:
0    1355
1    1245
3     686
2     642
Name: daylight_rain, dtype: int64
2025-01-26 20:38:19,023 - utils.train_and_optimize - INFO - 

Evaluating: ExtraTreesModel CV
2025-01-26 20:38:21,279 - utils.train_and_optimize - INFO - Confusion Matrix:
[[1331   24    0    0]
 [  58 1187    0    0]
 [   0    0  616   26]
 [   0    0   36  650]]
2025-01-26 20:38:23,575 - utils.train_and_optimize - INFO - accuracy: 0.9633401221995926
2025-01-26 20:38:23,576 - utils.train_and_optimize - INFO - f1_score: 0.9633280011936005
2025-01-26 20:38:23,576 - utils.train_and_optimize - INFO - precision: 0.9635726667489805
2025-01-26 20:38:23,576 - utils.train_and_optimize - INFO - recall: 0.9633401221995926
2025-01-26 20:38:23,576 - utils.train_and_optimize - INFO - roc_auc: 0.9985019380533003
2025-01-26 20:38:23,576 - utils.train_and_optimize - INFO - log_loss: 0.16263482761108733
2025-01-26 20:38:23,576 - utils.train_and_optimize - INFO - macro avg precision: 0.9611871865469446
2025-01-26 20:38:23,577 - utils.train_and_optimize - INFO - macro avg recall: 0.9606812252545786
2025-01-26 20:38:23,577 - utils.train_and_optimize - INFO - macro avg f1-score: 0.9608235642579166
2025-01-26 20:38:23,577 - utils.train_and_optimize - INFO - macro avg support: 3928.0
2025-01-26 20:38:23,577 - utils.train_and_optimize - INFO - weighted avg precision: 0.9635726667489805
2025-01-26 20:38:23,577 - utils.train_and_optimize - INFO - weighted avg recall: 0.9633401221995926
2025-01-26 20:38:23,577 - utils.train_and_optimize - INFO - weighted avg f1-score: 0.9633280011936005
2025-01-26 20:38:23,577 - utils.train_and_optimize - INFO - weighted avg support: 3928.0
2025-01-26 20:38:23,582 - utils.train_and_optimize - INFO - Top models:
       ml_model f1_score
ExtraTreesModel   0.9633
2025-01-26 20:38:23,583 - utils.train_and_optimize - INFO - -------------Optimization-------------
2025-01-26 20:38:23,583 - utils.train_and_optimize - INFO - Optimizing: ExtraTreesModel CV
2025-01-26 20:38:23,583 - optimization.optimization_problem - INFO - Initializing BaseOptimizerProblem with cross-validation
2025-01-26 20:40:25,514 - optimization.optimizer - INFO - Model: ExtraTreesModel, Dataset: covid, Best Log Loss: 0.018701533798988226
2025-01-26 20:41:03,964 - utils.train_and_optimize - INFO - Optimized ExtraTreesModel CV by SCA
2025-01-26 20:41:03,964 - utils.train_and_optimize - INFO - accuracy: 0.9977087576374746
2025-01-26 20:41:03,965 - utils.train_and_optimize - INFO - f1_score: 0.9977086936827483
2025-01-26 20:41:03,965 - utils.train_and_optimize - INFO - precision: 0.9977103923282494
2025-01-26 20:41:03,965 - utils.train_and_optimize - INFO - recall: 0.9977087576374746
2025-01-26 20:41:03,965 - utils.train_and_optimize - INFO - roc_auc: 0.9999944845843111
2025-01-26 20:41:03,965 - utils.train_and_optimize - INFO - log_loss: 0.01870127586554893
2025-01-26 20:41:08,404 - utils.train_and_optimize - INFO - Optimized ExtraTreesModel by SCA
2025-01-26 20:41:08,405 - utils.train_and_optimize - INFO - accuracy: 0.9974554707379135
2025-01-26 20:41:08,405 - utils.train_and_optimize - INFO - f1_score: 0.9974550180820914
2025-01-26 20:41:08,405 - utils.train_and_optimize - INFO - precision: 0.9974741119779288
2025-01-26 20:41:08,405 - utils.train_and_optimize - INFO - recall: 0.9974554707379135
2025-01-26 20:41:08,405 - utils.train_and_optimize - INFO - roc_auc: 1.0
2025-01-26 20:41:08,405 - utils.train_and_optimize - INFO - log_loss: 0.017161437986091356
2025-01-26 20:41:08,562 - utils.train_and_optimize - INFO -    iteration    g_best    runtime         ml_model metaheuristic filename filter_column filter_value         target
0          1  0.033562  35.094004  ExtraTreesModel           SCA    covid          None         None  daylight_rain
1          2  0.018702  35.531496  ExtraTreesModel           SCA    covid          None         None  daylight_rain
2025-01-26 20:41:08,573 - utils.train_and_optimize - INFO - JSON options file saved for covid
2025-01-26 20:41:08,630 - utils.best_eval - INFO - Loading model from C:\Users\tbezdan\Desktop\crAIRsis datasets\EU_cls\models\filename_covid_filter_col_None_filter_val_None_target_daylight_rain_ml_model_ExtraTreesModel_mh_algo_SCA.joblib
2025-01-26 20:41:08,747 - utils.best_eval - INFO - Loading data from C:\Users\tbezdan\Desktop\crAIRsis datasets\EU_cls\data\datasets\filename_covid_filter_col_None_filter_val_None_target_daylight_rain.csv
2025-01-26 20:41:08,881 - utils.best_eval - INFO - filename_covid_filter_col_None_filter_val_None_target_daylight_rain_ml_model_ExtraTreesModel_mh_algo_SCA
2025-01-26 20:41:08,890 - utils.best_eval - INFO - Accuracy: 0.9974554707379135
2025-01-26 20:41:08,890 - utils.best_eval - INFO - F1 Score: 0.9974550180820914
2025-01-26 20:41:08,890 - utils.best_eval - INFO - Precision: 0.9974741119779288
2025-01-26 20:41:08,891 - utils.best_eval - INFO - Recall: 0.9974554707379135
2025-01-26 20:41:08,891 - utils.best_eval - INFO - Classification Report: {'0': {'precision': 0.9926739926739927, 'recall': 1.0, 'f1-score': 0.9963235294117647, 'support': 271.0}, '1': {'precision': 1.0, 'recall': 0.9919678714859438, 'f1-score': 0.995967741935484, 'support': 249.0}, '2': {'precision': 1.0, 'recall': 1.0, 'f1-score': 1.0, 'support': 129.0}, '3': {'precision': 1.0, 'recall': 1.0, 'f1-score': 1.0, 'support': 137.0}, 'accuracy': 0.9974554707379135, 'macro avg': {'precision': 0.9981684981684982, 'recall': 0.9979919678714859, 'f1-score': 0.9980728178368121, 'support': 786.0}, 'weighted avg': {'precision': 0.9974741119779288, 'recall': 0.9974554707379135, 'f1-score': 0.9974550180820914, 'support': 786.0}}
2025-01-26 20:41:08,897 - xai.shap_analysis - INFO - Processing model 1/1: Start
2025-01-26 20:41:08,898 - xai.shap_analysis - INFO - Loading data and model for filename_covid_filter_col_None_filter_val_None_target_daylight_rain_ml_model_ExtraTreesModel_mh_algo_SCA
2025-01-26 20:41:09,030 - xai.shap_analysis - INFO - Initializing SHAP explainer
2025-01-26 20:41:11,042 - xai.shap_analysis - INFO - Performing local SHAP analysis for class 0
2025-01-26 20:41:11,284 - xai.shap_analysis - INFO - Analyzing main effects and interactions for class 0
2025-01-26 20:41:11,284 - xai.shap_analysis - INFO - Performing local SHAP analysis for class 1
2025-01-26 20:41:11,517 - xai.shap_analysis - INFO - Analyzing main effects and interactions for class 1
2025-01-26 20:41:11,517 - xai.shap_analysis - INFO - Performing local SHAP analysis for class 2
2025-01-26 20:41:11,745 - xai.shap_analysis - INFO - Analyzing main effects and interactions for class 2
2025-01-26 20:41:11,745 - xai.shap_analysis - INFO - Performing local SHAP analysis for class 3
2025-01-26 20:41:11,975 - xai.shap_analysis - INFO - Analyzing main effects and interactions for class 3
2025-01-26 20:41:12,501 - xai.shap_analysis - INFO - Processing model 1/1: Completed

2025-01-26 20:41:12,507 - xai.shap_analysis - INFO - Processing model 1/1: Start
2025-01-26 20:41:12,508 - xai.shap_analysis - INFO - Loading data and model for filename_covid_filter_col_None_filter_val_None_target_daylight_rain_ml_model_ExtraTreesModel_mh_algo_SCA
2025-01-26 20:41:12,639 - xai.shap_analysis - INFO - Initializing SHAP explainer
2025-01-26 20:41:12,653 - xai.shap_analysis - INFO - Calculating SHAP interaction values
2025-01-26 20:43:27,523 - xai.shap_analysis - INFO - Analyzing main effects and interactions for class 0
2025-01-26 20:43:32,372 - xai.shap_analysis - INFO - Analyzing main effects and interactions for class 1
2025-01-26 20:43:36,846 - xai.shap_analysis - INFO - Analyzing main effects and interactions for class 2
2025-01-26 20:43:40,849 - xai.shap_analysis - INFO - Analyzing main effects and interactions for class 3
2025-01-26 20:43:44,813 - xai.shap_analysis - INFO - Processing model 1/1: Completed

2025-01-26 20:43:44,831 - xai.shap_clustering - INFO - Starting SHAP clustering process.
2025-01-26 20:43:44,831 - xai.shap_clustering - INFO - Processing file: filename_covid_filter_col_None_filter_val_None_target_daylight_rain_ml_model_ExtraTreesModel_mh_algo_SCA_impacts_local.csv
2025-01-26 20:43:44,864 - xai.shap_clustering - INFO - Performing clustering for general data.
2025-01-26 20:43:44,868 - xai.shap_clustering - INFO - Dimensionality reduction method: PaCMAP
2025-01-26 20:43:46,562 - xai.shap_clustering - INFO - Starting subclustering process. Task type: classification
2025-01-26 20:43:46,562 - xai.shap_clustering - INFO - Found 21 unique clusters: [-1  0  1  2  3  4  5  6  7  8  9 10 11 12 13 14 15 16 17 18 19]
2025-01-26 20:43:46,564 - xai.shap_clustering - INFO - Skipping noise points for cluster -1.
2025-01-26 20:43:46,564 - xai.shap_clustering - INFO - Processing parent cluster 0.
2025-01-26 20:43:46,565 - xai.shap_clustering - INFO - Cluster 0: Points after probability threshold filter: 32
2025-01-26 20:43:46,567 - xai.shap_clustering - INFO - Parent cluster 0: Found 1 subclusters.
2025-01-26 20:43:46,572 - xai.shap_clustering - INFO - Processing parent cluster 1.
2025-01-26 20:43:46,573 - xai.shap_clustering - INFO - Cluster 1: Points after probability threshold filter: 17
2025-01-26 20:43:46,576 - xai.shap_clustering - INFO - Parent cluster 1: Found 1 subclusters.
2025-01-26 20:43:46,580 - xai.shap_clustering - INFO - Processing parent cluster 2.
2025-01-26 20:43:46,580 - xai.shap_clustering - INFO - Cluster 2: Points after probability threshold filter: 18
2025-01-26 20:43:46,583 - xai.shap_clustering - INFO - Parent cluster 2: Found 1 subclusters.
2025-01-26 20:43:46,588 - xai.shap_clustering - INFO - Processing parent cluster 3.
2025-01-26 20:43:46,589 - xai.shap_clustering - INFO - Cluster 3: Points after probability threshold filter: 30
2025-01-26 20:43:46,592 - xai.shap_clustering - INFO - Parent cluster 3: Found 3 subclusters.
2025-01-26 20:43:46,598 - xai.shap_clustering - INFO - Processing parent cluster 4.
2025-01-26 20:43:46,599 - xai.shap_clustering - INFO - Cluster 4: Points after probability threshold filter: 23
2025-01-26 20:43:46,602 - xai.shap_clustering - INFO - Parent cluster 4: Found 3 subclusters.
2025-01-26 20:43:46,608 - xai.shap_clustering - INFO - Processing parent cluster 5.
2025-01-26 20:43:46,609 - xai.shap_clustering - INFO - Cluster 5: Points after probability threshold filter: 22
2025-01-26 20:43:46,611 - xai.shap_clustering - INFO - Parent cluster 5: Found 1 subclusters.
2025-01-26 20:43:46,615 - xai.shap_clustering - INFO - Processing parent cluster 6.
2025-01-26 20:43:46,616 - xai.shap_clustering - INFO - Cluster 6: Points after probability threshold filter: 35
2025-01-26 20:43:46,618 - xai.shap_clustering - INFO - Parent cluster 6: Found 3 subclusters.
2025-01-26 20:43:46,625 - xai.shap_clustering - INFO - Processing parent cluster 7.
2025-01-26 20:43:46,626 - xai.shap_clustering - INFO - Cluster 7: Points after probability threshold filter: 30
2025-01-26 20:43:46,628 - xai.shap_clustering - INFO - Parent cluster 7: Found 2 subclusters.
2025-01-26 20:43:46,634 - xai.shap_clustering - INFO - Processing parent cluster 8.
2025-01-26 20:43:46,635 - xai.shap_clustering - INFO - Cluster 8: Points after probability threshold filter: 22
2025-01-26 20:43:46,638 - xai.shap_clustering - INFO - Parent cluster 8: Found 3 subclusters.
2025-01-26 20:43:46,643 - xai.shap_clustering - INFO - Processing parent cluster 9.
2025-01-26 20:43:46,644 - xai.shap_clustering - INFO - Cluster 9: Points after probability threshold filter: 23
2025-01-26 20:43:46,646 - xai.shap_clustering - INFO - Parent cluster 9: Found 1 subclusters.
2025-01-26 20:43:46,651 - xai.shap_clustering - INFO - Processing parent cluster 10.
2025-01-26 20:43:46,653 - xai.shap_clustering - INFO - Cluster 10: Points after probability threshold filter: 44
2025-01-26 20:43:46,655 - xai.shap_clustering - INFO - Parent cluster 10: Found 3 subclusters.
2025-01-26 20:43:46,661 - xai.shap_clustering - INFO - Processing parent cluster 11.
2025-01-26 20:43:46,662 - xai.shap_clustering - INFO - Cluster 11: Points after probability threshold filter: 22
2025-01-26 20:43:46,664 - xai.shap_clustering - INFO - Parent cluster 11: Found 1 subclusters.
2025-01-26 20:43:46,669 - xai.shap_clustering - INFO - Processing parent cluster 12.
2025-01-26 20:43:46,671 - xai.shap_clustering - INFO - Cluster 12: Points after probability threshold filter: 22
2025-01-26 20:43:46,673 - xai.shap_clustering - INFO - Parent cluster 12: Found 3 subclusters.
2025-01-26 20:43:46,678 - xai.shap_clustering - INFO - Processing parent cluster 13.
2025-01-26 20:43:46,678 - xai.shap_clustering - INFO - Cluster 13: Points after probability threshold filter: 19
2025-01-26 20:43:46,681 - xai.shap_clustering - INFO - Parent cluster 13: Found 1 subclusters.
2025-01-26 20:43:46,686 - xai.shap_clustering - INFO - Processing parent cluster 14.
2025-01-26 20:43:46,688 - xai.shap_clustering - INFO - Cluster 14: Points after probability threshold filter: 19
2025-01-26 20:43:46,690 - xai.shap_clustering - INFO - Parent cluster 14: Found 1 subclusters.
2025-01-26 20:43:46,694 - xai.shap_clustering - INFO - Processing parent cluster 15.
2025-01-26 20:43:46,694 - xai.shap_clustering - INFO - Cluster 15: Points after probability threshold filter: 28
2025-01-26 20:43:46,697 - xai.shap_clustering - INFO - Parent cluster 15: Found 3 subclusters.
2025-01-26 20:43:46,703 - xai.shap_clustering - INFO - Processing parent cluster 16.
2025-01-26 20:43:46,705 - xai.shap_clustering - INFO - Cluster 16: Points after probability threshold filter: 17
2025-01-26 20:43:46,707 - xai.shap_clustering - INFO - Parent cluster 16: Found 1 subclusters.
2025-01-26 20:43:46,712 - xai.shap_clustering - INFO - Processing parent cluster 17.
2025-01-26 20:43:46,713 - xai.shap_clustering - INFO - Cluster 17: Points after probability threshold filter: 21
2025-01-26 20:43:46,715 - xai.shap_clustering - INFO - Parent cluster 17: Found 1 subclusters.
2025-01-26 20:43:46,721 - xai.shap_clustering - INFO - Processing parent cluster 18.
2025-01-26 20:43:46,721 - xai.shap_clustering - INFO - Cluster 18: Points after probability threshold filter: 24
2025-01-26 20:43:46,724 - xai.shap_clustering - INFO - Parent cluster 18: Found 1 subclusters.
2025-01-26 20:43:46,729 - xai.shap_clustering - INFO - Processing parent cluster 19.
2025-01-26 20:43:46,729 - xai.shap_clustering - INFO - Cluster 19: Points after probability threshold filter: 16
2025-01-26 20:43:46,732 - xai.shap_clustering - INFO - Parent cluster 19: Found 1 subclusters.
2025-01-26 20:43:46,737 - xai.shap_clustering - INFO - Subclustering process completed.
2025-01-26 20:43:46,737 - xai.shap_clustering - INFO - Successfully processed file: filename_covid_filter_col_None_filter_val_None_target_daylight_rain_ml_model_ExtraTreesModel_mh_algo_SCA_impacts_local.csv
2025-01-26 20:43:46,737 - xai.shap_clustering - INFO - Processing file: filename_covid_filter_col_None_filter_val_None_target_daylight_rain_ml_model_ExtraTreesModel_mh_algo_SCA_impacts_local_class_0.csv
2025-01-26 20:43:46,756 - xai.shap_clustering - INFO - Performing clustering for class: 0
2025-01-26 20:43:46,761 - xai.shap_clustering - INFO - Dimensionality reduction method: PaCMAP
2025-01-26 20:43:48,827 - xai.shap_clustering - INFO - Starting subclustering process. Task type: classification
2025-01-26 20:43:48,828 - xai.shap_clustering - INFO - Processing subclustering for class label: 0
2025-01-26 20:43:48,828 - xai.shap_clustering - INFO - Found 19 unique clusters: [-1  0  1  2  3  4  5  6  7  8  9 10 11 12 13 14 15 16 17]
2025-01-26 20:43:48,829 - xai.shap_clustering - INFO - Skipping noise points for cluster -1.
2025-01-26 20:43:48,829 - xai.shap_clustering - INFO - Processing parent cluster 0.
2025-01-26 20:43:48,830 - xai.shap_clustering - INFO - Cluster 0: Points after probability threshold filter: 77
2025-01-26 20:43:48,834 - xai.shap_clustering - INFO - Parent cluster 0: Found 3 subclusters.
2025-01-26 20:43:48,842 - xai.shap_clustering - INFO - Processing parent cluster 1.
2025-01-26 20:43:48,843 - xai.shap_clustering - INFO - Cluster 1: Points after probability threshold filter: 17
2025-01-26 20:43:48,845 - xai.shap_clustering - INFO - Parent cluster 1: Found 1 subclusters.
2025-01-26 20:43:48,850 - xai.shap_clustering - INFO - Processing parent cluster 2.
2025-01-26 20:43:48,852 - xai.shap_clustering - INFO - Cluster 2: Points after probability threshold filter: 24
2025-01-26 20:43:48,855 - xai.shap_clustering - INFO - Parent cluster 2: Found 3 subclusters.
2025-01-26 20:43:48,861 - xai.shap_clustering - INFO - Processing parent cluster 3.
2025-01-26 20:43:48,862 - xai.shap_clustering - INFO - Cluster 3: Points after probability threshold filter: 30
2025-01-26 20:43:48,864 - xai.shap_clustering - INFO - Parent cluster 3: Found 3 subclusters.
2025-01-26 20:43:48,872 - xai.shap_clustering - INFO - Processing parent cluster 4.
2025-01-26 20:43:48,873 - xai.shap_clustering - INFO - Cluster 4: Points after probability threshold filter: 16
2025-01-26 20:43:48,875 - xai.shap_clustering - INFO - Parent cluster 4: Found 1 subclusters.
2025-01-26 20:43:48,880 - xai.shap_clustering - INFO - Processing parent cluster 5.
2025-01-26 20:43:48,880 - xai.shap_clustering - INFO - Cluster 5: Points after probability threshold filter: 20
2025-01-26 20:43:48,882 - xai.shap_clustering - INFO - Parent cluster 5: Found 1 subclusters.
2025-01-26 20:43:48,889 - xai.shap_clustering - INFO - Processing parent cluster 6.
2025-01-26 20:43:48,890 - xai.shap_clustering - INFO - Cluster 6: Points after probability threshold filter: 21
2025-01-26 20:43:48,893 - xai.shap_clustering - INFO - Parent cluster 6: Found 1 subclusters.
2025-01-26 20:43:48,897 - xai.shap_clustering - INFO - Processing parent cluster 7.
2025-01-26 20:43:48,898 - xai.shap_clustering - INFO - Cluster 7: Points after probability threshold filter: 47
2025-01-26 20:43:48,902 - xai.shap_clustering - INFO - Parent cluster 7: Found 5 subclusters.
2025-01-26 20:43:48,909 - xai.shap_clustering - INFO - Processing parent cluster 8.
2025-01-26 20:43:48,909 - xai.shap_clustering - INFO - Cluster 8: Points after probability threshold filter: 20
2025-01-26 20:43:48,911 - xai.shap_clustering - INFO - Parent cluster 8: Found 1 subclusters.
2025-01-26 20:43:48,916 - xai.shap_clustering - INFO - Processing parent cluster 9.
2025-01-26 20:43:48,917 - xai.shap_clustering - INFO - Cluster 9: Points after probability threshold filter: 20
2025-01-26 20:43:48,920 - xai.shap_clustering - INFO - Parent cluster 9: Found 1 subclusters.
2025-01-26 20:43:48,925 - xai.shap_clustering - INFO - Processing parent cluster 10.
2025-01-26 20:43:48,926 - xai.shap_clustering - INFO - Cluster 10: Points after probability threshold filter: 31
2025-01-26 20:43:48,929 - xai.shap_clustering - INFO - Parent cluster 10: Found 3 subclusters.
2025-01-26 20:43:48,935 - xai.shap_clustering - INFO - Processing parent cluster 11.
2025-01-26 20:43:48,936 - xai.shap_clustering - INFO - Cluster 11: Points after probability threshold filter: 26
2025-01-26 20:43:48,938 - xai.shap_clustering - INFO - Parent cluster 11: Found 3 subclusters.
2025-01-26 20:43:48,945 - xai.shap_clustering - INFO - Processing parent cluster 12.
2025-01-26 20:43:48,946 - xai.shap_clustering - INFO - Cluster 12: Points after probability threshold filter: 22
2025-01-26 20:43:48,948 - xai.shap_clustering - INFO - Parent cluster 12: Found 3 subclusters.
2025-01-26 20:43:48,954 - xai.shap_clustering - INFO - Processing parent cluster 13.
2025-01-26 20:43:48,955 - xai.shap_clustering - INFO - Cluster 13: Points after probability threshold filter: 17
2025-01-26 20:43:48,958 - xai.shap_clustering - INFO - Parent cluster 13: Found 1 subclusters.
2025-01-26 20:43:48,962 - xai.shap_clustering - INFO - Processing parent cluster 14.
2025-01-26 20:43:48,963 - xai.shap_clustering - INFO - Cluster 14: Points after probability threshold filter: 25
2025-01-26 20:43:48,965 - xai.shap_clustering - INFO - Parent cluster 14: Found 1 subclusters.
2025-01-26 20:43:48,971 - xai.shap_clustering - INFO - Processing parent cluster 15.
2025-01-26 20:43:48,972 - xai.shap_clustering - INFO - Cluster 15: Points after probability threshold filter: 30
2025-01-26 20:43:48,974 - xai.shap_clustering - INFO - Parent cluster 15: Found 1 subclusters.
2025-01-26 20:43:48,980 - xai.shap_clustering - INFO - Processing parent cluster 16.
2025-01-26 20:43:48,981 - xai.shap_clustering - INFO - Cluster 16: Points after probability threshold filter: 21
2025-01-26 20:43:48,982 - xai.shap_clustering - INFO - Parent cluster 16: Found 1 subclusters.
2025-01-26 20:43:48,988 - xai.shap_clustering - INFO - Processing parent cluster 17.
2025-01-26 20:43:48,989 - xai.shap_clustering - INFO - Cluster 17: Points after probability threshold filter: 26
2025-01-26 20:43:48,991 - xai.shap_clustering - INFO - Parent cluster 17: Found 1 subclusters.
2025-01-26 20:43:48,997 - xai.shap_clustering - INFO - Subclustering process completed.
2025-01-26 20:43:48,998 - xai.shap_clustering - INFO - Successfully processed file: filename_covid_filter_col_None_filter_val_None_target_daylight_rain_ml_model_ExtraTreesModel_mh_algo_SCA_impacts_local_class_0.csv
2025-01-26 20:43:48,998 - xai.shap_clustering - INFO - Processing file: filename_covid_filter_col_None_filter_val_None_target_daylight_rain_ml_model_ExtraTreesModel_mh_algo_SCA_impacts_local_class_1.csv
2025-01-26 20:43:49,018 - xai.shap_clustering - INFO - Performing clustering for class: 1
2025-01-26 20:43:49,024 - xai.shap_clustering - INFO - Dimensionality reduction method: PaCMAP
2025-01-26 20:43:50,874 - xai.shap_clustering - INFO - Starting subclustering process. Task type: classification
2025-01-26 20:43:50,874 - xai.shap_clustering - INFO - Processing subclustering for class label: 1
2025-01-26 20:43:50,874 - xai.shap_clustering - INFO - Found 18 unique clusters: [-1  0  1  2  3  4  5  6  7  8  9 10 11 12 13 14 15 16]
2025-01-26 20:43:50,875 - xai.shap_clustering - INFO - Skipping noise points for cluster -1.
2025-01-26 20:43:50,875 - xai.shap_clustering - INFO - Processing parent cluster 0.
2025-01-26 20:43:50,876 - xai.shap_clustering - INFO - Cluster 0: Points after probability threshold filter: 61
2025-01-26 20:43:50,879 - xai.shap_clustering - INFO - Parent cluster 0: Found 3 subclusters.
2025-01-26 20:43:50,887 - xai.shap_clustering - INFO - Processing parent cluster 1.
2025-01-26 20:43:50,887 - xai.shap_clustering - INFO - Cluster 1: Points after probability threshold filter: 19
2025-01-26 20:43:50,889 - xai.shap_clustering - INFO - Parent cluster 1: Found 1 subclusters.
2025-01-26 20:43:50,895 - xai.shap_clustering - INFO - Processing parent cluster 2.
2025-01-26 20:43:50,895 - xai.shap_clustering - INFO - Cluster 2: Points after probability threshold filter: 22
2025-01-26 20:43:50,898 - xai.shap_clustering - INFO - Parent cluster 2: Found 1 subclusters.
2025-01-26 20:43:50,905 - xai.shap_clustering - INFO - Processing parent cluster 3.
2025-01-26 20:43:50,905 - xai.shap_clustering - INFO - Cluster 3: Points after probability threshold filter: 22
2025-01-26 20:43:50,908 - xai.shap_clustering - INFO - Parent cluster 3: Found 1 subclusters.
2025-01-26 20:43:50,913 - xai.shap_clustering - INFO - Processing parent cluster 4.
2025-01-26 20:43:50,914 - xai.shap_clustering - INFO - Cluster 4: Points after probability threshold filter: 46
2025-01-26 20:43:50,917 - xai.shap_clustering - INFO - Parent cluster 4: Found 4 subclusters.
2025-01-26 20:43:50,923 - xai.shap_clustering - INFO - Processing parent cluster 5.
2025-01-26 20:43:50,924 - xai.shap_clustering - INFO - Cluster 5: Points after probability threshold filter: 26
2025-01-26 20:43:50,927 - xai.shap_clustering - INFO - Parent cluster 5: Found 3 subclusters.
2025-01-26 20:43:50,933 - xai.shap_clustering - INFO - Processing parent cluster 6.
2025-01-26 20:43:50,934 - xai.shap_clustering - INFO - Cluster 6: Points after probability threshold filter: 33
2025-01-26 20:43:50,936 - xai.shap_clustering - INFO - Parent cluster 6: Found 1 subclusters.
2025-01-26 20:43:50,942 - xai.shap_clustering - INFO - Processing parent cluster 7.
2025-01-26 20:43:50,943 - xai.shap_clustering - INFO - Cluster 7: Points after probability threshold filter: 20
2025-01-26 20:43:50,945 - xai.shap_clustering - INFO - Parent cluster 7: Found 1 subclusters.
2025-01-26 20:43:50,950 - xai.shap_clustering - INFO - Processing parent cluster 8.
2025-01-26 20:43:50,951 - xai.shap_clustering - INFO - Cluster 8: Points after probability threshold filter: 32
2025-01-26 20:43:50,954 - xai.shap_clustering - INFO - Parent cluster 8: Found 3 subclusters.
2025-01-26 20:43:50,960 - xai.shap_clustering - INFO - Processing parent cluster 9.
2025-01-26 20:43:50,960 - xai.shap_clustering - INFO - Cluster 9: Points after probability threshold filter: 19
2025-01-26 20:43:50,962 - xai.shap_clustering - INFO - Parent cluster 9: Found 1 subclusters.
2025-01-26 20:43:50,969 - xai.shap_clustering - INFO - Processing parent cluster 10.
2025-01-26 20:43:50,970 - xai.shap_clustering - INFO - Cluster 10: Points after probability threshold filter: 17
2025-01-26 20:43:50,972 - xai.shap_clustering - INFO - Parent cluster 10: Found 1 subclusters.
2025-01-26 20:43:50,977 - xai.shap_clustering - INFO - Processing parent cluster 11.
2025-01-26 20:43:50,978 - xai.shap_clustering - INFO - Cluster 11: Points after probability threshold filter: 20
2025-01-26 20:43:50,980 - xai.shap_clustering - INFO - Parent cluster 11: Found 1 subclusters.
2025-01-26 20:43:50,985 - xai.shap_clustering - INFO - Processing parent cluster 12.
2025-01-26 20:43:50,986 - xai.shap_clustering - INFO - Cluster 12: Points after probability threshold filter: 27
2025-01-26 20:43:50,989 - xai.shap_clustering - INFO - Parent cluster 12: Found 3 subclusters.
2025-01-26 20:43:50,994 - xai.shap_clustering - INFO - Processing parent cluster 13.
2025-01-26 20:43:50,995 - xai.shap_clustering - INFO - Cluster 13: Points after probability threshold filter: 45
2025-01-26 20:43:50,999 - xai.shap_clustering - INFO - Parent cluster 13: Found 4 subclusters.
2025-01-26 20:43:51,005 - xai.shap_clustering - INFO - Processing parent cluster 14.
2025-01-26 20:43:51,006 - xai.shap_clustering - INFO - Cluster 14: Points after probability threshold filter: 19
2025-01-26 20:43:51,008 - xai.shap_clustering - INFO - Parent cluster 14: Found 1 subclusters.
2025-01-26 20:43:51,013 - xai.shap_clustering - INFO - Processing parent cluster 15.
2025-01-26 20:43:51,014 - xai.shap_clustering - INFO - Cluster 15: Points after probability threshold filter: 19
2025-01-26 20:43:51,016 - xai.shap_clustering - INFO - Parent cluster 15: Found 1 subclusters.
2025-01-26 20:43:51,021 - xai.shap_clustering - INFO - Processing parent cluster 16.
2025-01-26 20:43:51,022 - xai.shap_clustering - INFO - Cluster 16: Points after probability threshold filter: 27
2025-01-26 20:43:51,024 - xai.shap_clustering - INFO - Parent cluster 16: Found 3 subclusters.
2025-01-26 20:43:51,030 - xai.shap_clustering - INFO - Subclustering process completed.
2025-01-26 20:43:51,031 - xai.shap_clustering - INFO - Successfully processed file: filename_covid_filter_col_None_filter_val_None_target_daylight_rain_ml_model_ExtraTreesModel_mh_algo_SCA_impacts_local_class_1.csv
2025-01-26 20:43:51,031 - xai.shap_clustering - INFO - Processing file: filename_covid_filter_col_None_filter_val_None_target_daylight_rain_ml_model_ExtraTreesModel_mh_algo_SCA_impacts_local_class_2.csv
2025-01-26 20:43:51,049 - xai.shap_clustering - INFO - Performing clustering for class: 2
2025-01-26 20:43:51,055 - xai.shap_clustering - INFO - Dimensionality reduction method: PaCMAP
2025-01-26 20:43:52,844 - xai.shap_clustering - INFO - Starting subclustering process. Task type: classification
2025-01-26 20:43:52,844 - xai.shap_clustering - INFO - Processing subclustering for class label: 2
2025-01-26 20:43:52,845 - xai.shap_clustering - INFO - Found 17 unique clusters: [-1  0  1  2  3  4  5  6  7  8  9 10 11 12 13 14 15]
2025-01-26 20:43:52,845 - xai.shap_clustering - INFO - Skipping noise points for cluster -1.
2025-01-26 20:43:52,846 - xai.shap_clustering - INFO - Processing parent cluster 0.
2025-01-26 20:43:52,846 - xai.shap_clustering - INFO - Cluster 0: Points after probability threshold filter: 55
2025-01-26 20:43:52,850 - xai.shap_clustering - INFO - Parent cluster 0: Found 2 subclusters.
2025-01-26 20:43:52,857 - xai.shap_clustering - INFO - Processing parent cluster 1.
2025-01-26 20:43:52,858 - xai.shap_clustering - INFO - Cluster 1: Points after probability threshold filter: 71
2025-01-26 20:43:52,861 - xai.shap_clustering - INFO - Parent cluster 1: Found 2 subclusters.
2025-01-26 20:43:52,868 - xai.shap_clustering - INFO - Processing parent cluster 2.
2025-01-26 20:43:52,868 - xai.shap_clustering - INFO - Cluster 2: Points after probability threshold filter: 55
2025-01-26 20:43:52,871 - xai.shap_clustering - INFO - Parent cluster 2: Found 5 subclusters.
2025-01-26 20:43:52,878 - xai.shap_clustering - INFO - Processing parent cluster 3.
2025-01-26 20:43:52,879 - xai.shap_clustering - INFO - Cluster 3: Points after probability threshold filter: 18
2025-01-26 20:43:52,881 - xai.shap_clustering - INFO - Parent cluster 3: Found 1 subclusters.
2025-01-26 20:43:52,887 - xai.shap_clustering - INFO - Processing parent cluster 4.
2025-01-26 20:43:52,887 - xai.shap_clustering - INFO - Cluster 4: Points after probability threshold filter: 17
2025-01-26 20:43:52,889 - xai.shap_clustering - INFO - Parent cluster 4: Found 1 subclusters.
2025-01-26 20:43:52,893 - xai.shap_clustering - INFO - Processing parent cluster 5.
2025-01-26 20:43:52,894 - xai.shap_clustering - INFO - Cluster 5: Points after probability threshold filter: 29
2025-01-26 20:43:52,898 - xai.shap_clustering - INFO - Parent cluster 5: Found 3 subclusters.
2025-01-26 20:43:52,903 - xai.shap_clustering - INFO - Processing parent cluster 6.
2025-01-26 20:43:52,904 - xai.shap_clustering - INFO - Cluster 6: Points after probability threshold filter: 16
2025-01-26 20:43:52,906 - xai.shap_clustering - INFO - Parent cluster 6: Found 1 subclusters.
2025-01-26 20:43:52,911 - xai.shap_clustering - INFO - Processing parent cluster 7.
2025-01-26 20:43:52,912 - xai.shap_clustering - INFO - Cluster 7: Points after probability threshold filter: 19
2025-01-26 20:43:52,915 - xai.shap_clustering - INFO - Parent cluster 7: Found 1 subclusters.
2025-01-26 20:43:52,919 - xai.shap_clustering - INFO - Processing parent cluster 8.
2025-01-26 20:43:52,920 - xai.shap_clustering - INFO - Cluster 8: Points after probability threshold filter: 36
2025-01-26 20:43:52,923 - xai.shap_clustering - INFO - Parent cluster 8: Found 3 subclusters.
2025-01-26 20:43:52,929 - xai.shap_clustering - INFO - Processing parent cluster 9.
2025-01-26 20:43:52,929 - xai.shap_clustering - INFO - Cluster 9: Points after probability threshold filter: 24
2025-01-26 20:43:52,932 - xai.shap_clustering - INFO - Parent cluster 9: Found 3 subclusters.
2025-01-26 20:43:52,938 - xai.shap_clustering - INFO - Processing parent cluster 10.
2025-01-26 20:43:52,938 - xai.shap_clustering - INFO - Cluster 10: Points after probability threshold filter: 20
2025-01-26 20:43:52,940 - xai.shap_clustering - INFO - Parent cluster 10: Found 1 subclusters.
2025-01-26 20:43:52,945 - xai.shap_clustering - INFO - Processing parent cluster 11.
2025-01-26 20:43:52,947 - xai.shap_clustering - INFO - Cluster 11: Points after probability threshold filter: 18
2025-01-26 20:43:52,949 - xai.shap_clustering - INFO - Parent cluster 11: Found 1 subclusters.
2025-01-26 20:43:52,953 - xai.shap_clustering - INFO - Processing parent cluster 12.
2025-01-26 20:43:52,955 - xai.shap_clustering - INFO - Cluster 12: Points after probability threshold filter: 16
2025-01-26 20:43:52,957 - xai.shap_clustering - INFO - Parent cluster 12: Found 1 subclusters.
2025-01-26 20:43:52,961 - xai.shap_clustering - INFO - Processing parent cluster 13.
2025-01-26 20:43:52,962 - xai.shap_clustering - INFO - Cluster 13: Points after probability threshold filter: 24
2025-01-26 20:43:52,965 - xai.shap_clustering - INFO - Parent cluster 13: Found 1 subclusters.
2025-01-26 20:43:52,970 - xai.shap_clustering - INFO - Processing parent cluster 14.
2025-01-26 20:43:52,971 - xai.shap_clustering - INFO - Cluster 14: Points after probability threshold filter: 19
2025-01-26 20:43:52,973 - xai.shap_clustering - INFO - Parent cluster 14: Found 3 subclusters.
2025-01-26 20:43:52,979 - xai.shap_clustering - INFO - Processing parent cluster 15.
2025-01-26 20:43:52,980 - xai.shap_clustering - INFO - Cluster 15: Points after probability threshold filter: 20
2025-01-26 20:43:52,982 - xai.shap_clustering - INFO - Parent cluster 15: Found 1 subclusters.
2025-01-26 20:43:52,987 - xai.shap_clustering - INFO - Subclustering process completed.
2025-01-26 20:43:52,987 - xai.shap_clustering - INFO - Successfully processed file: filename_covid_filter_col_None_filter_val_None_target_daylight_rain_ml_model_ExtraTreesModel_mh_algo_SCA_impacts_local_class_2.csv
2025-01-26 20:43:52,988 - xai.shap_clustering - INFO - Processing file: filename_covid_filter_col_None_filter_val_None_target_daylight_rain_ml_model_ExtraTreesModel_mh_algo_SCA_impacts_local_class_3.csv
2025-01-26 20:43:53,007 - xai.shap_clustering - INFO - Performing clustering for class: 3
2025-01-26 20:43:53,011 - xai.shap_clustering - INFO - Dimensionality reduction method: PaCMAP
2025-01-26 20:43:54,606 - xai.shap_clustering - INFO - Starting subclustering process. Task type: classification
2025-01-26 20:43:54,608 - xai.shap_clustering - INFO - Processing subclustering for class label: 3
2025-01-26 20:43:54,608 - xai.shap_clustering - INFO - Found 14 unique clusters: [-1  0  1  2  3  4  5  6  7  8  9 10 11 12]
2025-01-26 20:43:54,608 - xai.shap_clustering - INFO - Skipping noise points for cluster -1.
2025-01-26 20:43:54,610 - xai.shap_clustering - INFO - Processing parent cluster 0.
2025-01-26 20:43:54,613 - xai.shap_clustering - INFO - Cluster 0: Points after probability threshold filter: 69
2025-01-26 20:43:54,618 - xai.shap_clustering - INFO - Parent cluster 0: Found 5 subclusters.
2025-01-26 20:43:54,625 - xai.shap_clustering - INFO - Processing parent cluster 1.
2025-01-26 20:43:54,625 - xai.shap_clustering - INFO - Cluster 1: Points after probability threshold filter: 29
2025-01-26 20:43:54,629 - xai.shap_clustering - INFO - Parent cluster 1: Found 1 subclusters.
2025-01-26 20:43:54,634 - xai.shap_clustering - INFO - Processing parent cluster 2.
2025-01-26 20:43:54,636 - xai.shap_clustering - INFO - Cluster 2: Points after probability threshold filter: 17
2025-01-26 20:43:54,639 - xai.shap_clustering - INFO - Parent cluster 2: Found 1 subclusters.
2025-01-26 20:43:54,644 - xai.shap_clustering - INFO - Processing parent cluster 3.
2025-01-26 20:43:54,645 - xai.shap_clustering - INFO - Cluster 3: Points after probability threshold filter: 17
2025-01-26 20:43:54,648 - xai.shap_clustering - INFO - Parent cluster 3: Found 1 subclusters.
2025-01-26 20:43:54,654 - xai.shap_clustering - INFO - Processing parent cluster 4.
2025-01-26 20:43:54,655 - xai.shap_clustering - INFO - Cluster 4: Points after probability threshold filter: 19
2025-01-26 20:43:54,656 - xai.shap_clustering - INFO - Parent cluster 4: Found 1 subclusters.
2025-01-26 20:43:54,662 - xai.shap_clustering - INFO - Processing parent cluster 5.
2025-01-26 20:43:54,663 - xai.shap_clustering - INFO - Cluster 5: Points after probability threshold filter: 55
2025-01-26 20:43:54,666 - xai.shap_clustering - INFO - Parent cluster 5: Found 5 subclusters.
2025-01-26 20:43:54,673 - xai.shap_clustering - INFO - Processing parent cluster 6.
2025-01-26 20:43:54,675 - xai.shap_clustering - INFO - Cluster 6: Points after probability threshold filter: 25
2025-01-26 20:43:54,677 - xai.shap_clustering - INFO - Parent cluster 6: Found 3 subclusters.
2025-01-26 20:43:54,683 - xai.shap_clustering - INFO - Processing parent cluster 7.
2025-01-26 20:43:54,684 - xai.shap_clustering - INFO - Cluster 7: Points after probability threshold filter: 30
2025-01-26 20:43:54,687 - xai.shap_clustering - INFO - Parent cluster 7: Found 3 subclusters.
2025-01-26 20:43:54,692 - xai.shap_clustering - INFO - Processing parent cluster 8.
2025-01-26 20:43:54,694 - xai.shap_clustering - INFO - Cluster 8: Points after probability threshold filter: 24
2025-01-26 20:43:54,695 - xai.shap_clustering - INFO - Parent cluster 8: Found 3 subclusters.
2025-01-26 20:43:54,701 - xai.shap_clustering - INFO - Processing parent cluster 9.
2025-01-26 20:43:54,703 - xai.shap_clustering - INFO - Cluster 9: Points after probability threshold filter: 47
2025-01-26 20:43:54,706 - xai.shap_clustering - INFO - Parent cluster 9: Found 3 subclusters.
2025-01-26 20:43:54,712 - xai.shap_clustering - INFO - Processing parent cluster 10.
2025-01-26 20:43:54,714 - xai.shap_clustering - INFO - Cluster 10: Points after probability threshold filter: 18
2025-01-26 20:43:54,716 - xai.shap_clustering - INFO - Parent cluster 10: Found 1 subclusters.
2025-01-26 20:43:54,722 - xai.shap_clustering - INFO - Processing parent cluster 11.
2025-01-26 20:43:54,723 - xai.shap_clustering - INFO - Cluster 11: Points after probability threshold filter: 21
2025-01-26 20:43:54,725 - xai.shap_clustering - INFO - Parent cluster 11: Found 1 subclusters.
2025-01-26 20:43:54,730 - xai.shap_clustering - INFO - Processing parent cluster 12.
2025-01-26 20:43:54,732 - xai.shap_clustering - INFO - Cluster 12: Points after probability threshold filter: 16
2025-01-26 20:43:54,733 - xai.shap_clustering - INFO - Parent cluster 12: Found 1 subclusters.
2025-01-26 20:43:54,739 - xai.shap_clustering - INFO - Subclustering process completed.
2025-01-26 20:43:54,740 - xai.shap_clustering - INFO - Successfully processed file: filename_covid_filter_col_None_filter_val_None_target_daylight_rain_ml_model_ExtraTreesModel_mh_algo_SCA_impacts_local_class_3.csv
2025-01-26 20:43:54,740 - xai.shap_clustering - INFO - SHAP clustering process completed.
2025-01-26 20:43:54,743 - xai.sage_analysis - INFO - Starting SAGE analysis...
2025-01-26 20:43:54,744 - xai.sage_analysis - INFO - Analyzing model: ExtraTreesModel with mh_algo: SCA for target: daylight_rain, filename: covid, filter value: None
2025-01-26 20:57:12,044 - xai.sage_analysis - INFO - SAGE analysis completed.
2025-01-26 20:57:12,052 - xai.nshap_analysis - INFO - Processing model 1/1: Start
2025-01-26 20:57:12,052 - xai.nshap_analysis - INFO - Loading data and model for filename_covid_filter_col_None_filter_val_None_target_daylight_rain_ml_model_ExtraTreesModel_mh_algo_SCA
2025-01-26 20:57:12,258 - xai.nshap_analysis - INFO - Training new model with the most important features from SAGE
2025-01-26 20:57:14,299 - xai.nshap_analysis - INFO - Saving predictions for the new model
2025-01-26 20:57:14,403 - xai.nshap_analysis - INFO - Predictions saved to C:\Users\tbezdan\Desktop\crAIRsis datasets\EU_cls\data\nshap\filename_covid_filter_col_None_filter_val_None_target_daylight_rain_ml_model_ExtraTreesModel_mh_algo_SCA_predictions.csv
2025-01-26 20:57:14,404 - xai.nshap_analysis - INFO - Initializing nSHAP
2025-01-26 20:57:14,423 - xai.nshap_analysis - INFO - Computing n shapley values
2025-01-26 20:57:14,427 - xai.nshap_analysis - INFO - Instance 0: Predicted class 0
2025-01-26 20:57:14,427 - xai.nshap_analysis - INFO - Instance 1: Predicted class 3
2025-01-26 21:06:25,400 - xai.nshap_analysis - INFO - Processing model 1/1: Start
2025-01-26 21:06:25,400 - xai.nshap_analysis - INFO - Loading data and model for filename_covid_filter_col_None_filter_val_None_target_daylight_rain_ml_model_ExtraTreesModel_mh_algo_SCA
2025-01-26 21:06:25,520 - xai.nshap_analysis - INFO - Training new model with the most important features from SAGE
2025-01-26 21:06:27,098 - xai.nshap_analysis - INFO - Saving predictions for the new model
2025-01-26 21:06:27,204 - xai.nshap_analysis - INFO - Predictions saved to C:\Users\tbezdan\Desktop\crAIRsis datasets\EU_cls\data\nshap\filename_covid_filter_col_None_filter_val_None_target_daylight_rain_ml_model_ExtraTreesModel_mh_algo_SCA_predictions.csv
2025-01-26 21:06:27,204 - xai.nshap_analysis - INFO - Initializing nSHAP
2025-01-26 21:06:27,222 - xai.nshap_analysis - INFO - Computing n shapley values
2025-01-26 21:06:27,233 - xai.nshap_analysis - INFO - Instance 0: Predicted class 0
2025-01-26 21:06:27,233 - xai.nshap_analysis - INFO - Instance 1: Predicted class 3
2025-01-26 21:12:28,070 - xai.nshap_analysis - INFO - Processing model 1/1: Start
2025-01-26 21:12:28,071 - xai.nshap_analysis - INFO - Loading data and model for filename_covid_filter_col_None_filter_val_None_target_daylight_rain_ml_model_ExtraTreesModel_mh_algo_SCA
2025-01-26 21:12:28,214 - xai.nshap_analysis - INFO - Training new model with the most important features from SAGE
2025-01-26 21:12:29,814 - xai.nshap_analysis - INFO - Saving predictions for the new model
2025-01-26 21:12:29,908 - xai.nshap_analysis - INFO - Predictions saved to C:\Users\tbezdan\Desktop\crAIRsis datasets\EU_cls\data\nshap\filename_covid_filter_col_None_filter_val_None_target_daylight_rain_ml_model_ExtraTreesModel_mh_algo_SCA_predictions.csv
2025-01-26 21:12:29,908 - xai.nshap_analysis - INFO - Initializing nSHAP
2025-01-26 21:12:29,925 - xai.nshap_analysis - INFO - Computing n shapley values
2025-01-26 21:12:29,935 - xai.nshap_analysis - INFO - Instance 0: Predicted class 0
2025-01-26 21:12:29,935 - xai.nshap_analysis - INFO - Instance 1: Predicted class 3
2025-01-26 21:14:05,786 - xai.nshap_analysis - INFO - Processing model 1/1: Start
2025-01-26 21:14:05,786 - xai.nshap_analysis - INFO - Loading data and model for filename_covid_filter_col_None_filter_val_None_target_daylight_rain_ml_model_ExtraTreesModel_mh_algo_SCA
2025-01-26 21:14:05,932 - xai.nshap_analysis - INFO - Training new model with the most important features from SAGE
2025-01-26 21:14:07,567 - xai.nshap_analysis - INFO - Saving predictions for the new model
2025-01-26 21:14:07,661 - xai.nshap_analysis - INFO - Predictions saved to C:\Users\tbezdan\Desktop\crAIRsis datasets\EU_cls\data\nshap\filename_covid_filter_col_None_filter_val_None_target_daylight_rain_ml_model_ExtraTreesModel_mh_algo_SCA_predictions.csv
2025-01-26 21:14:07,661 - xai.nshap_analysis - INFO - Initializing nSHAP
2025-01-26 21:14:07,675 - xai.nshap_analysis - INFO - Computing n shapley values
2025-01-26 21:14:07,687 - xai.nshap_analysis - INFO - Instance 0: Predicted class 0
2025-01-26 21:14:07,688 - xai.nshap_analysis - INFO - Instance 1: Predicted class 3
2025-01-26 21:14:11,047 - xai.nshap_analysis - ERROR - Error processing model 1: f returns multi-dimensional array, but target is not specified
joblib.externals.loky.process_executor._RemoteTraceback: 
"""
Traceback (most recent call last):
  File "C:\Users\tbezdan\anaconda3\envs\crairsis\lib\site-packages\joblib\externals\loky\process_executor.py", line 463, in _process_worker
    r = call_item()
  File "C:\Users\tbezdan\anaconda3\envs\crairsis\lib\site-packages\joblib\externals\loky\process_executor.py", line 291, in __call__
    return self.fn(*self.args, **self.kwargs)
  File "C:\Users\tbezdan\anaconda3\envs\crairsis\lib\site-packages\joblib\parallel.py", line 589, in __call__
    return [func(*args, **kwargs)
  File "C:\Users\tbezdan\anaconda3\envs\crairsis\lib\site-packages\joblib\parallel.py", line 589, in <listcomp>
    return [func(*args, **kwargs)
  File "c:\Users\tbezdan\crairsis-framework\src\xai\nshap_analysis.py", line 108, in compute_n_shapley
    n_shapley_values = nshap.n_shapley_values(X_test.values[instance_id, :], vfunc)
  File "C:\Users\tbezdan\anaconda3\envs\crairsis\lib\site-packages\nshap\functions.py", line 189, in n_shapley_values
    shapley_int_idx = shapley_interaction_index(x, v_func, n)
  File "C:\Users\tbezdan\anaconda3\envs\crairsis\lib\site-packages\nshap\functions.py", line 159, in shapley_interaction_index
    delta = delta + np.power(-1, len(S) - len(L)) * v_func(x, coalition)
  File "C:\Users\tbezdan\anaconda3\envs\crairsis\lib\site-packages\nshap\vfunc.py", line 104, in __call__
    value = self.func(*args)
  File "C:\Users\tbezdan\anaconda3\envs\crairsis\lib\site-packages\nshap\vfunc.py", line 53, in fn
    assert (
AssertionError: f returns multi-dimensional array, but target is not specified
"""

The above exception was the direct cause of the following exception:

Traceback (most recent call last):
  File "c:\Users\tbezdan\crairsis-framework\src\xai\nshap_analysis.py", line 525, in perform_nshap_analysis
    cls_calculate_and_save_nshap(
  File "c:\Users\tbezdan\crairsis-framework\src\xai\nshap_analysis.py", line 343, in cls_calculate_and_save_nshap
    results_n_shapley = Parallel(n_jobs=-1, batch_size="auto")(
  File "C:\Users\tbezdan\anaconda3\envs\crairsis\lib\site-packages\joblib\parallel.py", line 1952, in __call__
    return output if self.return_generator else list(output)
  File "C:\Users\tbezdan\anaconda3\envs\crairsis\lib\site-packages\joblib\parallel.py", line 1595, in _get_outputs
    yield from self._retrieve()
  File "C:\Users\tbezdan\anaconda3\envs\crairsis\lib\site-packages\joblib\parallel.py", line 1699, in _retrieve
    self._raise_error_fast()
  File "C:\Users\tbezdan\anaconda3\envs\crairsis\lib\site-packages\joblib\parallel.py", line 1734, in _raise_error_fast
    error_job.get_result(self.timeout)
  File "C:\Users\tbezdan\anaconda3\envs\crairsis\lib\site-packages\joblib\parallel.py", line 736, in get_result
    return self._return_or_raise()
  File "C:\Users\tbezdan\anaconda3\envs\crairsis\lib\site-packages\joblib\parallel.py", line 754, in _return_or_raise
    raise self._result
AssertionError: f returns multi-dimensional array, but target is not specified
2025-01-26 21:17:54,249 - xai.nshap_analysis - INFO - Processing model 1/1: Start
2025-01-26 21:17:54,250 - xai.nshap_analysis - INFO - Loading data and model for filename_covid_filter_col_None_filter_val_None_target_daylight_rain_ml_model_ExtraTreesModel_mh_algo_SCA
2025-01-26 21:17:54,359 - xai.nshap_analysis - INFO - Training new model with the most important features from SAGE
2025-01-26 21:17:55,606 - xai.nshap_analysis - INFO - Saving predictions for the new model
2025-01-26 21:17:55,682 - xai.nshap_analysis - INFO - Predictions saved to C:\Users\tbezdan\Desktop\crAIRsis datasets\EU_cls\data\nshap\filename_covid_filter_col_None_filter_val_None_target_daylight_rain_ml_model_ExtraTreesModel_mh_algo_SCA_predictions.csv
2025-01-26 21:17:55,682 - xai.nshap_analysis - INFO - Initializing nSHAP
2025-01-26 21:17:55,693 - xai.nshap_analysis - INFO - Computing n shapley values
2025-01-26 21:17:55,701 - xai.nshap_analysis - INFO - Instance 0: Predicted class 0
2025-01-26 21:17:55,701 - xai.nshap_analysis - INFO - Target class: 0
2025-01-26 21:17:55,702 - xai.nshap_analysis - INFO - Shape of X_train: (3142, 20)
2025-01-26 21:17:55,715 - xai.nshap_analysis - INFO - Model predict_proba output shape: (5, 4)
2025-01-26 21:17:55,715 - xai.nshap_analysis - INFO - Instance 1: Predicted class 3
2025-01-26 21:17:55,715 - xai.nshap_analysis - INFO - Target class: 3
2025-01-26 21:17:55,716 - xai.nshap_analysis - INFO - Shape of X_train: (3142, 20)
2025-01-26 21:17:55,729 - xai.nshap_analysis - INFO - Model predict_proba output shape: (5, 4)
2025-01-26 21:17:55,729 - xai.nshap_analysis - INFO - Instance 2: Predicted class 0
2025-01-26 21:17:55,730 - xai.nshap_analysis - INFO - Target class: 0
2025-01-26 21:17:55,731 - xai.nshap_analysis - INFO - Shape of X_train: (3142, 20)
2025-01-26 21:17:55,743 - xai.nshap_analysis - INFO - Model predict_proba output shape: (5, 4)
2025-01-26 21:17:55,743 - xai.nshap_analysis - INFO - Instance 3: Predicted class 2
2025-01-26 21:17:55,743 - xai.nshap_analysis - INFO - Target class: 2
2025-01-26 21:17:55,744 - xai.nshap_analysis - INFO - Shape of X_train: (3142, 20)
2025-01-26 21:17:55,757 - xai.nshap_analysis - INFO - Model predict_proba output shape: (5, 4)
2025-01-26 21:17:55,757 - xai.nshap_analysis - INFO - Instance 4: Predicted class 0
2025-01-26 21:17:55,758 - xai.nshap_analysis - INFO - Target class: 0
2025-01-26 21:17:55,758 - xai.nshap_analysis - INFO - Shape of X_train: (3142, 20)
2025-01-26 21:17:55,770 - xai.nshap_analysis - INFO - Model predict_proba output shape: (5, 4)
2025-01-26 21:17:55,771 - xai.nshap_analysis - INFO - Instance 5: Predicted class 0
2025-01-26 21:17:55,771 - xai.nshap_analysis - INFO - Target class: 0
2025-01-26 21:17:55,772 - xai.nshap_analysis - INFO - Shape of X_train: (3142, 20)
2025-01-26 21:17:55,785 - xai.nshap_analysis - INFO - Model predict_proba output shape: (5, 4)
2025-01-26 21:17:55,785 - xai.nshap_analysis - INFO - Instance 6: Predicted class 3
2025-01-26 21:17:55,785 - xai.nshap_analysis - INFO - Target class: 3
2025-01-26 21:17:55,786 - xai.nshap_analysis - INFO - Shape of X_train: (3142, 20)
2025-01-26 21:17:55,799 - xai.nshap_analysis - INFO - Model predict_proba output shape: (5, 4)
2025-01-26 21:17:55,800 - xai.nshap_analysis - INFO - Instance 7: Predicted class 0
2025-01-26 21:17:55,800 - xai.nshap_analysis - INFO - Target class: 0
2025-01-26 21:17:55,800 - xai.nshap_analysis - INFO - Shape of X_train: (3142, 20)
2025-01-26 21:17:55,812 - xai.nshap_analysis - INFO - Model predict_proba output shape: (5, 4)
2025-01-26 21:17:55,812 - xai.nshap_analysis - INFO - Instance 8: Predicted class 1
2025-01-26 21:17:55,813 - xai.nshap_analysis - INFO - Target class: 1
2025-01-26 21:17:55,813 - xai.nshap_analysis - INFO - Shape of X_train: (3142, 20)
2025-01-26 21:17:55,826 - xai.nshap_analysis - INFO - Model predict_proba output shape: (5, 4)
2025-01-26 21:17:55,826 - xai.nshap_analysis - INFO - Instance 9: Predicted class 2
2025-01-26 21:17:55,826 - xai.nshap_analysis - INFO - Target class: 2
2025-01-26 21:17:55,826 - xai.nshap_analysis - INFO - Shape of X_train: (3142, 20)
2025-01-26 21:17:55,859 - xai.nshap_analysis - INFO - Model predict_proba output shape: (5, 4)
2025-01-26 21:18:19,519 - xai.nshap_analysis - INFO - Processing model 1/1: Start
2025-01-26 21:18:19,519 - xai.nshap_analysis - INFO - Loading data and model for filename_covid_filter_col_None_filter_val_None_target_daylight_rain_ml_model_ExtraTreesModel_mh_algo_SCA
2025-01-26 21:18:19,639 - xai.nshap_analysis - INFO - Training new model with the most important features from SAGE
2025-01-26 21:18:21,042 - xai.nshap_analysis - INFO - Saving predictions for the new model
2025-01-26 21:18:21,122 - xai.nshap_analysis - INFO - Predictions saved to C:\Users\tbezdan\Desktop\crAIRsis datasets\EU_cls\data\nshap\filename_covid_filter_col_None_filter_val_None_target_daylight_rain_ml_model_ExtraTreesModel_mh_algo_SCA_predictions.csv
2025-01-26 21:18:21,122 - xai.nshap_analysis - INFO - Initializing nSHAP
2025-01-26 21:18:21,136 - xai.nshap_analysis - INFO - Computing n shapley values
2025-01-26 21:18:21,146 - xai.nshap_analysis - INFO - Instance 0: Predicted class 0
2025-01-26 21:18:21,147 - xai.nshap_analysis - INFO - Target class: 0
2025-01-26 21:18:21,148 - xai.nshap_analysis - INFO - Shape of X_train: (3142, 20)
2025-01-26 21:18:21,162 - xai.nshap_analysis - INFO - Model predict_proba output shape: (5, 4)
2025-01-26 21:18:21,163 - xai.nshap_analysis - INFO - Instance 1: Predicted class 3
2025-01-26 21:18:21,163 - xai.nshap_analysis - INFO - Target class: 3
2025-01-26 21:18:21,164 - xai.nshap_analysis - INFO - Shape of X_train: (3142, 20)
2025-01-26 21:18:21,178 - xai.nshap_analysis - INFO - Model predict_proba output shape: (5, 4)
2025-01-26 21:18:21,180 - xai.nshap_analysis - INFO - Instance 2: Predicted class 0
2025-01-26 21:18:21,181 - xai.nshap_analysis - INFO - Target class: 0
2025-01-26 21:18:21,181 - xai.nshap_analysis - INFO - Shape of X_train: (3142, 20)
2025-01-26 21:18:21,197 - xai.nshap_analysis - INFO - Model predict_proba output shape: (5, 4)
2025-01-26 21:18:21,198 - xai.nshap_analysis - INFO - Instance 3: Predicted class 2
2025-01-26 21:18:21,199 - xai.nshap_analysis - INFO - Target class: 2
2025-01-26 21:18:21,199 - xai.nshap_analysis - INFO - Shape of X_train: (3142, 20)
2025-01-26 21:18:21,212 - xai.nshap_analysis - INFO - Model predict_proba output shape: (5, 4)
2025-01-26 21:18:21,212 - xai.nshap_analysis - INFO - Instance 4: Predicted class 0
2025-01-26 21:18:21,212 - xai.nshap_analysis - INFO - Target class: 0
2025-01-26 21:18:21,213 - xai.nshap_analysis - INFO - Shape of X_train: (3142, 20)
2025-01-26 21:18:21,228 - xai.nshap_analysis - INFO - Model predict_proba output shape: (5, 4)
2025-01-26 21:18:21,228 - xai.nshap_analysis - INFO - Instance 5: Predicted class 0
2025-01-26 21:18:21,228 - xai.nshap_analysis - INFO - Target class: 0
2025-01-26 21:18:21,229 - xai.nshap_analysis - INFO - Shape of X_train: (3142, 20)
2025-01-26 21:18:21,242 - xai.nshap_analysis - INFO - Model predict_proba output shape: (5, 4)
2025-01-26 21:18:21,242 - xai.nshap_analysis - INFO - Instance 6: Predicted class 3
2025-01-26 21:18:21,242 - xai.nshap_analysis - INFO - Target class: 3
2025-01-26 21:18:21,243 - xai.nshap_analysis - INFO - Shape of X_train: (3142, 20)
2025-01-26 21:18:21,255 - xai.nshap_analysis - INFO - Model predict_proba output shape: (5, 4)
2025-01-26 21:18:21,256 - xai.nshap_analysis - INFO - Instance 7: Predicted class 0
2025-01-26 21:18:21,256 - xai.nshap_analysis - INFO - Target class: 0
2025-01-26 21:18:21,256 - xai.nshap_analysis - INFO - Shape of X_train: (3142, 20)
2025-01-26 21:18:21,271 - xai.nshap_analysis - INFO - Model predict_proba output shape: (5, 4)
2025-01-26 21:18:21,271 - xai.nshap_analysis - INFO - Instance 8: Predicted class 1
2025-01-26 21:18:21,271 - xai.nshap_analysis - INFO - Target class: 1
2025-01-26 21:18:21,271 - xai.nshap_analysis - INFO - Shape of X_train: (3142, 20)
2025-01-26 21:18:21,285 - xai.nshap_analysis - INFO - Model predict_proba output shape: (5, 4)
2025-01-26 21:18:21,285 - xai.nshap_analysis - INFO - Instance 9: Predicted class 2
2025-01-26 21:18:21,285 - xai.nshap_analysis - INFO - Target class: 2
2025-01-26 21:18:21,286 - xai.nshap_analysis - INFO - Shape of X_train: (3142, 20)
2025-01-26 21:18:21,299 - xai.nshap_analysis - INFO - Model predict_proba output shape: (5, 4)
2025-01-26 21:23:09,479 - xai.nshap_analysis - INFO - Processing model 1/1: Start
2025-01-26 21:23:09,479 - xai.nshap_analysis - INFO - Loading data and model for filename_covid_filter_col_None_filter_val_None_target_daylight_rain_ml_model_ExtraTreesModel_mh_algo_SCA
2025-01-26 21:23:09,601 - xai.nshap_analysis - INFO - Training new model with the most important features from SAGE
2025-01-26 21:23:10,914 - xai.nshap_analysis - INFO - Saving predictions for the new model
2025-01-26 21:23:10,986 - xai.nshap_analysis - INFO - Predictions saved to C:\Users\tbezdan\Desktop\crAIRsis datasets\EU_cls\data\nshap\filename_covid_filter_col_None_filter_val_None_target_daylight_rain_ml_model_ExtraTreesModel_mh_algo_SCA_predictions.csv
2025-01-26 21:23:10,986 - xai.nshap_analysis - INFO - Initializing nSHAP
2025-01-26 21:23:10,987 - xai.nshap_analysis - INFO - Initializing value function for class 0
2025-01-26 21:23:10,987 - xai.nshap_analysis - INFO - Initializing value function for class 1
2025-01-26 21:23:10,988 - xai.nshap_analysis - INFO - Initializing value function for class 2
2025-01-26 21:23:10,988 - xai.nshap_analysis - INFO - Initializing value function for class 3
2025-01-26 21:23:10,999 - xai.nshap_analysis - INFO - Computing n shapley values
2025-01-26 21:23:11,007 - xai.nshap_analysis - INFO - Instance 0: Predicted class 0
2025-01-26 21:23:11,008 - xai.nshap_analysis - INFO - Target class: 0
2025-01-26 21:23:11,008 - xai.nshap_analysis - INFO - Shape of X_train: (3142, 20)
2025-01-26 21:23:11,021 - xai.nshap_analysis - INFO - Model predict_proba output shape: (5, 4)
2025-01-26 21:23:11,022 - xai.nshap_analysis - INFO - Instance 1: Predicted class 3
2025-01-26 21:23:11,022 - xai.nshap_analysis - INFO - Target class: 3
2025-01-26 21:23:11,022 - xai.nshap_analysis - INFO - Shape of X_train: (3142, 20)
2025-01-26 21:23:11,034 - xai.nshap_analysis - INFO - Model predict_proba output shape: (5, 4)
2025-01-26 21:23:11,034 - xai.nshap_analysis - INFO - Instance 2: Predicted class 0
2025-01-26 21:23:11,035 - xai.nshap_analysis - INFO - Target class: 0
2025-01-26 21:23:11,035 - xai.nshap_analysis - INFO - Shape of X_train: (3142, 20)
2025-01-26 21:23:11,048 - xai.nshap_analysis - INFO - Model predict_proba output shape: (5, 4)
2025-01-26 21:23:11,048 - xai.nshap_analysis - INFO - Instance 3: Predicted class 2
2025-01-26 21:23:11,049 - xai.nshap_analysis - INFO - Target class: 2
2025-01-26 21:23:11,049 - xai.nshap_analysis - INFO - Shape of X_train: (3142, 20)
2025-01-26 21:23:11,060 - xai.nshap_analysis - INFO - Model predict_proba output shape: (5, 4)
2025-01-26 21:23:11,061 - xai.nshap_analysis - INFO - Instance 4: Predicted class 0
2025-01-26 21:23:11,061 - xai.nshap_analysis - INFO - Target class: 0
2025-01-26 21:23:11,061 - xai.nshap_analysis - INFO - Shape of X_train: (3142, 20)
2025-01-26 21:23:11,074 - xai.nshap_analysis - INFO - Model predict_proba output shape: (5, 4)
2025-01-26 21:23:11,074 - xai.nshap_analysis - INFO - Instance 5: Predicted class 0
2025-01-26 21:23:11,074 - xai.nshap_analysis - INFO - Target class: 0
2025-01-26 21:23:11,074 - xai.nshap_analysis - INFO - Shape of X_train: (3142, 20)
2025-01-26 21:23:11,088 - xai.nshap_analysis - INFO - Model predict_proba output shape: (5, 4)
2025-01-26 21:23:11,089 - xai.nshap_analysis - INFO - Instance 6: Predicted class 3
2025-01-26 21:23:11,089 - xai.nshap_analysis - INFO - Target class: 3
2025-01-26 21:23:11,089 - xai.nshap_analysis - INFO - Shape of X_train: (3142, 20)
2025-01-26 21:23:11,103 - xai.nshap_analysis - INFO - Model predict_proba output shape: (5, 4)
2025-01-26 21:23:11,103 - xai.nshap_analysis - INFO - Instance 7: Predicted class 0
2025-01-26 21:23:11,104 - xai.nshap_analysis - INFO - Target class: 0
2025-01-26 21:23:11,104 - xai.nshap_analysis - INFO - Shape of X_train: (3142, 20)
2025-01-26 21:23:11,117 - xai.nshap_analysis - INFO - Model predict_proba output shape: (5, 4)
2025-01-26 21:23:11,117 - xai.nshap_analysis - INFO - Instance 8: Predicted class 1
2025-01-26 21:23:11,117 - xai.nshap_analysis - INFO - Target class: 1
2025-01-26 21:23:11,118 - xai.nshap_analysis - INFO - Shape of X_train: (3142, 20)
2025-01-26 21:23:11,129 - xai.nshap_analysis - INFO - Model predict_proba output shape: (5, 4)
2025-01-26 21:23:11,129 - xai.nshap_analysis - INFO - Instance 9: Predicted class 2
2025-01-26 21:23:11,130 - xai.nshap_analysis - INFO - Target class: 2
2025-01-26 21:23:11,130 - xai.nshap_analysis - INFO - Shape of X_train: (3142, 20)
2025-01-26 21:23:11,143 - xai.nshap_analysis - INFO - Model predict_proba output shape: (5, 4)
2025-01-26 21:27:39,417 - xai.nshap_analysis - INFO - Processing model 1/1: Start
2025-01-26 21:27:39,418 - xai.nshap_analysis - INFO - Loading data and model for filename_covid_filter_col_None_filter_val_None_target_daylight_rain_ml_model_ExtraTreesModel_mh_algo_SCA
2025-01-26 21:27:39,574 - xai.nshap_analysis - INFO - Training new model with the most important features from SAGE
2025-01-26 21:27:41,413 - xai.nshap_analysis - INFO - Saving predictions for the new model
2025-01-26 21:27:41,517 - xai.nshap_analysis - INFO - Predictions saved to C:\Users\tbezdan\Desktop\crAIRsis datasets\EU_cls\data\nshap\filename_covid_filter_col_None_filter_val_None_target_daylight_rain_ml_model_ExtraTreesModel_mh_algo_SCA_predictions.csv
2025-01-26 21:27:41,517 - xai.nshap_analysis - INFO - Initializing nSHAP
2025-01-26 21:27:41,532 - xai.nshap_analysis - INFO - Instance 0: predict_proba output: [[0.99844702 0.00155298 0.         0.        ]]
2025-01-26 21:27:41,548 - xai.nshap_analysis - INFO - Instance 1: predict_proba output: [[8.30887527e-04 9.99169112e-01 0.00000000e+00 0.00000000e+00]]
2025-01-26 21:27:41,563 - xai.nshap_analysis - INFO - Instance 2: predict_proba output: [[0. 0. 1. 0.]]
2025-01-26 21:27:41,579 - xai.nshap_analysis - INFO - Instance 3: predict_proba output: [[1. 0. 0. 0.]]
2025-01-26 21:27:41,595 - xai.nshap_analysis - INFO - Instance 4: predict_proba output: [[0. 0. 0. 1.]]
2025-01-26 21:27:41,613 - xai.nshap_analysis - INFO - Computing n shapley values
2025-01-26 21:27:41,626 - xai.nshap_analysis - INFO - Instance 0: Predicted class 0
2025-01-26 21:27:41,627 - xai.nshap_analysis - INFO - Target class: 0
2025-01-26 21:27:41,627 - xai.nshap_analysis - INFO - Shape of X_train: (3142, 20)
2025-01-26 21:27:41,644 - xai.nshap_analysis - INFO - Model predict_proba output shape: (5, 4)
2025-01-26 21:27:41,644 - xai.nshap_analysis - INFO - Instance 1: Predicted class 3
2025-01-26 21:27:41,645 - xai.nshap_analysis - INFO - Target class: 3
2025-01-26 21:27:41,645 - xai.nshap_analysis - INFO - Shape of X_train: (3142, 20)
2025-01-26 21:27:41,662 - xai.nshap_analysis - INFO - Model predict_proba output shape: (5, 4)
2025-01-26 21:27:41,662 - xai.nshap_analysis - INFO - Instance 2: Predicted class 0
2025-01-26 21:27:41,664 - xai.nshap_analysis - INFO - Target class: 0
2025-01-26 21:27:41,664 - xai.nshap_analysis - INFO - Shape of X_train: (3142, 20)
2025-01-26 21:27:41,681 - xai.nshap_analysis - INFO - Model predict_proba output shape: (5, 4)
2025-01-26 21:27:41,681 - xai.nshap_analysis - INFO - Instance 3: Predicted class 2
2025-01-26 21:27:41,681 - xai.nshap_analysis - INFO - Target class: 2
2025-01-26 21:27:41,681 - xai.nshap_analysis - INFO - Shape of X_train: (3142, 20)
2025-01-26 21:27:41,697 - xai.nshap_analysis - INFO - Model predict_proba output shape: (5, 4)
2025-01-26 21:27:41,697 - xai.nshap_analysis - INFO - Instance 4: Predicted class 0
2025-01-26 21:27:41,698 - xai.nshap_analysis - INFO - Target class: 0
2025-01-26 21:27:41,698 - xai.nshap_analysis - INFO - Shape of X_train: (3142, 20)
2025-01-26 21:27:41,715 - xai.nshap_analysis - INFO - Model predict_proba output shape: (5, 4)
2025-01-26 21:27:41,715 - xai.nshap_analysis - INFO - Instance 5: Predicted class 0
2025-01-26 21:27:41,716 - xai.nshap_analysis - INFO - Target class: 0
2025-01-26 21:27:41,716 - xai.nshap_analysis - INFO - Shape of X_train: (3142, 20)
2025-01-26 21:27:41,733 - xai.nshap_analysis - INFO - Model predict_proba output shape: (5, 4)
2025-01-26 21:27:41,733 - xai.nshap_analysis - INFO - Instance 6: Predicted class 3
2025-01-26 21:27:41,733 - xai.nshap_analysis - INFO - Target class: 3
2025-01-26 21:27:41,735 - xai.nshap_analysis - INFO - Shape of X_train: (3142, 20)
2025-01-26 21:27:41,752 - xai.nshap_analysis - INFO - Model predict_proba output shape: (5, 4)
2025-01-26 21:27:41,752 - xai.nshap_analysis - INFO - Instance 7: Predicted class 0
2025-01-26 21:27:41,752 - xai.nshap_analysis - INFO - Target class: 0
2025-01-26 21:27:41,753 - xai.nshap_analysis - INFO - Shape of X_train: (3142, 20)
2025-01-26 21:27:41,770 - xai.nshap_analysis - INFO - Model predict_proba output shape: (5, 4)
2025-01-26 21:27:41,771 - xai.nshap_analysis - INFO - Instance 8: Predicted class 1
2025-01-26 21:27:41,771 - xai.nshap_analysis - INFO - Target class: 1
2025-01-26 21:27:41,771 - xai.nshap_analysis - INFO - Shape of X_train: (3142, 20)
2025-01-26 21:27:41,788 - xai.nshap_analysis - INFO - Model predict_proba output shape: (5, 4)
2025-01-26 21:27:41,789 - xai.nshap_analysis - INFO - Instance 9: Predicted class 2
2025-01-26 21:27:41,789 - xai.nshap_analysis - INFO - Target class: 2
2025-01-26 21:27:41,789 - xai.nshap_analysis - INFO - Shape of X_train: (3142, 20)
2025-01-26 21:27:41,806 - xai.nshap_analysis - INFO - Model predict_proba output shape: (5, 4)
2025-01-26 21:30:07,860 - xai.nshap_analysis - INFO - Processing model 1/1: Start
2025-01-26 21:30:07,860 - xai.nshap_analysis - INFO - Loading data and model for filename_covid_filter_col_None_filter_val_None_target_daylight_rain_ml_model_ExtraTreesModel_mh_algo_SCA
2025-01-26 21:30:08,002 - xai.nshap_analysis - INFO - Training new model with the most important features from SAGE
2025-01-26 21:30:09,576 - xai.nshap_analysis - INFO - Saving predictions for the new model
2025-01-26 21:30:09,670 - xai.nshap_analysis - INFO - Predictions saved to C:\Users\tbezdan\Desktop\crAIRsis datasets\EU_cls\data\nshap\filename_covid_filter_col_None_filter_val_None_target_daylight_rain_ml_model_ExtraTreesModel_mh_algo_SCA_predictions.csv
2025-01-26 21:30:09,671 - xai.nshap_analysis - INFO - Initializing nSHAP
2025-01-26 21:30:09,672 - xai.nshap_analysis - INFO - Initialized value function for class 0: Memoized value function: None
2025-01-26 21:30:09,672 - xai.nshap_analysis - INFO - Initialized value function for class 1: Memoized value function: None
2025-01-26 21:30:09,673 - xai.nshap_analysis - INFO - Initialized value function for class 2: Memoized value function: None
2025-01-26 21:30:09,673 - xai.nshap_analysis - INFO - Initialized value function for class 3: Memoized value function: None
2025-01-26 21:30:09,801 - xai.nshap_analysis - INFO - Memoized function call output: 0.8243612669572169
2025-01-26 21:36:39,638 - xai.nshap_analysis - INFO - Processing model 1/1: Start
2025-01-26 21:36:39,639 - xai.nshap_analysis - INFO - Loading data and model for filename_covid_filter_col_None_filter_val_None_target_daylight_rain_ml_model_ExtraTreesModel_mh_algo_SCA
2025-01-26 21:36:39,785 - xai.nshap_analysis - INFO - Training new model with the most important features from SAGE
2025-01-26 21:36:41,413 - xai.nshap_analysis - INFO - Saving predictions for the new model
2025-01-26 21:36:41,507 - xai.nshap_analysis - INFO - Predictions saved to C:\Users\tbezdan\Desktop\crAIRsis datasets\EU_cls\data\nshap\filename_covid_filter_col_None_filter_val_None_target_daylight_rain_ml_model_ExtraTreesModel_mh_algo_SCA_predictions.csv
2025-01-26 21:36:41,507 - xai.nshap_analysis - INFO - Initializing nSHAP
2025-01-26 21:36:41,524 - xai.nshap_analysis - INFO - Computing n shapley values
2025-01-26 21:37:22,087 - xai.nshap_analysis - INFO - Processing model 1/1: Start
2025-01-26 21:37:22,087 - xai.nshap_analysis - INFO - Loading data and model for filename_covid_filter_col_None_filter_val_None_target_daylight_rain_ml_model_ExtraTreesModel_mh_algo_SCA
2025-01-26 21:37:22,242 - xai.nshap_analysis - INFO - Training new model with the most important features from SAGE
2025-01-26 21:37:24,022 - xai.nshap_analysis - INFO - Saving predictions for the new model
2025-01-26 21:37:24,122 - xai.nshap_analysis - INFO - Predictions saved to C:\Users\tbezdan\Desktop\crAIRsis datasets\EU_cls\data\nshap\filename_covid_filter_col_None_filter_val_None_target_daylight_rain_ml_model_ExtraTreesModel_mh_algo_SCA_predictions.csv
2025-01-26 21:37:24,122 - xai.nshap_analysis - INFO - Initializing nSHAP
2025-01-26 21:37:24,138 - xai.nshap_analysis - INFO - Computing n shapley values
2025-01-26 21:38:41,596 - xai.nshap_analysis - INFO - Processing model 1/1: Start
2025-01-26 21:38:41,596 - xai.nshap_analysis - INFO - Loading data and model for filename_covid_filter_col_None_filter_val_None_target_daylight_rain_ml_model_ExtraTreesModel_mh_algo_SCA
2025-01-26 21:38:41,708 - xai.nshap_analysis - INFO - Training new model with the most important features from SAGE
2025-01-26 21:38:42,989 - xai.nshap_analysis - INFO - Saving predictions for the new model
2025-01-26 21:38:43,061 - xai.nshap_analysis - INFO - Predictions saved to C:\Users\tbezdan\Desktop\crAIRsis datasets\EU_cls\data\nshap\filename_covid_filter_col_None_filter_val_None_target_daylight_rain_ml_model_ExtraTreesModel_mh_algo_SCA_predictions.csv
2025-01-26 21:38:43,061 - xai.nshap_analysis - INFO - Initializing nSHAP
2025-01-26 21:38:43,074 - xai.nshap_analysis - INFO - Computing n shapley values
2025-01-26 21:41:47,116 - xai.nshap_analysis - INFO - Processing model 1/1: Start
2025-01-26 21:41:47,116 - xai.nshap_analysis - INFO - Loading data and model for filename_covid_filter_col_None_filter_val_None_target_daylight_rain_ml_model_ExtraTreesModel_mh_algo_SCA
2025-01-26 21:41:47,257 - xai.nshap_analysis - INFO - Training new model with the most important features from SAGE
2025-01-26 21:41:48,864 - xai.nshap_analysis - INFO - Saving predictions for the new model
2025-01-26 21:41:48,960 - xai.nshap_analysis - INFO - Predictions saved to C:\Users\tbezdan\Desktop\crAIRsis datasets\EU_cls\data\nshap\filename_covid_filter_col_None_filter_val_None_target_daylight_rain_ml_model_ExtraTreesModel_mh_algo_SCA_predictions.csv
2025-01-26 21:41:48,960 - xai.nshap_analysis - INFO - Initializing nSHAP
2025-01-26 21:41:48,964 - xai.nshap_analysis - ERROR - Error processing model 1: (array([2065,   25, 1525,  152,  829, 1537, 2908, 1336,  147,  209, 1998,
       3030,   79, 2670,  290,  953,  640,  209,  632, 1369, 2289, 2597,
       1910, 2469,  620,  548, 2818, 1723, 2372, 1759,  782, 2850, 1867,
        203, 2459,   55,  818, 2438, 1069, 1482, 1959,  765, 1323,  351,
        426,  642, 2008, 2644,   56, 1786, 3099, 2701, 1659,   50, 2383,
        392, 1061, 3127, 1713,  322, 1757, 2712,  788, 1310, 2334, 1179,
       2779, 3137,  370,  186, 1867,  159, 1696,  479, 2448, 1259,  458,
        878, 2250, 1695,  801, 1504, 3138, 2658, 2867, 1552, 1718,  820,
       2337, 2218, 1750, 1473, 1924, 1854, 2536, 2117,  486, 1535, 1201,
       1633, 2280,  293, 1467, 2119, 1083, 1019, 2015, 3116, 1404, 1305,
       1942,  944, 1954, 2646, 1454, 2126, 3041, 2243,  843, 1013, 2961,
       1536, 2315,   57, 1706, 2637,   40, 3057,  656, 2066, 1133, 3000,
       2060,  774, 2677, 1953, 2165,  997,  905, 2769,  832,  543, 1154,
        355, 1811, 1964, 1076, 1296, 2203, 1910, 1577, 3046, 2817, 2300,
        821,  498, 1233,  149, 2563, 2024, 2035,    7,  783,  577, 1478,
       2083,  483,  476,   54, 3014,   50,  603,  632, 3072, 1668,  147,
       1594, 1398, 3057, 1377,  785, 1641, 1403, 1326,  477, 2148, 2069,
       1147, 2133,  709, 2633, 1813,  515,  962, 2884, 1586, 2172, 2320,
       2609, 2068,  440, 2131, 2045, 2628, 1545, 1218, 2788, 2879, 1475,
       2942, 2483, 2493,   10, 2175, 1060,  232, 1644, 2176, 1249, 1474,
        860, 3014,  171, 2546, 1723, 3049, 1775,  418, 1795, 2387, 1114,
        752, 1865, 2117, 1352, 1117, 1469,  731, 2921, 2068,  744, 1381,
        925, 2004, 1573,  121, 1616, 2840,  748, 1144,  559, 1990, 1419,
       2901, 2266,    0, 1607, 2950,  536,  892,  619, 1696, 2752, 1961,
         20, 1273, 3123, 2920, 2675,  893,  840, 2602, 1943, 1598, 2144,
        727, 1929, 1130, 3090,  304, 1617, 2160,  513, 1496, 2727, 1324,
         24, 2232, 1271,  606, 2587,  772,  947, 3057, 1218, 1777, 1919,
       1666, 2736, 2333, 1027, 2355, 2614,  116, 2477,   44, 2657, 1881,
       1018, 2303, 2795,  914, 1005, 1963,  496,  547, 2838, 1469, 1463,
       2893, 1218,   42, 1469, 2420,  379, 1924, 3134,   89,  232,   64,
       3056, 1538, 2598, 2932,   37, 2412, 1610, 1693,  573, 2013, 2193,
       2596, 2172,  844,  327, 1925, 2571,  292,  668,  125, 1837,  865,
        564, 2636, 2448,  937, 2873, 1418, 2466, 2778,  130,  815, 1008,
       2108,  137, 1304, 1996,  879, 2254, 1013, 2497,  433, 1262, 2360,
        398, 1374, 1583, 2854, 1072, 2762, 1593, 1295, 2588, 1197,  684,
         43, 2819, 2567,    5, 2059,  380,  550, 2965,  685, 1875, 2701,
        878,  682,  245,  334, 1221,  789,  391, 1420,  175, 1347, 2613,
        276, 1221,  936,  287, 3092,  598,  511,  144,   73, 2607, 1740,
       2095, 1665, 2754, 1146, 2505,  677,  623, 1857, 2102,  678,  979,
        834, 1086, 1935, 1810, 2814,  570,  430, 1201, 1897, 2514, 2316,
       1272, 2636, 1274, 2354, 1903,  957,   43, 3055, 2841, 2795,  108,
       1873, 3111, 2723,  592, 1367, 1121,  750, 2927, 1957,  171, 1767,
       2681,  973, 2624, 3001, 2220, 1260,  936,  459, 2700, 1710,  396,
       2207, 2245,  491,  823, 2690, 1739, 2579, 3123, 2008,  949,  234,
       2452, 1890, 1191,  490, 2455, 2191, 1383, 2842, 2102,  619, 2298,
       2393, 1955, 1866,  234,  466, 1442, 1671,  580, 1684, 2103, 2118,
       1960,  257,  690, 1724, 2246,  785,  938, 2627, 2092, 2910, 3050,
        916, 1128, 2614,  364, 1046, 2819,  168, 2308,  317, 1612, 1433,
       1019,  507,  634, 2889, 1109,    8, 1465, 1585,  505, 2886, 2232,
       1613, 1704,  943, 2379, 2768, 2136, 1499, 1264, 2081, 2099, 1836,
        829, 3065, 2299, 1599, 2990, 2889, 2291, 2984, 2892,  937, 1134,
       1059, 2467, 1482,  453, 2106,  604, 1486, 2645,  506, 2099, 2669,
       1836,  601, 1688, 2138, 1620, 2290, 2361, 1604, 1956, 1349,  524,
       1892, 2093, 1186, 2776,  393, 1414, 3074,   19, 2257,  459, 2176,
       1978, 1180, 1529,   77, 2721,  527, 2645, 1725,  867, 2164,  846,
       2085,  184, 2428, 1029, 2544, 1702, 1053,  678, 2374, 2748, 2896,
        524,  413, 2464, 1993, 1010, 2203, 1564,  484,  793, 3045, 1025,
       2601, 2267, 1114, 1275, 3022, 2506, 2935,  572, 1110,  471,  539,
       1638,  173, 2651, 2432, 1048,  988, 2911, 2555, 2827, 2925, 2636,
        821,  909, 1227, 2263, 2667,  755, 2087,  923, 2012,  129, 1891,
       1817,  210, 2411,  149, 2348,  264,  865, 2493, 1120,  960,  497,
       3105, 1274, 2996, 1585, 1142,  448,  615,  620, 2154,  412, 2715,
        363, 2730, 1734, 1072, 1909, 2895, 1508, 1397,  429, 2610, 3039,
        999, 1845, 2537, 2042, 1013, 2009,  399,  382, 2965,  763, 2809,
        583,  470, 1953, 1779, 2295, 2984,  726,  152, 1150,   60, 1267,
        709, 1977,  233, 2193, 2076, 2546, 1224, 2336, 2312, 2045,  737,
        721, 2526,  716,  727, 3028,  728, 2522, 1158, 1438, 2300, 1680,
        521, 3082,  215, 2716, 3084, 2668, 1736, 1240, 2979,  962, 2862,
       2034, 1188,  705,  109,  943,  241, 1736,  325,  717, 2490, 1156,
       1857, 3079, 2611,  530, 1613, 1305, 2589,  510, 1913,  623,  336,
        733,  502, 1623,  361,  576,  948, 2344,  752, 2579, 1428, 2777,
        375,  444,  126,  892, 1357, 3085,  768, 2476, 1267, 1652, 2533,
       1395, 3062, 2828, 1473, 1970,  749, 2730, 2816,  330, 1113, 2499,
       1613, 1324, 1019, 1828, 2857, 2635, 1863, 1296, 1554, 1811, 2137,
       3005, 1319,  477, 2081, 2528, 2227, 2768,  721, 2836, 1661, 2052,
       2896, 1337, 1480, 1707, 2659,  588,  203, 2761, 2423, 2926, 1573,
       3069,  356,  402, 1698, 1547,  766, 1882, 1377, 1938, 1780,  305,
        981, 3068, 2666, 2825, 1381, 1672,  409,   60, 2419,  714, 2597,
       2429, 2086, 2142, 2653, 2614, 1728,  594, 1161, 2581, 2138,  462,
       2944, 2659, 2410, 2295, 1753, 2950, 1991, 1083,  894, 1406,  364,
       1416, 1838, 1876, 2930, 3074, 2989,  698,  443,  897, 2910, 1641,
       1027, 1726, 1208, 2992,   55,  812, 1738,  575, 2997, 1057,  864,
       1020, 1662,  404, 2810, 2767, 1485, 2794,  655, 1759,   94, 2130,
       2538, 1091, 2564,  388, 1114, 3087, 1306, 1375, 1242,  290,  348,
        806, 2214, 1671,  349,  876, 1601, 1948,  824, 2423,  410, 2595,
        662,  254,  334, 1318, 2169,  432, 1482, 1589, 2364,  709,    4,
       2274,  410,  997, 1485, 1575, 2424,  152,  233, 1712, 1267, 1045,
       2302,  498, 1211, 2153, 2188, 2111,  764,  683, 1184, 2596, 1858,
       2088,  608, 2820,  227,  124,  607, 2747,  621, 2066, 2396, 2195,
       2321, 2928, 2397, 2130, 1259,  332, 2159,  944,  720,  704, 1408,
       1705, 1204,  650, 2040, 2438, 1042, 1842,  583, 2301,  136],
      dtype=int64), slice(None, None, None))
Traceback (most recent call last):
  File "C:\Users\tbezdan\anaconda3\envs\crairsis\lib\site-packages\pandas\core\indexes\base.py", line 3802, in get_loc
    return self._engine.get_loc(casted_key)
  File "pandas\_libs\index.pyx", line 138, in pandas._libs.index.IndexEngine.get_loc
  File "pandas\_libs\index.pyx", line 144, in pandas._libs.index.IndexEngine.get_loc
TypeError: '(array([2065,   25, 1525,  152,  829, 1537, 2908, 1336,  147,  209, 1998,
       3030,   79, 2670,  290,  953,  640,  209,  632, 1369, 2289, 2597,
       1910, 2469,  620,  548, 2818, 1723, 2372, 1759,  782, 2850, 1867,
        203, 2459,   55,  818, 2438, 1069, 1482, 1959,  765, 1323,  351,
        426,  642, 2008, 2644,   56, 1786, 3099, 2701, 1659,   50, 2383,
        392, 1061, 3127, 1713,  322, 1757, 2712,  788, 1310, 2334, 1179,
       2779, 3137,  370,  186, 1867,  159, 1696,  479, 2448, 1259,  458,
        878, 2250, 1695,  801, 1504, 3138, 2658, 2867, 1552, 1718,  820,
       2337, 2218, 1750, 1473, 1924, 1854, 2536, 2117,  486, 1535, 1201,
       1633, 2280,  293, 1467, 2119, 1083, 1019, 2015, 3116, 1404, 1305,
       1942,  944, 1954, 2646, 1454, 2126, 3041, 2243,  843, 1013, 2961,
       1536, 2315,   57, 1706, 2637,   40, 3057,  656, 2066, 1133, 3000,
       2060,  774, 2677, 1953, 2165,  997,  905, 2769,  832,  543, 1154,
        355, 1811, 1964, 1076, 1296, 2203, 1910, 1577, 3046, 2817, 2300,
        821,  498, 1233,  149, 2563, 2024, 2035,    7,  783,  577, 1478,
       2083,  483,  476,   54, 3014,   50,  603,  632, 3072, 1668,  147,
       1594, 1398, 3057, 1377,  785, 1641, 1403, 1326,  477, 2148, 2069,
       1147, 2133,  709, 2633, 1813,  515,  962, 2884, 1586, 2172, 2320,
       2609, 2068,  440, 2131, 2045, 2628, 1545, 1218, 2788, 2879, 1475,
       2942, 2483, 2493,   10, 2175, 1060,  232, 1644, 2176, 1249, 1474,
        860, 3014,  171, 2546, 1723, 3049, 1775,  418, 1795, 2387, 1114,
        752, 1865, 2117, 1352, 1117, 1469,  731, 2921, 2068,  744, 1381,
        925, 2004, 1573,  121, 1616, 2840,  748, 1144,  559, 1990, 1419,
       2901, 2266,    0, 1607, 2950,  536,  892,  619, 1696, 2752, 1961,
         20, 1273, 3123, 2920, 2675,  893,  840, 2602, 1943, 1598, 2144,
        727, 1929, 1130, 3090,  304, 1617, 2160,  513, 1496, 2727, 1324,
         24, 2232, 1271,  606, 2587,  772,  947, 3057, 1218, 1777, 1919,
       1666, 2736, 2333, 1027, 2355, 2614,  116, 2477,   44, 2657, 1881,
       1018, 2303, 2795,  914, 1005, 1963,  496,  547, 2838, 1469, 1463,
       2893, 1218,   42, 1469, 2420,  379, 1924, 3134,   89,  232,   64,
       3056, 1538, 2598, 2932,   37, 2412, 1610, 1693,  573, 2013, 2193,
       2596, 2172,  844,  327, 1925, 2571,  292,  668,  125, 1837,  865,
        564, 2636, 2448,  937, 2873, 1418, 2466, 2778,  130,  815, 1008,
       2108,  137, 1304, 1996,  879, 2254, 1013, 2497,  433, 1262, 2360,
        398, 1374, 1583, 2854, 1072, 2762, 1593, 1295, 2588, 1197,  684,
         43, 2819, 2567,    5, 2059,  380,  550, 2965,  685, 1875, 2701,
        878,  682,  245,  334, 1221,  789,  391, 1420,  175, 1347, 2613,
        276, 1221,  936,  287, 3092,  598,  511,  144,   73, 2607, 1740,
       2095, 1665, 2754, 1146, 2505,  677,  623, 1857, 2102,  678,  979,
        834, 1086, 1935, 1810, 2814,  570,  430, 1201, 1897, 2514, 2316,
       1272, 2636, 1274, 2354, 1903,  957,   43, 3055, 2841, 2795,  108,
       1873, 3111, 2723,  592, 1367, 1121,  750, 2927, 1957,  171, 1767,
       2681,  973, 2624, 3001, 2220, 1260,  936,  459, 2700, 1710,  396,
       2207, 2245,  491,  823, 2690, 1739, 2579, 3123, 2008,  949,  234,
       2452, 1890, 1191,  490, 2455, 2191, 1383, 2842, 2102,  619, 2298,
       2393, 1955, 1866,  234,  466, 1442, 1671,  580, 1684, 2103, 2118,
       1960,  257,  690, 1724, 2246,  785,  938, 2627, 2092, 2910, 3050,
        916, 1128, 2614,  364, 1046, 2819,  168, 2308,  317, 1612, 1433,
       1019,  507,  634, 2889, 1109,    8, 1465, 1585,  505, 2886, 2232,
       1613, 1704,  943, 2379, 2768, 2136, 1499, 1264, 2081, 2099, 1836,
        829, 3065, 2299, 1599, 2990, 2889, 2291, 2984, 2892,  937, 1134,
       1059, 2467, 1482,  453, 2106,  604, 1486, 2645,  506, 2099, 2669,
       1836,  601, 1688, 2138, 1620, 2290, 2361, 1604, 1956, 1349,  524,
       1892, 2093, 1186, 2776,  393, 1414, 3074,   19, 2257,  459, 2176,
       1978, 1180, 1529,   77, 2721,  527, 2645, 1725,  867, 2164,  846,
       2085,  184, 2428, 1029, 2544, 1702, 1053,  678, 2374, 2748, 2896,
        524,  413, 2464, 1993, 1010, 2203, 1564,  484,  793, 3045, 1025,
       2601, 2267, 1114, 1275, 3022, 2506, 2935,  572, 1110,  471,  539,
       1638,  173, 2651, 2432, 1048,  988, 2911, 2555, 2827, 2925, 2636,
        821,  909, 1227, 2263, 2667,  755, 2087,  923, 2012,  129, 1891,
       1817,  210, 2411,  149, 2348,  264,  865, 2493, 1120,  960,  497,
       3105, 1274, 2996, 1585, 1142,  448,  615,  620, 2154,  412, 2715,
        363, 2730, 1734, 1072, 1909, 2895, 1508, 1397,  429, 2610, 3039,
        999, 1845, 2537, 2042, 1013, 2009,  399,  382, 2965,  763, 2809,
        583,  470, 1953, 1779, 2295, 2984,  726,  152, 1150,   60, 1267,
        709, 1977,  233, 2193, 2076, 2546, 1224, 2336, 2312, 2045,  737,
        721, 2526,  716,  727, 3028,  728, 2522, 1158, 1438, 2300, 1680,
        521, 3082,  215, 2716, 3084, 2668, 1736, 1240, 2979,  962, 2862,
       2034, 1188,  705,  109,  943,  241, 1736,  325,  717, 2490, 1156,
       1857, 3079, 2611,  530, 1613, 1305, 2589,  510, 1913,  623,  336,
        733,  502, 1623,  361,  576,  948, 2344,  752, 2579, 1428, 2777,
        375,  444,  126,  892, 1357, 3085,  768, 2476, 1267, 1652, 2533,
       1395, 3062, 2828, 1473, 1970,  749, 2730, 2816,  330, 1113, 2499,
       1613, 1324, 1019, 1828, 2857, 2635, 1863, 1296, 1554, 1811, 2137,
       3005, 1319,  477, 2081, 2528, 2227, 2768,  721, 2836, 1661, 2052,
       2896, 1337, 1480, 1707, 2659,  588,  203, 2761, 2423, 2926, 1573,
       3069,  356,  402, 1698, 1547,  766, 1882, 1377, 1938, 1780,  305,
        981, 3068, 2666, 2825, 1381, 1672,  409,   60, 2419,  714, 2597,
       2429, 2086, 2142, 2653, 2614, 1728,  594, 1161, 2581, 2138,  462,
       2944, 2659, 2410, 2295, 1753, 2950, 1991, 1083,  894, 1406,  364,
       1416, 1838, 1876, 2930, 3074, 2989,  698,  443,  897, 2910, 1641,
       1027, 1726, 1208, 2992,   55,  812, 1738,  575, 2997, 1057,  864,
       1020, 1662,  404, 2810, 2767, 1485, 2794,  655, 1759,   94, 2130,
       2538, 1091, 2564,  388, 1114, 3087, 1306, 1375, 1242,  290,  348,
        806, 2214, 1671,  349,  876, 1601, 1948,  824, 2423,  410, 2595,
        662,  254,  334, 1318, 2169,  432, 1482, 1589, 2364,  709,    4,
       2274,  410,  997, 1485, 1575, 2424,  152,  233, 1712, 1267, 1045,
       2302,  498, 1211, 2153, 2188, 2111,  764,  683, 1184, 2596, 1858,
       2088,  608, 2820,  227,  124,  607, 2747,  621, 2066, 2396, 2195,
       2321, 2928, 2397, 2130, 1259,  332, 2159,  944,  720,  704, 1408,
       1705, 1204,  650, 2040, 2438, 1042, 1842,  583, 2301,  136],
      dtype=int64), slice(None, None, None))' is an invalid key

During handling of the above exception, another exception occurred:

Traceback (most recent call last):
  File "C:\Users\tbezdan\crairsis-framework\src\xai\nshap_analysis.py", line 535, in perform_nshap_analysis
    cls_calculate_and_save_nshap(
  File "C:\Users\tbezdan\crairsis-framework\src\xai\nshap_analysis.py", line 330, in cls_calculate_and_save_nshap
    vfunc = nshap.vfunc.interventional_shap(new_model.predict_proba, X_train, target=0)
  File "C:\Users\tbezdan\anaconda3\envs\crairsis\lib\site-packages\nshap\vfunc.py", line 34, in interventional_shap
    X = X[indices, :]
  File "C:\Users\tbezdan\anaconda3\envs\crairsis\lib\site-packages\pandas\core\frame.py", line 3807, in __getitem__
    indexer = self.columns.get_loc(key)
  File "C:\Users\tbezdan\anaconda3\envs\crairsis\lib\site-packages\pandas\core\indexes\base.py", line 3809, in get_loc
    self._check_indexing_error(key)
  File "C:\Users\tbezdan\anaconda3\envs\crairsis\lib\site-packages\pandas\core\indexes\base.py", line 5925, in _check_indexing_error
    raise InvalidIndexError(key)
pandas.errors.InvalidIndexError: (array([2065,   25, 1525,  152,  829, 1537, 2908, 1336,  147,  209, 1998,
       3030,   79, 2670,  290,  953,  640,  209,  632, 1369, 2289, 2597,
       1910, 2469,  620,  548, 2818, 1723, 2372, 1759,  782, 2850, 1867,
        203, 2459,   55,  818, 2438, 1069, 1482, 1959,  765, 1323,  351,
        426,  642, 2008, 2644,   56, 1786, 3099, 2701, 1659,   50, 2383,
        392, 1061, 3127, 1713,  322, 1757, 2712,  788, 1310, 2334, 1179,
       2779, 3137,  370,  186, 1867,  159, 1696,  479, 2448, 1259,  458,
        878, 2250, 1695,  801, 1504, 3138, 2658, 2867, 1552, 1718,  820,
       2337, 2218, 1750, 1473, 1924, 1854, 2536, 2117,  486, 1535, 1201,
       1633, 2280,  293, 1467, 2119, 1083, 1019, 2015, 3116, 1404, 1305,
       1942,  944, 1954, 2646, 1454, 2126, 3041, 2243,  843, 1013, 2961,
       1536, 2315,   57, 1706, 2637,   40, 3057,  656, 2066, 1133, 3000,
       2060,  774, 2677, 1953, 2165,  997,  905, 2769,  832,  543, 1154,
        355, 1811, 1964, 1076, 1296, 2203, 1910, 1577, 3046, 2817, 2300,
        821,  498, 1233,  149, 2563, 2024, 2035,    7,  783,  577, 1478,
       2083,  483,  476,   54, 3014,   50,  603,  632, 3072, 1668,  147,
       1594, 1398, 3057, 1377,  785, 1641, 1403, 1326,  477, 2148, 2069,
       1147, 2133,  709, 2633, 1813,  515,  962, 2884, 1586, 2172, 2320,
       2609, 2068,  440, 2131, 2045, 2628, 1545, 1218, 2788, 2879, 1475,
       2942, 2483, 2493,   10, 2175, 1060,  232, 1644, 2176, 1249, 1474,
        860, 3014,  171, 2546, 1723, 3049, 1775,  418, 1795, 2387, 1114,
        752, 1865, 2117, 1352, 1117, 1469,  731, 2921, 2068,  744, 1381,
        925, 2004, 1573,  121, 1616, 2840,  748, 1144,  559, 1990, 1419,
       2901, 2266,    0, 1607, 2950,  536,  892,  619, 1696, 2752, 1961,
         20, 1273, 3123, 2920, 2675,  893,  840, 2602, 1943, 1598, 2144,
        727, 1929, 1130, 3090,  304, 1617, 2160,  513, 1496, 2727, 1324,
         24, 2232, 1271,  606, 2587,  772,  947, 3057, 1218, 1777, 1919,
       1666, 2736, 2333, 1027, 2355, 2614,  116, 2477,   44, 2657, 1881,
       1018, 2303, 2795,  914, 1005, 1963,  496,  547, 2838, 1469, 1463,
       2893, 1218,   42, 1469, 2420,  379, 1924, 3134,   89,  232,   64,
       3056, 1538, 2598, 2932,   37, 2412, 1610, 1693,  573, 2013, 2193,
       2596, 2172,  844,  327, 1925, 2571,  292,  668,  125, 1837,  865,
        564, 2636, 2448,  937, 2873, 1418, 2466, 2778,  130,  815, 1008,
       2108,  137, 1304, 1996,  879, 2254, 1013, 2497,  433, 1262, 2360,
        398, 1374, 1583, 2854, 1072, 2762, 1593, 1295, 2588, 1197,  684,
         43, 2819, 2567,    5, 2059,  380,  550, 2965,  685, 1875, 2701,
        878,  682,  245,  334, 1221,  789,  391, 1420,  175, 1347, 2613,
        276, 1221,  936,  287, 3092,  598,  511,  144,   73, 2607, 1740,
       2095, 1665, 2754, 1146, 2505,  677,  623, 1857, 2102,  678,  979,
        834, 1086, 1935, 1810, 2814,  570,  430, 1201, 1897, 2514, 2316,
       1272, 2636, 1274, 2354, 1903,  957,   43, 3055, 2841, 2795,  108,
       1873, 3111, 2723,  592, 1367, 1121,  750, 2927, 1957,  171, 1767,
       2681,  973, 2624, 3001, 2220, 1260,  936,  459, 2700, 1710,  396,
       2207, 2245,  491,  823, 2690, 1739, 2579, 3123, 2008,  949,  234,
       2452, 1890, 1191,  490, 2455, 2191, 1383, 2842, 2102,  619, 2298,
       2393, 1955, 1866,  234,  466, 1442, 1671,  580, 1684, 2103, 2118,
       1960,  257,  690, 1724, 2246,  785,  938, 2627, 2092, 2910, 3050,
        916, 1128, 2614,  364, 1046, 2819,  168, 2308,  317, 1612, 1433,
       1019,  507,  634, 2889, 1109,    8, 1465, 1585,  505, 2886, 2232,
       1613, 1704,  943, 2379, 2768, 2136, 1499, 1264, 2081, 2099, 1836,
        829, 3065, 2299, 1599, 2990, 2889, 2291, 2984, 2892,  937, 1134,
       1059, 2467, 1482,  453, 2106,  604, 1486, 2645,  506, 2099, 2669,
       1836,  601, 1688, 2138, 1620, 2290, 2361, 1604, 1956, 1349,  524,
       1892, 2093, 1186, 2776,  393, 1414, 3074,   19, 2257,  459, 2176,
       1978, 1180, 1529,   77, 2721,  527, 2645, 1725,  867, 2164,  846,
       2085,  184, 2428, 1029, 2544, 1702, 1053,  678, 2374, 2748, 2896,
        524,  413, 2464, 1993, 1010, 2203, 1564,  484,  793, 3045, 1025,
       2601, 2267, 1114, 1275, 3022, 2506, 2935,  572, 1110,  471,  539,
       1638,  173, 2651, 2432, 1048,  988, 2911, 2555, 2827, 2925, 2636,
        821,  909, 1227, 2263, 2667,  755, 2087,  923, 2012,  129, 1891,
       1817,  210, 2411,  149, 2348,  264,  865, 2493, 1120,  960,  497,
       3105, 1274, 2996, 1585, 1142,  448,  615,  620, 2154,  412, 2715,
        363, 2730, 1734, 1072, 1909, 2895, 1508, 1397,  429, 2610, 3039,
        999, 1845, 2537, 2042, 1013, 2009,  399,  382, 2965,  763, 2809,
        583,  470, 1953, 1779, 2295, 2984,  726,  152, 1150,   60, 1267,
        709, 1977,  233, 2193, 2076, 2546, 1224, 2336, 2312, 2045,  737,
        721, 2526,  716,  727, 3028,  728, 2522, 1158, 1438, 2300, 1680,
        521, 3082,  215, 2716, 3084, 2668, 1736, 1240, 2979,  962, 2862,
       2034, 1188,  705,  109,  943,  241, 1736,  325,  717, 2490, 1156,
       1857, 3079, 2611,  530, 1613, 1305, 2589,  510, 1913,  623,  336,
        733,  502, 1623,  361,  576,  948, 2344,  752, 2579, 1428, 2777,
        375,  444,  126,  892, 1357, 3085,  768, 2476, 1267, 1652, 2533,
       1395, 3062, 2828, 1473, 1970,  749, 2730, 2816,  330, 1113, 2499,
       1613, 1324, 1019, 1828, 2857, 2635, 1863, 1296, 1554, 1811, 2137,
       3005, 1319,  477, 2081, 2528, 2227, 2768,  721, 2836, 1661, 2052,
       2896, 1337, 1480, 1707, 2659,  588,  203, 2761, 2423, 2926, 1573,
       3069,  356,  402, 1698, 1547,  766, 1882, 1377, 1938, 1780,  305,
        981, 3068, 2666, 2825, 1381, 1672,  409,   60, 2419,  714, 2597,
       2429, 2086, 2142, 2653, 2614, 1728,  594, 1161, 2581, 2138,  462,
       2944, 2659, 2410, 2295, 1753, 2950, 1991, 1083,  894, 1406,  364,
       1416, 1838, 1876, 2930, 3074, 2989,  698,  443,  897, 2910, 1641,
       1027, 1726, 1208, 2992,   55,  812, 1738,  575, 2997, 1057,  864,
       1020, 1662,  404, 2810, 2767, 1485, 2794,  655, 1759,   94, 2130,
       2538, 1091, 2564,  388, 1114, 3087, 1306, 1375, 1242,  290,  348,
        806, 2214, 1671,  349,  876, 1601, 1948,  824, 2423,  410, 2595,
        662,  254,  334, 1318, 2169,  432, 1482, 1589, 2364,  709,    4,
       2274,  410,  997, 1485, 1575, 2424,  152,  233, 1712, 1267, 1045,
       2302,  498, 1211, 2153, 2188, 2111,  764,  683, 1184, 2596, 1858,
       2088,  608, 2820,  227,  124,  607, 2747,  621, 2066, 2396, 2195,
       2321, 2928, 2397, 2130, 1259,  332, 2159,  944,  720,  704, 1408,
       1705, 1204,  650, 2040, 2438, 1042, 1842,  583, 2301,  136],
      dtype=int64), slice(None, None, None))
2025-01-26 21:42:38,791 - xai.nshap_analysis - INFO - Processing model 1/1: Start
2025-01-26 21:42:38,791 - xai.nshap_analysis - INFO - Loading data and model for filename_covid_filter_col_None_filter_val_None_target_daylight_rain_ml_model_ExtraTreesModel_mh_algo_SCA
2025-01-26 21:42:38,899 - xai.nshap_analysis - INFO - Training new model with the most important features from SAGE
2025-01-26 21:42:40,153 - xai.nshap_analysis - INFO - Saving predictions for the new model
2025-01-26 21:42:40,223 - xai.nshap_analysis - INFO - Predictions saved to C:\Users\tbezdan\Desktop\crAIRsis datasets\EU_cls\data\nshap\filename_covid_filter_col_None_filter_val_None_target_daylight_rain_ml_model_ExtraTreesModel_mh_algo_SCA_predictions.csv
2025-01-26 21:42:40,223 - xai.nshap_analysis - INFO - Initializing nSHAP
2025-01-26 21:42:40,234 - xai.nshap_analysis - INFO - Computing n shapley values
2025-01-26 21:43:23,234 - xai.nshap_analysis - INFO - Processing model 1/1: Start
2025-01-26 21:43:23,234 - xai.nshap_analysis - INFO - Loading data and model for filename_covid_filter_col_None_filter_val_None_target_daylight_rain_ml_model_ExtraTreesModel_mh_algo_SCA
2025-01-26 21:43:23,378 - xai.nshap_analysis - INFO - Training new model with the most important features from SAGE
2025-01-26 21:43:24,956 - xai.nshap_analysis - INFO - Saving predictions for the new model
2025-01-26 21:43:25,046 - xai.nshap_analysis - INFO - Predictions saved to C:\Users\tbezdan\Desktop\crAIRsis datasets\EU_cls\data\nshap\filename_covid_filter_col_None_filter_val_None_target_daylight_rain_ml_model_ExtraTreesModel_mh_algo_SCA_predictions.csv
2025-01-26 21:43:25,046 - xai.nshap_analysis - INFO - Initializing nSHAP
2025-01-26 21:43:25,062 - xai.nshap_analysis - INFO - Computing n shapley values
2025-01-26 21:47:14,511 - xai.nshap_analysis - INFO - Processing model 1/1: Start
2025-01-26 21:47:14,511 - xai.nshap_analysis - INFO - Loading data and model for filename_covid_filter_col_None_filter_val_None_target_daylight_rain_ml_model_ExtraTreesModel_mh_algo_SCA
2025-01-26 21:47:14,632 - xai.nshap_analysis - INFO - Training new model with the most important features from SAGE
2025-01-26 21:47:15,962 - xai.nshap_analysis - INFO - Saving predictions for the new model
2025-01-26 21:47:16,011 - ml_models.extratrees_classification_model - INFO - Predict_proba sample output: [[0.76068697 0.23931303 0.         0.        ]]
2025-01-26 21:47:16,051 - xai.nshap_analysis - INFO - Predictions saved to C:\Users\tbezdan\Desktop\crAIRsis datasets\EU_cls\data\nshap\filename_covid_filter_col_None_filter_val_None_target_daylight_rain_ml_model_ExtraTreesModel_mh_algo_SCA_predictions.csv
2025-01-26 21:47:16,051 - xai.nshap_analysis - INFO - Initializing nSHAP
2025-01-26 21:47:16,063 - xai.nshap_analysis - INFO - Computing n shapley values
2025-01-26 21:49:31,887 - xai.nshap_analysis - INFO - Processing model 1/1: Start
2025-01-26 21:49:31,888 - xai.nshap_analysis - INFO - Loading data and model for filename_covid_filter_col_None_filter_val_None_target_daylight_rain_ml_model_ExtraTreesModel_mh_algo_SCA
2025-01-26 21:49:32,030 - xai.nshap_analysis - INFO - Training new model with the most important features from SAGE
2025-01-26 21:49:33,562 - xai.nshap_analysis - INFO - Saving predictions for the new model
2025-01-26 21:49:33,660 - xai.nshap_analysis - INFO - Predictions saved to C:\Users\tbezdan\Desktop\crAIRsis datasets\EU_cls\data\nshap\filename_covid_filter_col_None_filter_val_None_target_daylight_rain_ml_model_ExtraTreesModel_mh_algo_SCA_predictions.csv
2025-01-26 21:49:33,660 - xai.nshap_analysis - INFO - Initializing nSHAP
2025-01-26 21:49:33,660 - xai.nshap_analysis - INFO - Class distribution in test set: [271 249 129 137]
2025-01-26 21:49:33,676 - xai.nshap_analysis - INFO - Computing n shapley values
2025-01-26 21:52:47,246 - xai.nshap_analysis - INFO - Processing model 1/1: Start
2025-01-26 21:52:47,246 - xai.nshap_analysis - INFO - Loading data and model for filename_covid_filter_col_None_filter_val_None_target_daylight_rain_ml_model_ExtraTreesModel_mh_algo_SCA
2025-01-26 21:52:47,359 - xai.nshap_analysis - INFO - Training new model with the most important features from SAGE
2025-01-26 21:52:48,606 - xai.nshap_analysis - INFO - Saving predictions for the new model
2025-01-26 21:52:48,679 - xai.nshap_analysis - INFO - Predictions saved to C:\Users\tbezdan\Desktop\crAIRsis datasets\EU_cls\data\nshap\filename_covid_filter_col_None_filter_val_None_target_daylight_rain_ml_model_ExtraTreesModel_mh_algo_SCA_predictions.csv
2025-01-26 21:52:48,679 - xai.nshap_analysis - INFO - Initializing nSHAP
2025-01-26 21:52:48,680 - xai.nshap_analysis - ERROR - Error processing model 1: predict_proba() missing 1 required positional argument: 'X'
Traceback (most recent call last):
  File "C:\Users\tbezdan\crairsis-framework\src\xai\nshap_analysis.py", line 537, in perform_nshap_analysis
    cls_calculate_and_save_nshap(
  File "C:\Users\tbezdan\crairsis-framework\src\xai\nshap_analysis.py", line 331, in cls_calculate_and_save_nshap
    new_model.predict_proba(), X_train.values, target=0
TypeError: predict_proba() missing 1 required positional argument: 'X'
2025-01-26 21:53:27,917 - xai.nshap_analysis - INFO - Processing model 1/1: Start
2025-01-26 21:53:27,917 - xai.nshap_analysis - INFO - Loading data and model for filename_covid_filter_col_None_filter_val_None_target_daylight_rain_ml_model_ExtraTreesModel_mh_algo_SCA
2025-01-26 21:53:28,027 - xai.nshap_analysis - INFO - Training new model with the most important features from SAGE
2025-01-26 21:53:29,297 - xai.nshap_analysis - INFO - Saving predictions for the new model
2025-01-26 21:53:29,370 - xai.nshap_analysis - INFO - Predictions saved to C:\Users\tbezdan\Desktop\crAIRsis datasets\EU_cls\data\nshap\filename_covid_filter_col_None_filter_val_None_target_daylight_rain_ml_model_ExtraTreesModel_mh_algo_SCA_predictions.csv
2025-01-26 21:53:29,371 - xai.nshap_analysis - INFO - Initializing nSHAP
2025-01-26 21:53:29,371 - xai.nshap_analysis - ERROR - Error processing model 1: 'ExtraTreesClassificationModel' object has no attribute 'predict_probay'
Traceback (most recent call last):
  File "C:\Users\tbezdan\crairsis-framework\src\xai\nshap_analysis.py", line 537, in perform_nshap_analysis
    cls_calculate_and_save_nshap(
  File "C:\Users\tbezdan\crairsis-framework\src\xai\nshap_analysis.py", line 331, in cls_calculate_and_save_nshap
    new_model.predict_probay(y_train), X_train.values, target=0
AttributeError: 'ExtraTreesClassificationModel' object has no attribute 'predict_probay'
2025-01-26 21:53:57,513 - xai.nshap_analysis - INFO - Processing model 1/1: Start
2025-01-26 21:53:57,513 - xai.nshap_analysis - INFO - Loading data and model for filename_covid_filter_col_None_filter_val_None_target_daylight_rain_ml_model_ExtraTreesModel_mh_algo_SCA
2025-01-26 21:53:57,619 - xai.nshap_analysis - INFO - Training new model with the most important features from SAGE
2025-01-26 21:53:58,868 - xai.nshap_analysis - INFO - Saving predictions for the new model
2025-01-26 21:53:58,942 - xai.nshap_analysis - INFO - Predictions saved to C:\Users\tbezdan\Desktop\crAIRsis datasets\EU_cls\data\nshap\filename_covid_filter_col_None_filter_val_None_target_daylight_rain_ml_model_ExtraTreesModel_mh_algo_SCA_predictions.csv
2025-01-26 21:53:58,942 - xai.nshap_analysis - INFO - Initializing nSHAP
2025-01-26 21:53:59,053 - xai.nshap_analysis - INFO - Computing n shapley values
2025-01-26 21:54:02,252 - xai.nshap_analysis - ERROR - Error processing model 1: 'numpy.ndarray' object is not callable
joblib.externals.loky.process_executor._RemoteTraceback: 
"""
Traceback (most recent call last):
  File "C:\Users\tbezdan\anaconda3\envs\crairsis\lib\site-packages\joblib\externals\loky\process_executor.py", line 463, in _process_worker
    r = call_item()
  File "C:\Users\tbezdan\anaconda3\envs\crairsis\lib\site-packages\joblib\externals\loky\process_executor.py", line 291, in __call__
    return self.fn(*self.args, **self.kwargs)
  File "C:\Users\tbezdan\anaconda3\envs\crairsis\lib\site-packages\joblib\parallel.py", line 589, in __call__
    return [func(*args, **kwargs)
  File "C:\Users\tbezdan\anaconda3\envs\crairsis\lib\site-packages\joblib\parallel.py", line 589, in <listcomp>
    return [func(*args, **kwargs)
  File "C:\Users\tbezdan\crairsis-framework\src\xai\nshap_analysis.py", line 108, in compute_n_shapley
    n_shapley_values = nshap.n_shapley_values(X_test.values[instance_id, :], vfunc)
  File "C:\Users\tbezdan\anaconda3\envs\crairsis\lib\site-packages\nshap\functions.py", line 189, in n_shapley_values
    shapley_int_idx = shapley_interaction_index(x, v_func, n)
  File "C:\Users\tbezdan\anaconda3\envs\crairsis\lib\site-packages\nshap\functions.py", line 159, in shapley_interaction_index
    delta = delta + np.power(-1, len(S) - len(L)) * v_func(x, coalition)
  File "C:\Users\tbezdan\anaconda3\envs\crairsis\lib\site-packages\nshap\vfunc.py", line 104, in __call__
    value = self.func(*args)
  File "C:\Users\tbezdan\anaconda3\envs\crairsis\lib\site-packages\nshap\vfunc.py", line 43, in fn
    v = f(x_sample.reshape((1, -1)))
TypeError: 'numpy.ndarray' object is not callable
"""

The above exception was the direct cause of the following exception:

Traceback (most recent call last):
  File "C:\Users\tbezdan\crairsis-framework\src\xai\nshap_analysis.py", line 537, in perform_nshap_analysis
    cls_calculate_and_save_nshap(
  File "C:\Users\tbezdan\crairsis-framework\src\xai\nshap_analysis.py", line 355, in cls_calculate_and_save_nshap
    results_n_shapley = Parallel(n_jobs=-1, batch_size="auto")(
  File "C:\Users\tbezdan\anaconda3\envs\crairsis\lib\site-packages\joblib\parallel.py", line 1952, in __call__
    return output if self.return_generator else list(output)
  File "C:\Users\tbezdan\anaconda3\envs\crairsis\lib\site-packages\joblib\parallel.py", line 1595, in _get_outputs
    yield from self._retrieve()
  File "C:\Users\tbezdan\anaconda3\envs\crairsis\lib\site-packages\joblib\parallel.py", line 1699, in _retrieve
    self._raise_error_fast()
  File "C:\Users\tbezdan\anaconda3\envs\crairsis\lib\site-packages\joblib\parallel.py", line 1734, in _raise_error_fast
    error_job.get_result(self.timeout)
  File "C:\Users\tbezdan\anaconda3\envs\crairsis\lib\site-packages\joblib\parallel.py", line 736, in get_result
    return self._return_or_raise()
  File "C:\Users\tbezdan\anaconda3\envs\crairsis\lib\site-packages\joblib\parallel.py", line 754, in _return_or_raise
    raise self._result
TypeError: 'numpy.ndarray' object is not callable
2025-01-26 21:56:12,801 - xai.nshap_analysis - INFO - Processing model 1/1: Start
2025-01-26 21:56:12,803 - xai.nshap_analysis - INFO - Loading data and model for filename_covid_filter_col_None_filter_val_None_target_daylight_rain_ml_model_ExtraTreesModel_mh_algo_SCA
2025-01-26 21:56:12,911 - xai.nshap_analysis - INFO - Training new model with the most important features from SAGE
2025-01-26 21:56:14,134 - xai.nshap_analysis - INFO - Saving predictions for the new model
2025-01-26 21:56:14,205 - xai.nshap_analysis - INFO - Predictions saved to C:\Users\tbezdan\Desktop\crAIRsis datasets\EU_cls\data\nshap\filename_covid_filter_col_None_filter_val_None_target_daylight_rain_ml_model_ExtraTreesModel_mh_algo_SCA_predictions.csv
2025-01-26 21:56:14,205 - xai.nshap_analysis - INFO - Initializing nSHAP
2025-01-26 21:56:14,218 - xai.nshap_analysis - INFO - Computing n shapley values
2025-01-26 22:03:50,961 - xai.nshap_analysis - INFO - Processing model 1/1: Start
2025-01-26 22:03:50,961 - xai.nshap_analysis - INFO - Loading data and model for filename_covid_filter_col_None_filter_val_None_target_daylight_rain_ml_model_ExtraTreesModel_mh_algo_SCA
2025-01-26 22:03:51,076 - xai.nshap_analysis - INFO - Training new model with the most important features from SAGE
2025-01-26 22:03:52,355 - xai.nshap_analysis - INFO - Saving predictions for the new model
2025-01-26 22:03:52,428 - xai.nshap_analysis - INFO - Predictions saved to C:\Users\tbezdan\Desktop\crAIRsis datasets\EU_cls\data\nshap\filename_covid_filter_col_None_filter_val_None_target_daylight_rain_ml_model_ExtraTreesModel_mh_algo_SCA_predictions.csv
2025-01-26 22:03:52,429 - xai.nshap_analysis - INFO - Initializing nSHAP
2025-01-26 22:03:52,441 - xai.nshap_analysis - INFO - Computing n shapley values
2025-01-26 22:03:52,449 - xai.nshap_analysis - INFO - Instance 0: Predicted class 0
2025-01-26 22:03:52,449 - xai.nshap_analysis - INFO - Instance 1: Predicted class 3
2025-01-26 22:05:37,042 - xai.nshap_analysis - INFO - Processing model 1/1: Start
2025-01-26 22:05:37,042 - xai.nshap_analysis - INFO - Loading data and model for filename_covid_filter_col_None_filter_val_None_target_daylight_rain_ml_model_ExtraTreesModel_mh_algo_SCA
2025-01-26 22:05:37,156 - xai.nshap_analysis - INFO - Training new model with the most important features from SAGE
2025-01-26 22:05:38,486 - xai.nshap_analysis - INFO - Saving predictions for the new model
2025-01-26 22:05:38,562 - xai.nshap_analysis - INFO - Predictions saved to C:\Users\tbezdan\Desktop\crAIRsis datasets\EU_cls\data\nshap\filename_covid_filter_col_None_filter_val_None_target_daylight_rain_ml_model_ExtraTreesModel_mh_algo_SCA_predictions.csv
2025-01-26 22:05:38,562 - xai.nshap_analysis - INFO - Initializing nSHAP
2025-01-26 22:05:38,574 - xai.nshap_analysis - INFO - Computing n shapley values
2025-01-26 22:05:38,582 - xai.nshap_analysis - INFO - Instance 0: Predicted class 0
2025-01-26 22:05:38,582 - xai.nshap_analysis - INFO - Instance 1: Predicted class 3
2025-01-26 23:10:37,410 - utils.train_and_optimize - INFO - File: covid
2025-01-26 23:10:37,524 - utils.train_and_optimize - INFO - -------Target: daylight_rain-------
2025-01-26 23:10:37,529 - utils.train_and_optimize - INFO - ----------ML model evaluation----------
2025-01-26 23:10:37,531 - utils.train_and_optimize - INFO - Target distribution:
0    1355
1    1245
3     686
2     642
Name: daylight_rain, dtype: int64
2025-01-26 23:10:37,531 - utils.train_and_optimize - INFO - 

Evaluating: ExtraTreesModel CV
2025-01-26 23:10:39,790 - utils.train_and_optimize - INFO - Confusion Matrix:
[[1334   21    0    0]
 [  47 1198    0    0]
 [   0    0  623   19]
 [   0    0   30  656]]
2025-01-26 23:10:42,038 - utils.train_and_optimize - INFO - accuracy: 0.970213849287169
2025-01-26 23:10:42,038 - utils.train_and_optimize - INFO - f1_score: 0.9702073383719353
2025-01-26 23:10:42,038 - utils.train_and_optimize - INFO - precision: 0.9703749206124108
2025-01-26 23:10:42,039 - utils.train_and_optimize - INFO - recall: 0.970213849287169
2025-01-26 23:10:42,039 - utils.train_and_optimize - INFO - roc_auc: 0.9987640317724954
2025-01-26 23:10:42,039 - utils.train_and_optimize - INFO - log_loss: 0.1600949660273085
2025-01-26 23:10:42,039 - utils.train_and_optimize - INFO - macro avg precision: 0.9686623750430806
2025-01-26 23:10:42,039 - utils.train_and_optimize - INFO - macro avg recall: 0.9683560117501014
2025-01-26 23:10:42,039 - utils.train_and_optimize - INFO - macro avg f1-score: 0.9684270048449348
2025-01-26 23:10:42,039 - utils.train_and_optimize - INFO - macro avg support: 3928.0
2025-01-26 23:10:42,039 - utils.train_and_optimize - INFO - weighted avg precision: 0.9703749206124108
2025-01-26 23:10:42,039 - utils.train_and_optimize - INFO - weighted avg recall: 0.970213849287169
2025-01-26 23:10:42,039 - utils.train_and_optimize - INFO - weighted avg f1-score: 0.9702073383719353
2025-01-26 23:10:42,041 - utils.train_and_optimize - INFO - weighted avg support: 3928.0
2025-01-26 23:10:42,043 - utils.train_and_optimize - INFO - Top models:
       ml_model f1_score
ExtraTreesModel   0.9702
2025-01-26 23:10:42,044 - utils.train_and_optimize - INFO - -------------Optimization-------------
2025-01-26 23:10:42,044 - utils.train_and_optimize - INFO - Optimizing: ExtraTreesModel CV
2025-01-26 23:10:42,045 - optimization.optimization_problem - INFO - Initializing BaseOptimizerProblem with cross-validation
2025-01-26 23:12:31,045 - optimization.optimizer - INFO - Model: ExtraTreesModel, Dataset: covid, Best Log Loss: 0.01861329750229588
2025-01-26 23:13:10,592 - utils.train_and_optimize - INFO - Optimized ExtraTreesModel CV by SCA
2025-01-26 23:13:10,592 - utils.train_and_optimize - INFO - accuracy: 0.9974541751527495
2025-01-26 23:13:10,593 - utils.train_and_optimize - INFO - f1_score: 0.9974541244434364
2025-01-26 23:13:10,593 - utils.train_and_optimize - INFO - precision: 0.9974548567557253
2025-01-26 23:13:10,593 - utils.train_and_optimize - INFO - recall: 0.9974541751527495
2025-01-26 23:13:10,594 - utils.train_and_optimize - INFO - roc_auc: 0.999993645290614
2025-01-26 23:13:10,594 - utils.train_and_optimize - INFO - log_loss: 0.0186130416424441
2025-01-26 23:13:15,070 - utils.train_and_optimize - INFO - Optimized ExtraTreesModel by SCA
2025-01-26 23:13:15,071 - utils.train_and_optimize - INFO - accuracy: 0.9987277353689568
2025-01-26 23:13:15,071 - utils.train_and_optimize - INFO - f1_score: 0.998727626939053
2025-01-26 23:13:15,071 - utils.train_and_optimize - INFO - precision: 0.9987324128124533
2025-01-26 23:13:15,072 - utils.train_and_optimize - INFO - recall: 0.9987277353689568
2025-01-26 23:13:15,072 - utils.train_and_optimize - INFO - roc_auc: 1.0
2025-01-26 23:13:15,072 - utils.train_and_optimize - INFO - log_loss: 0.017101386941286732
2025-01-26 23:13:15,221 - utils.train_and_optimize - INFO -    iteration    g_best    runtime         ml_model metaheuristic filename filter_column filter_value         target
0          1  0.033351  35.006128  ExtraTreesModel           SCA    covid          None         None  daylight_rain
1          2  0.018613  36.198684  ExtraTreesModel           SCA    covid          None         None  daylight_rain
2025-01-26 23:13:15,232 - utils.train_and_optimize - INFO - JSON options file saved for covid
2025-01-26 23:13:15,293 - utils.best_eval - INFO - Loading model from C:\Users\tbezdan\Desktop\crAIRsis datasets\EU_cls\models\filename_covid_filter_col_None_filter_val_None_target_daylight_rain_ml_model_ExtraTreesModel_mh_algo_SCA.joblib
2025-01-26 23:13:15,408 - utils.best_eval - INFO - Loading data from C:\Users\tbezdan\Desktop\crAIRsis datasets\EU_cls\data\datasets\filename_covid_filter_col_None_filter_val_None_target_daylight_rain.csv
2025-01-26 23:13:15,541 - utils.best_eval - INFO - filename_covid_filter_col_None_filter_val_None_target_daylight_rain_ml_model_ExtraTreesModel_mh_algo_SCA
2025-01-26 23:13:15,550 - utils.best_eval - INFO - Accuracy: 0.9987277353689568
2025-01-26 23:13:15,550 - utils.best_eval - INFO - F1 Score: 0.998727626939053
2025-01-26 23:13:15,550 - utils.best_eval - INFO - Precision: 0.9987324128124533
2025-01-26 23:13:15,550 - utils.best_eval - INFO - Recall: 0.9987277353689568
2025-01-26 23:13:15,550 - utils.best_eval - INFO - Classification Report: {'0': {'precision': 0.9963235294117647, 'recall': 1.0, 'f1-score': 0.998158379373849, 'support': 271.0}, '1': {'precision': 1.0, 'recall': 0.9959839357429718, 'f1-score': 0.9979879275653923, 'support': 249.0}, '2': {'precision': 1.0, 'recall': 1.0, 'f1-score': 1.0, 'support': 129.0}, '3': {'precision': 1.0, 'recall': 1.0, 'f1-score': 1.0, 'support': 137.0}, 'accuracy': 0.9987277353689568, 'macro avg': {'precision': 0.9990808823529411, 'recall': 0.998995983935743, 'f1-score': 0.9990365767348104, 'support': 786.0}, 'weighted avg': {'precision': 0.9987324128124533, 'recall': 0.9987277353689568, 'f1-score': 0.998727626939053, 'support': 786.0}}
2025-01-26 23:13:15,556 - xai.shap_analysis - INFO - Processing model 1/1: Start
2025-01-26 23:13:15,556 - xai.shap_analysis - INFO - Loading data and model for filename_covid_filter_col_None_filter_val_None_target_daylight_rain_ml_model_ExtraTreesModel_mh_algo_SCA
2025-01-26 23:13:15,746 - xai.shap_analysis - INFO - Initializing SHAP explainer
2025-01-26 23:13:17,675 - xai.shap_analysis - INFO - Performing local SHAP analysis for class 0
2025-01-26 23:13:17,915 - xai.shap_analysis - INFO - Analyzing main effects and interactions for class 0
2025-01-26 23:13:17,915 - xai.shap_analysis - INFO - Performing local SHAP analysis for class 1
2025-01-26 23:13:18,148 - xai.shap_analysis - INFO - Analyzing main effects and interactions for class 1
2025-01-26 23:13:18,148 - xai.shap_analysis - INFO - Performing local SHAP analysis for class 2
2025-01-26 23:13:18,374 - xai.shap_analysis - INFO - Analyzing main effects and interactions for class 2
2025-01-26 23:13:18,374 - xai.shap_analysis - INFO - Performing local SHAP analysis for class 3
2025-01-26 23:13:18,602 - xai.shap_analysis - INFO - Analyzing main effects and interactions for class 3
2025-01-26 23:13:19,172 - xai.shap_analysis - INFO - Processing model 1/1: Completed

2025-01-26 23:13:19,177 - xai.shap_analysis - INFO - Processing model 1/1: Start
2025-01-26 23:13:19,177 - xai.shap_analysis - INFO - Loading data and model for filename_covid_filter_col_None_filter_val_None_target_daylight_rain_ml_model_ExtraTreesModel_mh_algo_SCA
2025-01-26 23:13:19,304 - xai.shap_analysis - INFO - Initializing SHAP explainer
2025-01-26 23:13:19,321 - xai.shap_analysis - INFO - Calculating SHAP interaction values
2025-01-26 23:15:15,642 - xai.shap_analysis - INFO - Analyzing main effects and interactions for class 0
2025-01-26 23:15:20,113 - xai.shap_analysis - INFO - Analyzing main effects and interactions for class 1
2025-01-26 23:15:24,459 - xai.shap_analysis - INFO - Analyzing main effects and interactions for class 2
2025-01-26 23:15:28,323 - xai.shap_analysis - INFO - Analyzing main effects and interactions for class 3
2025-01-26 23:15:32,468 - xai.shap_analysis - INFO - Processing model 1/1: Completed

2025-01-26 23:15:32,504 - xai.shap_clustering - INFO - Starting SHAP clustering process.
2025-01-26 23:15:32,505 - xai.shap_clustering - INFO - Processing file: filename_covid_filter_col_None_filter_val_None_target_daylight_rain_ml_model_ExtraTreesModel_mh_algo_SCA_impacts_local.csv
2025-01-26 23:15:32,541 - xai.shap_clustering - INFO - Performing clustering for general data.
2025-01-26 23:15:32,545 - xai.shap_clustering - INFO - Dimensionality reduction method: PaCMAP
2025-01-26 23:15:33,961 - xai.shap_clustering - INFO - Starting subclustering process. Task type: classification
2025-01-26 23:15:33,965 - xai.shap_clustering - INFO - Found 17 unique clusters: [-1  0  1  2  3  4  5  6  7  8  9 10 11 12 13 14 15]
2025-01-26 23:15:33,966 - xai.shap_clustering - INFO - Skipping noise points for cluster -1.
2025-01-26 23:15:33,966 - xai.shap_clustering - INFO - Processing parent cluster 0.
2025-01-26 23:15:33,967 - xai.shap_clustering - INFO - Cluster 0: Points after probability threshold filter: 16
2025-01-26 23:15:33,969 - xai.shap_clustering - INFO - Parent cluster 0: Found 1 subclusters.
2025-01-26 23:15:33,974 - xai.shap_clustering - INFO - Processing parent cluster 1.
2025-01-26 23:15:33,976 - xai.shap_clustering - INFO - Cluster 1: Points after probability threshold filter: 19
2025-01-26 23:15:33,977 - xai.shap_clustering - INFO - Parent cluster 1: Found 1 subclusters.
2025-01-26 23:15:33,982 - xai.shap_clustering - INFO - Processing parent cluster 2.
2025-01-26 23:15:33,983 - xai.shap_clustering - INFO - Cluster 2: Points after probability threshold filter: 24
2025-01-26 23:15:33,986 - xai.shap_clustering - INFO - Parent cluster 2: Found 1 subclusters.
2025-01-26 23:15:33,990 - xai.shap_clustering - INFO - Processing parent cluster 3.
2025-01-26 23:15:33,991 - xai.shap_clustering - INFO - Cluster 3: Points after probability threshold filter: 36
2025-01-26 23:15:33,994 - xai.shap_clustering - INFO - Parent cluster 3: Found 4 subclusters.
2025-01-26 23:15:34,003 - xai.shap_clustering - INFO - Processing parent cluster 4.
2025-01-26 23:15:34,003 - xai.shap_clustering - INFO - Cluster 4: Points after probability threshold filter: 21
2025-01-26 23:15:34,005 - xai.shap_clustering - INFO - Parent cluster 4: Found 1 subclusters.
2025-01-26 23:15:34,012 - xai.shap_clustering - INFO - Processing parent cluster 5.
2025-01-26 23:15:34,014 - xai.shap_clustering - INFO - Cluster 5: Points after probability threshold filter: 23
2025-01-26 23:15:34,015 - xai.shap_clustering - INFO - Parent cluster 5: Found 1 subclusters.
2025-01-26 23:15:34,021 - xai.shap_clustering - INFO - Processing parent cluster 6.
2025-01-26 23:15:34,022 - xai.shap_clustering - INFO - Cluster 6: Points after probability threshold filter: 38
2025-01-26 23:15:34,024 - xai.shap_clustering - INFO - Parent cluster 6: Found 1 subclusters.
2025-01-26 23:15:34,028 - xai.shap_clustering - INFO - Processing parent cluster 7.
2025-01-26 23:15:34,029 - xai.shap_clustering - INFO - Cluster 7: Points after probability threshold filter: 25
2025-01-26 23:15:34,031 - xai.shap_clustering - INFO - Parent cluster 7: Found 1 subclusters.
2025-01-26 23:15:34,036 - xai.shap_clustering - INFO - Processing parent cluster 8.
2025-01-26 23:15:34,038 - xai.shap_clustering - INFO - Cluster 8: Points after probability threshold filter: 25
2025-01-26 23:15:34,040 - xai.shap_clustering - INFO - Parent cluster 8: Found 3 subclusters.
2025-01-26 23:15:34,044 - xai.shap_clustering - INFO - Processing parent cluster 9.
2025-01-26 23:15:34,046 - xai.shap_clustering - INFO - Cluster 9: Points after probability threshold filter: 18
2025-01-26 23:15:34,048 - xai.shap_clustering - INFO - Parent cluster 9: Found 1 subclusters.
2025-01-26 23:15:34,051 - xai.shap_clustering - INFO - Processing parent cluster 10.
2025-01-26 23:15:34,053 - xai.shap_clustering - INFO - Cluster 10: Points after probability threshold filter: 55
2025-01-26 23:15:34,056 - xai.shap_clustering - INFO - Parent cluster 10: Found 4 subclusters.
2025-01-26 23:15:34,061 - xai.shap_clustering - INFO - Processing parent cluster 11.
2025-01-26 23:15:34,062 - xai.shap_clustering - INFO - Cluster 11: Points after probability threshold filter: 34
2025-01-26 23:15:34,065 - xai.shap_clustering - INFO - Parent cluster 11: Found 3 subclusters.
2025-01-26 23:15:34,071 - xai.shap_clustering - INFO - Processing parent cluster 12.
2025-01-26 23:15:34,072 - xai.shap_clustering - INFO - Cluster 12: Points after probability threshold filter: 22
2025-01-26 23:15:34,073 - xai.shap_clustering - INFO - Parent cluster 12: Found 1 subclusters.
2025-01-26 23:15:34,078 - xai.shap_clustering - INFO - Processing parent cluster 13.
2025-01-26 23:15:34,078 - xai.shap_clustering - INFO - Cluster 13: Points after probability threshold filter: 22
2025-01-26 23:15:34,080 - xai.shap_clustering - INFO - Parent cluster 13: Found 1 subclusters.
2025-01-26 23:15:34,086 - xai.shap_clustering - INFO - Processing parent cluster 14.
2025-01-26 23:15:34,086 - xai.shap_clustering - INFO - Cluster 14: Points after probability threshold filter: 23
2025-01-26 23:15:34,089 - xai.shap_clustering - INFO - Parent cluster 14: Found 1 subclusters.
2025-01-26 23:15:34,093 - xai.shap_clustering - INFO - Processing parent cluster 15.
2025-01-26 23:15:34,094 - xai.shap_clustering - INFO - Cluster 15: Points after probability threshold filter: 20
2025-01-26 23:15:34,095 - xai.shap_clustering - INFO - Parent cluster 15: Found 1 subclusters.
2025-01-26 23:15:34,100 - xai.shap_clustering - INFO - Subclustering process completed.
2025-01-26 23:15:34,100 - xai.shap_clustering - INFO - Successfully processed file: filename_covid_filter_col_None_filter_val_None_target_daylight_rain_ml_model_ExtraTreesModel_mh_algo_SCA_impacts_local.csv
2025-01-26 23:15:34,101 - xai.shap_clustering - INFO - Processing file: filename_covid_filter_col_None_filter_val_None_target_daylight_rain_ml_model_ExtraTreesModel_mh_algo_SCA_impacts_local_class_0.csv
2025-01-26 23:15:34,117 - xai.shap_clustering - INFO - Performing clustering for class: 0
2025-01-26 23:15:34,121 - xai.shap_clustering - INFO - Dimensionality reduction method: PaCMAP
2025-01-26 23:15:35,484 - xai.shap_clustering - INFO - Starting subclustering process. Task type: classification
2025-01-26 23:15:35,484 - xai.shap_clustering - INFO - Processing subclustering for class label: 0
2025-01-26 23:15:35,485 - xai.shap_clustering - INFO - Found 11 unique clusters: [-1  0  1  2  3  4  5  6  7  8  9]
2025-01-26 23:15:35,485 - xai.shap_clustering - INFO - Skipping noise points for cluster -1.
2025-01-26 23:15:35,485 - xai.shap_clustering - INFO - Processing parent cluster 0.
2025-01-26 23:15:35,486 - xai.shap_clustering - INFO - Cluster 0: Points after probability threshold filter: 89
2025-01-26 23:15:35,491 - xai.shap_clustering - INFO - Parent cluster 0: Found 4 subclusters.
2025-01-26 23:15:35,498 - xai.shap_clustering - INFO - Processing parent cluster 1.
2025-01-26 23:15:35,499 - xai.shap_clustering - INFO - Cluster 1: Points after probability threshold filter: 75
2025-01-26 23:15:35,503 - xai.shap_clustering - INFO - Parent cluster 1: Found 5 subclusters.
2025-01-26 23:15:35,513 - xai.shap_clustering - INFO - Processing parent cluster 2.
2025-01-26 23:15:35,514 - xai.shap_clustering - INFO - Cluster 2: Points after probability threshold filter: 19
2025-01-26 23:15:35,516 - xai.shap_clustering - INFO - Parent cluster 2: Found 1 subclusters.
2025-01-26 23:15:35,522 - xai.shap_clustering - INFO - Processing parent cluster 3.
2025-01-26 23:15:35,523 - xai.shap_clustering - INFO - Cluster 3: Points after probability threshold filter: 17
2025-01-26 23:15:35,525 - xai.shap_clustering - INFO - Parent cluster 3: Found 1 subclusters.
2025-01-26 23:15:35,530 - xai.shap_clustering - INFO - Processing parent cluster 4.
2025-01-26 23:15:35,531 - xai.shap_clustering - INFO - Cluster 4: Points after probability threshold filter: 36
2025-01-26 23:15:35,534 - xai.shap_clustering - INFO - Parent cluster 4: Found 3 subclusters.
2025-01-26 23:15:35,540 - xai.shap_clustering - INFO - Processing parent cluster 5.
2025-01-26 23:15:35,540 - xai.shap_clustering - INFO - Cluster 5: Points after probability threshold filter: 28
2025-01-26 23:15:35,543 - xai.shap_clustering - INFO - Parent cluster 5: Found 3 subclusters.
2025-01-26 23:15:35,549 - xai.shap_clustering - INFO - Processing parent cluster 6.
2025-01-26 23:15:35,550 - xai.shap_clustering - INFO - Cluster 6: Points after probability threshold filter: 16
2025-01-26 23:15:35,551 - xai.shap_clustering - INFO - Parent cluster 6: Found 1 subclusters.
2025-01-26 23:15:35,556 - xai.shap_clustering - INFO - Processing parent cluster 7.
2025-01-26 23:15:35,557 - xai.shap_clustering - INFO - Cluster 7: Points after probability threshold filter: 21
2025-01-26 23:15:35,559 - xai.shap_clustering - INFO - Parent cluster 7: Found 3 subclusters.
2025-01-26 23:15:35,565 - xai.shap_clustering - INFO - Processing parent cluster 8.
2025-01-26 23:15:35,566 - xai.shap_clustering - INFO - Cluster 8: Points after probability threshold filter: 21
2025-01-26 23:15:35,568 - xai.shap_clustering - INFO - Parent cluster 8: Found 1 subclusters.
2025-01-26 23:15:35,572 - xai.shap_clustering - INFO - Processing parent cluster 9.
2025-01-26 23:15:35,573 - xai.shap_clustering - INFO - Cluster 9: Points after probability threshold filter: 22
2025-01-26 23:15:35,576 - xai.shap_clustering - INFO - Parent cluster 9: Found 3 subclusters.
2025-01-26 23:15:35,581 - xai.shap_clustering - INFO - Subclustering process completed.
2025-01-26 23:15:35,581 - xai.shap_clustering - INFO - Successfully processed file: filename_covid_filter_col_None_filter_val_None_target_daylight_rain_ml_model_ExtraTreesModel_mh_algo_SCA_impacts_local_class_0.csv
2025-01-26 23:15:35,583 - xai.shap_clustering - INFO - Processing file: filename_covid_filter_col_None_filter_val_None_target_daylight_rain_ml_model_ExtraTreesModel_mh_algo_SCA_impacts_local_class_1.csv
2025-01-26 23:15:35,600 - xai.shap_clustering - INFO - Performing clustering for class: 1
2025-01-26 23:15:35,606 - xai.shap_clustering - INFO - Dimensionality reduction method: PaCMAP
2025-01-26 23:15:37,327 - xai.shap_clustering - INFO - Starting subclustering process. Task type: classification
2025-01-26 23:15:37,327 - xai.shap_clustering - INFO - Processing subclustering for class label: 1
2025-01-26 23:15:37,327 - xai.shap_clustering - INFO - Found 16 unique clusters: [-1  0  1  2  3  4  5  6  7  8  9 10 11 12 13 14]
2025-01-26 23:15:37,329 - xai.shap_clustering - INFO - Skipping noise points for cluster -1.
2025-01-26 23:15:37,329 - xai.shap_clustering - INFO - Processing parent cluster 0.
2025-01-26 23:15:37,331 - xai.shap_clustering - INFO - Cluster 0: Points after probability threshold filter: 36
2025-01-26 23:15:37,333 - xai.shap_clustering - INFO - Parent cluster 0: Found 2 subclusters.
2025-01-26 23:15:37,339 - xai.shap_clustering - INFO - Processing parent cluster 1.
2025-01-26 23:15:37,340 - xai.shap_clustering - INFO - Cluster 1: Points after probability threshold filter: 46
2025-01-26 23:15:37,343 - xai.shap_clustering - INFO - Parent cluster 1: Found 4 subclusters.
2025-01-26 23:15:37,350 - xai.shap_clustering - INFO - Processing parent cluster 2.
2025-01-26 23:15:37,351 - xai.shap_clustering - INFO - Cluster 2: Points after probability threshold filter: 16
2025-01-26 23:15:37,353 - xai.shap_clustering - INFO - Parent cluster 2: Found 1 subclusters.
2025-01-26 23:15:37,359 - xai.shap_clustering - INFO - Processing parent cluster 3.
2025-01-26 23:15:37,360 - xai.shap_clustering - INFO - Cluster 3: Points after probability threshold filter: 34
2025-01-26 23:15:37,362 - xai.shap_clustering - INFO - Parent cluster 3: Found 3 subclusters.
2025-01-26 23:15:37,370 - xai.shap_clustering - INFO - Processing parent cluster 4.
2025-01-26 23:15:37,371 - xai.shap_clustering - INFO - Cluster 4: Points after probability threshold filter: 19
2025-01-26 23:15:37,373 - xai.shap_clustering - INFO - Parent cluster 4: Found 1 subclusters.
2025-01-26 23:15:37,378 - xai.shap_clustering - INFO - Processing parent cluster 5.
2025-01-26 23:15:37,380 - xai.shap_clustering - INFO - Cluster 5: Points after probability threshold filter: 16
2025-01-26 23:15:37,382 - xai.shap_clustering - INFO - Parent cluster 5: Found 1 subclusters.
2025-01-26 23:15:37,387 - xai.shap_clustering - INFO - Processing parent cluster 6.
2025-01-26 23:15:37,388 - xai.shap_clustering - INFO - Cluster 6: Points after probability threshold filter: 21
2025-01-26 23:15:37,390 - xai.shap_clustering - INFO - Parent cluster 6: Found 1 subclusters.
2025-01-26 23:15:37,395 - xai.shap_clustering - INFO - Processing parent cluster 7.
2025-01-26 23:15:37,395 - xai.shap_clustering - INFO - Cluster 7: Points after probability threshold filter: 22
2025-01-26 23:15:37,398 - xai.shap_clustering - INFO - Parent cluster 7: Found 1 subclusters.
2025-01-26 23:15:37,403 - xai.shap_clustering - INFO - Processing parent cluster 8.
2025-01-26 23:15:37,404 - xai.shap_clustering - INFO - Cluster 8: Points after probability threshold filter: 28
2025-01-26 23:15:37,407 - xai.shap_clustering - INFO - Parent cluster 8: Found 3 subclusters.
2025-01-26 23:15:37,412 - xai.shap_clustering - INFO - Processing parent cluster 9.
2025-01-26 23:15:37,413 - xai.shap_clustering - INFO - Cluster 9: Points after probability threshold filter: 29
2025-01-26 23:15:37,416 - xai.shap_clustering - INFO - Parent cluster 9: Found 3 subclusters.
2025-01-26 23:15:37,423 - xai.shap_clustering - INFO - Processing parent cluster 10.
2025-01-26 23:15:37,423 - xai.shap_clustering - INFO - Cluster 10: Points after probability threshold filter: 27
2025-01-26 23:15:37,425 - xai.shap_clustering - INFO - Parent cluster 10: Found 1 subclusters.
2025-01-26 23:15:37,431 - xai.shap_clustering - INFO - Processing parent cluster 11.
2025-01-26 23:15:37,433 - xai.shap_clustering - INFO - Cluster 11: Points after probability threshold filter: 25
2025-01-26 23:15:37,436 - xai.shap_clustering - INFO - Parent cluster 11: Found 3 subclusters.
2025-01-26 23:15:37,441 - xai.shap_clustering - INFO - Processing parent cluster 12.
2025-01-26 23:15:37,442 - xai.shap_clustering - INFO - Cluster 12: Points after probability threshold filter: 19
2025-01-26 23:15:37,444 - xai.shap_clustering - INFO - Parent cluster 12: Found 1 subclusters.
2025-01-26 23:15:37,450 - xai.shap_clustering - INFO - Processing parent cluster 13.
2025-01-26 23:15:37,451 - xai.shap_clustering - INFO - Cluster 13: Points after probability threshold filter: 18
2025-01-26 23:15:37,452 - xai.shap_clustering - INFO - Parent cluster 13: Found 1 subclusters.
2025-01-26 23:15:37,457 - xai.shap_clustering - INFO - Processing parent cluster 14.
2025-01-26 23:15:37,458 - xai.shap_clustering - INFO - Cluster 14: Points after probability threshold filter: 19
2025-01-26 23:15:37,459 - xai.shap_clustering - INFO - Parent cluster 14: Found 1 subclusters.
2025-01-26 23:15:37,464 - xai.shap_clustering - INFO - Subclustering process completed.
2025-01-26 23:15:37,466 - xai.shap_clustering - INFO - Successfully processed file: filename_covid_filter_col_None_filter_val_None_target_daylight_rain_ml_model_ExtraTreesModel_mh_algo_SCA_impacts_local_class_1.csv
2025-01-26 23:15:37,466 - xai.shap_clustering - INFO - Processing file: filename_covid_filter_col_None_filter_val_None_target_daylight_rain_ml_model_ExtraTreesModel_mh_algo_SCA_impacts_local_class_2.csv
2025-01-26 23:15:37,483 - xai.shap_clustering - INFO - Performing clustering for class: 2
2025-01-26 23:15:37,489 - xai.shap_clustering - INFO - Dimensionality reduction method: PaCMAP
2025-01-26 23:15:39,580 - xai.shap_clustering - INFO - Starting subclustering process. Task type: classification
2025-01-26 23:15:39,580 - xai.shap_clustering - INFO - Processing subclustering for class label: 2
2025-01-26 23:15:39,581 - xai.shap_clustering - INFO - Found 19 unique clusters: [-1  0  1  2  3  4  5  6  7  8  9 10 11 12 13 14 15 16 17]
2025-01-26 23:15:39,581 - xai.shap_clustering - INFO - Skipping noise points for cluster -1.
2025-01-26 23:15:39,581 - xai.shap_clustering - INFO - Processing parent cluster 0.
2025-01-26 23:15:39,582 - xai.shap_clustering - INFO - Cluster 0: Points after probability threshold filter: 71
2025-01-26 23:15:39,585 - xai.shap_clustering - INFO - Parent cluster 0: Found 3 subclusters.
2025-01-26 23:15:39,592 - xai.shap_clustering - INFO - Processing parent cluster 1.
2025-01-26 23:15:39,592 - xai.shap_clustering - INFO - Cluster 1: Points after probability threshold filter: 30
2025-01-26 23:15:39,595 - xai.shap_clustering - INFO - Parent cluster 1: Found 1 subclusters.
2025-01-26 23:15:39,601 - xai.shap_clustering - INFO - Processing parent cluster 2.
2025-01-26 23:15:39,601 - xai.shap_clustering - INFO - Cluster 2: Points after probability threshold filter: 20
2025-01-26 23:15:39,603 - xai.shap_clustering - INFO - Parent cluster 2: Found 1 subclusters.
2025-01-26 23:15:39,609 - xai.shap_clustering - INFO - Processing parent cluster 3.
2025-01-26 23:15:39,610 - xai.shap_clustering - INFO - Cluster 3: Points after probability threshold filter: 36
2025-01-26 23:15:39,612 - xai.shap_clustering - INFO - Parent cluster 3: Found 3 subclusters.
2025-01-26 23:15:39,621 - xai.shap_clustering - INFO - Processing parent cluster 4.
2025-01-26 23:15:39,621 - xai.shap_clustering - INFO - Cluster 4: Points after probability threshold filter: 36
2025-01-26 23:15:39,624 - xai.shap_clustering - INFO - Parent cluster 4: Found 4 subclusters.
2025-01-26 23:15:39,630 - xai.shap_clustering - INFO - Processing parent cluster 5.
2025-01-26 23:15:39,632 - xai.shap_clustering - INFO - Cluster 5: Points after probability threshold filter: 30
2025-01-26 23:15:39,634 - xai.shap_clustering - INFO - Parent cluster 5: Found 3 subclusters.
2025-01-26 23:15:39,639 - xai.shap_clustering - INFO - Processing parent cluster 6.
2025-01-26 23:15:39,639 - xai.shap_clustering - INFO - Cluster 6: Points after probability threshold filter: 19
2025-01-26 23:15:39,641 - xai.shap_clustering - INFO - Parent cluster 6: Found 1 subclusters.
2025-01-26 23:15:39,647 - xai.shap_clustering - INFO - Processing parent cluster 7.
2025-01-26 23:15:39,647 - xai.shap_clustering - INFO - Cluster 7: Points after probability threshold filter: 19
2025-01-26 23:15:39,649 - xai.shap_clustering - INFO - Parent cluster 7: Found 1 subclusters.
2025-01-26 23:15:39,655 - xai.shap_clustering - INFO - Processing parent cluster 8.
2025-01-26 23:15:39,656 - xai.shap_clustering - INFO - Cluster 8: Points after probability threshold filter: 19
2025-01-26 23:15:39,657 - xai.shap_clustering - INFO - Parent cluster 8: Found 1 subclusters.
2025-01-26 23:15:39,662 - xai.shap_clustering - INFO - Processing parent cluster 9.
2025-01-26 23:15:39,663 - xai.shap_clustering - INFO - Cluster 9: Points after probability threshold filter: 23
2025-01-26 23:15:39,665 - xai.shap_clustering - INFO - Parent cluster 9: Found 1 subclusters.
2025-01-26 23:15:39,669 - xai.shap_clustering - INFO - Processing parent cluster 10.
2025-01-26 23:15:39,670 - xai.shap_clustering - INFO - Cluster 10: Points after probability threshold filter: 19
2025-01-26 23:15:39,672 - xai.shap_clustering - INFO - Parent cluster 10: Found 1 subclusters.
2025-01-26 23:15:39,676 - xai.shap_clustering - INFO - Processing parent cluster 11.
2025-01-26 23:15:39,677 - xai.shap_clustering - INFO - Cluster 11: Points after probability threshold filter: 18
2025-01-26 23:15:39,679 - xai.shap_clustering - INFO - Parent cluster 11: Found 1 subclusters.
2025-01-26 23:15:39,685 - xai.shap_clustering - INFO - Processing parent cluster 12.
2025-01-26 23:15:39,686 - xai.shap_clustering - INFO - Cluster 12: Points after probability threshold filter: 17
2025-01-26 23:15:39,688 - xai.shap_clustering - INFO - Parent cluster 12: Found 1 subclusters.
2025-01-26 23:15:39,692 - xai.shap_clustering - INFO - Processing parent cluster 13.
2025-01-26 23:15:39,693 - xai.shap_clustering - INFO - Cluster 13: Points after probability threshold filter: 19
2025-01-26 23:15:39,695 - xai.shap_clustering - INFO - Parent cluster 13: Found 1 subclusters.
2025-01-26 23:15:39,700 - xai.shap_clustering - INFO - Processing parent cluster 14.
2025-01-26 23:15:39,701 - xai.shap_clustering - INFO - Cluster 14: Points after probability threshold filter: 29
2025-01-26 23:15:39,703 - xai.shap_clustering - INFO - Parent cluster 14: Found 1 subclusters.
2025-01-26 23:15:39,707 - xai.shap_clustering - INFO - Processing parent cluster 15.
2025-01-26 23:15:39,708 - xai.shap_clustering - INFO - Cluster 15: Points after probability threshold filter: 22
2025-01-26 23:15:39,710 - xai.shap_clustering - INFO - Parent cluster 15: Found 1 subclusters.
2025-01-26 23:15:39,716 - xai.shap_clustering - INFO - Processing parent cluster 16.
2025-01-26 23:15:39,716 - xai.shap_clustering - INFO - Cluster 16: Points after probability threshold filter: 22
2025-01-26 23:15:39,718 - xai.shap_clustering - INFO - Parent cluster 16: Found 1 subclusters.
2025-01-26 23:15:39,722 - xai.shap_clustering - INFO - Processing parent cluster 17.
2025-01-26 23:15:39,723 - xai.shap_clustering - INFO - Cluster 17: Points after probability threshold filter: 24
2025-01-26 23:15:39,725 - xai.shap_clustering - INFO - Parent cluster 17: Found 3 subclusters.
2025-01-26 23:15:39,731 - xai.shap_clustering - INFO - Subclustering process completed.
2025-01-26 23:15:39,732 - xai.shap_clustering - INFO - Successfully processed file: filename_covid_filter_col_None_filter_val_None_target_daylight_rain_ml_model_ExtraTreesModel_mh_algo_SCA_impacts_local_class_2.csv
2025-01-26 23:15:39,732 - xai.shap_clustering - INFO - Processing file: filename_covid_filter_col_None_filter_val_None_target_daylight_rain_ml_model_ExtraTreesModel_mh_algo_SCA_impacts_local_class_3.csv
2025-01-26 23:15:39,748 - xai.shap_clustering - INFO - Performing clustering for class: 3
2025-01-26 23:15:39,753 - xai.shap_clustering - INFO - Dimensionality reduction method: PaCMAP
2025-01-26 23:15:41,154 - xai.shap_clustering - INFO - Starting subclustering process. Task type: classification
2025-01-26 23:15:41,154 - xai.shap_clustering - INFO - Processing subclustering for class label: 3
2025-01-26 23:15:41,156 - xai.shap_clustering - INFO - Found 12 unique clusters: [-1  0  1  2  3  4  5  6  7  8  9 10]
2025-01-26 23:15:41,156 - xai.shap_clustering - INFO - Skipping noise points for cluster -1.
2025-01-26 23:15:41,156 - xai.shap_clustering - INFO - Processing parent cluster 0.
2025-01-26 23:15:41,157 - xai.shap_clustering - INFO - Cluster 0: Points after probability threshold filter: 79
2025-01-26 23:15:41,161 - xai.shap_clustering - INFO - Parent cluster 0: Found 4 subclusters.
2025-01-26 23:15:41,169 - xai.shap_clustering - INFO - Processing parent cluster 1.
2025-01-26 23:15:41,170 - xai.shap_clustering - INFO - Cluster 1: Points after probability threshold filter: 69
2025-01-26 23:15:41,175 - xai.shap_clustering - INFO - Parent cluster 1: Found 4 subclusters.
2025-01-26 23:15:41,181 - xai.shap_clustering - INFO - Processing parent cluster 2.
2025-01-26 23:15:41,182 - xai.shap_clustering - INFO - Cluster 2: Points after probability threshold filter: 31
2025-01-26 23:15:41,185 - xai.shap_clustering - INFO - Parent cluster 2: Found 3 subclusters.
2025-01-26 23:15:41,192 - xai.shap_clustering - INFO - Processing parent cluster 3.
2025-01-26 23:15:41,194 - xai.shap_clustering - INFO - Cluster 3: Points after probability threshold filter: 28
2025-01-26 23:15:41,196 - xai.shap_clustering - INFO - Parent cluster 3: Found 1 subclusters.
2025-01-26 23:15:41,202 - xai.shap_clustering - INFO - Processing parent cluster 4.
2025-01-26 23:15:41,202 - xai.shap_clustering - INFO - Cluster 4: Points after probability threshold filter: 21
2025-01-26 23:15:41,204 - xai.shap_clustering - INFO - Parent cluster 4: Found 1 subclusters.
2025-01-26 23:15:41,210 - xai.shap_clustering - INFO - Processing parent cluster 5.
2025-01-26 23:15:41,210 - xai.shap_clustering - INFO - Cluster 5: Points after probability threshold filter: 24
2025-01-26 23:15:41,212 - xai.shap_clustering - INFO - Parent cluster 5: Found 3 subclusters.
2025-01-26 23:15:41,221 - xai.shap_clustering - INFO - Processing parent cluster 6.
2025-01-26 23:15:41,222 - xai.shap_clustering - INFO - Cluster 6: Points after probability threshold filter: 19
2025-01-26 23:15:41,223 - xai.shap_clustering - INFO - Parent cluster 6: Found 1 subclusters.
2025-01-26 23:15:41,228 - xai.shap_clustering - INFO - Processing parent cluster 7.
2025-01-26 23:15:41,229 - xai.shap_clustering - INFO - Cluster 7: Points after probability threshold filter: 32
2025-01-26 23:15:41,233 - xai.shap_clustering - INFO - Parent cluster 7: Found 1 subclusters.
2025-01-26 23:15:41,238 - xai.shap_clustering - INFO - Processing parent cluster 8.
2025-01-26 23:15:41,239 - xai.shap_clustering - INFO - Cluster 8: Points after probability threshold filter: 19
2025-01-26 23:15:41,241 - xai.shap_clustering - INFO - Parent cluster 8: Found 1 subclusters.
2025-01-26 23:15:41,245 - xai.shap_clustering - INFO - Processing parent cluster 9.
2025-01-26 23:15:41,246 - xai.shap_clustering - INFO - Cluster 9: Points after probability threshold filter: 21
2025-01-26 23:15:41,249 - xai.shap_clustering - INFO - Parent cluster 9: Found 1 subclusters.
2025-01-26 23:15:41,254 - xai.shap_clustering - INFO - Processing parent cluster 10.
2025-01-26 23:15:41,255 - xai.shap_clustering - INFO - Cluster 10: Points after probability threshold filter: 22
2025-01-26 23:15:41,257 - xai.shap_clustering - INFO - Parent cluster 10: Found 3 subclusters.
2025-01-26 23:15:41,263 - xai.shap_clustering - INFO - Subclustering process completed.
2025-01-26 23:15:41,264 - xai.shap_clustering - INFO - Successfully processed file: filename_covid_filter_col_None_filter_val_None_target_daylight_rain_ml_model_ExtraTreesModel_mh_algo_SCA_impacts_local_class_3.csv
2025-01-26 23:15:41,264 - xai.shap_clustering - INFO - SHAP clustering process completed.
2025-01-26 23:15:41,267 - xai.sage_analysis - INFO - Starting SAGE analysis...
2025-01-26 23:15:41,268 - xai.sage_analysis - INFO - Analyzing model: ExtraTreesModel with mh_algo: SCA for target: daylight_rain, filename: covid, filter value: None
2025-01-26 23:28:35,751 - xai.sage_analysis - INFO - SAGE analysis completed.
2025-01-26 23:28:35,764 - xai.nshap_analysis - INFO - Processing model 1/1: Start
2025-01-26 23:28:35,764 - xai.nshap_analysis - INFO - Loading data and model for filename_covid_filter_col_None_filter_val_None_target_daylight_rain_ml_model_ExtraTreesModel_mh_algo_SCA
2025-01-26 23:28:35,951 - xai.nshap_analysis - INFO - Training new model with the most important features from SAGE
2025-01-26 23:28:37,840 - xai.nshap_analysis - INFO - Saving predictions for the new model
2025-01-26 23:28:37,940 - xai.nshap_analysis - INFO - Predictions saved to C:\Users\tbezdan\Desktop\crAIRsis datasets\EU_cls\data\nshap\filename_covid_filter_col_None_filter_val_None_target_daylight_rain_ml_model_ExtraTreesModel_mh_algo_SCA_predictions.csv
2025-01-26 23:28:37,941 - xai.nshap_analysis - INFO - Initializing nSHAP
2025-01-26 23:28:37,957 - xai.nshap_analysis - INFO - Computing n shapley values
2025-01-26 23:28:37,959 - xai.nshap_analysis - INFO - Instance 0: Predicted class 0
2025-01-26 23:28:37,959 - xai.nshap_analysis - INFO - Instance 1: Predicted class 3
2025-01-27 02:31:44,786 - utils.train_and_optimize - INFO - File: covid
2025-01-27 02:31:44,898 - utils.train_and_optimize - INFO - -------Target: CRAI-------
2025-01-27 02:31:44,902 - utils.train_and_optimize - INFO - ----------ML model evaluation----------
2025-01-27 02:31:44,904 - utils.train_and_optimize - INFO - Target distribution:
0    2600
1    1328
Name: CRAI, dtype: int64
2025-01-27 02:31:44,904 - utils.train_and_optimize - INFO - 

Evaluating: ExtraTreesModel CV
2025-01-27 02:31:46,325 - utils.train_and_optimize - INFO - Confusion Matrix:
[[2595    5]
 [   3 1325]]
2025-01-27 02:31:47,801 - utils.train_and_optimize - INFO - accuracy: 0.9979633401221996
2025-01-27 02:31:47,801 - utils.train_and_optimize - INFO - f1_score: 0.9969902182091799
2025-01-27 02:31:47,802 - utils.train_and_optimize - INFO - precision: 0.9962406015037594
2025-01-27 02:31:47,802 - utils.train_and_optimize - INFO - recall: 0.9977409638554217
2025-01-27 02:31:47,802 - utils.train_and_optimize - INFO - roc_auc: 0.9999737893883225
2025-01-27 02:31:47,802 - utils.train_and_optimize - INFO - log_loss: 0.053297548760234764
2025-01-27 02:31:47,802 - utils.train_and_optimize - INFO - macro avg precision: 0.9975429335463369
2025-01-27 02:31:47,802 - utils.train_and_optimize - INFO - macro avg recall: 0.9979089434661723
2025-01-27 02:31:47,802 - utils.train_and_optimize - INFO - macro avg f1-score: 0.9977255823635357
2025-01-27 02:31:47,803 - utils.train_and_optimize - INFO - macro avg support: 3928.0
2025-01-27 02:31:47,803 - utils.train_and_optimize - INFO - weighted avg precision: 0.9979646663259089
2025-01-27 02:31:47,803 - utils.train_and_optimize - INFO - weighted avg recall: 0.9979633401221996
2025-01-27 02:31:47,803 - utils.train_and_optimize - INFO - weighted avg f1-score: 0.9979637145438669
2025-01-27 02:31:47,803 - utils.train_and_optimize - INFO - weighted avg support: 3928.0
2025-01-27 02:31:47,805 - utils.train_and_optimize - INFO - Top models:
       ml_model f1_score
ExtraTreesModel   0.9970
2025-01-27 02:31:47,807 - utils.train_and_optimize - INFO - -------------Optimization-------------
2025-01-27 02:31:47,807 - utils.train_and_optimize - INFO - Optimizing: ExtraTreesModel CV
2025-01-27 02:31:47,808 - optimization.optimization_problem - INFO - Initializing BaseOptimizerProblem with cross-validation
2025-01-27 02:32:34,590 - utils.train_and_optimize - INFO - File: covid
2025-01-27 02:32:34,732 - utils.train_and_optimize - INFO - -------Target: CRAI-------
2025-01-27 02:32:34,738 - utils.train_and_optimize - INFO - ----------ML model evaluation----------
2025-01-27 02:32:34,740 - utils.train_and_optimize - INFO - Target distribution:
0    2600
1    1328
Name: CRAI, dtype: int64
2025-01-27 02:32:34,740 - utils.train_and_optimize - INFO - 

Evaluating: ExtraTreesModel CV
2025-01-27 02:32:36,788 - utils.train_and_optimize - INFO - Confusion Matrix:
[[2595    5]
 [   3 1325]]
2025-01-27 02:32:38,948 - utils.train_and_optimize - INFO - accuracy: 0.9979633401221996
2025-01-27 02:32:38,949 - utils.train_and_optimize - INFO - f1_score: 0.9969902182091799
2025-01-27 02:32:38,949 - utils.train_and_optimize - INFO - precision: 0.9962406015037594
2025-01-27 02:32:38,949 - utils.train_and_optimize - INFO - recall: 0.9977409638554217
2025-01-27 02:32:38,949 - utils.train_and_optimize - INFO - roc_auc: 0.9999737893883225
2025-01-27 02:32:38,949 - utils.train_and_optimize - INFO - log_loss: 0.053297548760234764
2025-01-27 02:32:38,950 - utils.train_and_optimize - INFO - macro avg precision: 0.9975429335463369
2025-01-27 02:32:38,950 - utils.train_and_optimize - INFO - macro avg recall: 0.9979089434661723
2025-01-27 02:32:38,950 - utils.train_and_optimize - INFO - macro avg f1-score: 0.9977255823635357
2025-01-27 02:32:38,950 - utils.train_and_optimize - INFO - macro avg support: 3928.0
2025-01-27 02:32:38,950 - utils.train_and_optimize - INFO - weighted avg precision: 0.9979646663259089
2025-01-27 02:32:38,950 - utils.train_and_optimize - INFO - weighted avg recall: 0.9979633401221996
2025-01-27 02:32:38,952 - utils.train_and_optimize - INFO - weighted avg f1-score: 0.9979637145438669
2025-01-27 02:32:38,952 - utils.train_and_optimize - INFO - weighted avg support: 3928.0
2025-01-27 02:32:38,955 - utils.train_and_optimize - INFO - Top models:
       ml_model f1_score
ExtraTreesModel   0.9970
2025-01-27 02:32:38,956 - utils.train_and_optimize - INFO - -------------Optimization-------------
2025-01-27 02:32:38,957 - utils.train_and_optimize - INFO - Optimizing: ExtraTreesModel CV
2025-01-27 02:32:38,957 - optimization.optimization_problem - INFO - Initializing BaseOptimizerProblem with cross-validation
2025-01-27 02:33:38,079 - optimization.optimizer - INFO - Model: ExtraTreesModel, Dataset: covid, Best Log Loss: 5.4250988117846456e-06
2025-01-27 02:33:47,812 - utils.train_and_optimize - INFO - Optimized ExtraTreesModel CV by SCA
2025-01-27 02:33:47,812 - utils.train_and_optimize - INFO - accuracy: 1.0
2025-01-27 02:33:47,812 - utils.train_and_optimize - INFO - f1_score: 1.0
2025-01-27 02:33:47,813 - utils.train_and_optimize - INFO - precision: 1.0
2025-01-27 02:33:47,813 - utils.train_and_optimize - INFO - recall: 1.0
2025-01-27 02:33:47,813 - utils.train_and_optimize - INFO - roc_auc: 1.0
2025-01-27 02:33:47,813 - utils.train_and_optimize - INFO - log_loss: 5.426953923707891e-06
2025-01-27 02:33:48,862 - utils.train_and_optimize - INFO - Optimized ExtraTreesModel by SCA
2025-01-27 02:33:48,863 - utils.train_and_optimize - INFO - accuracy: 1.0
2025-01-27 02:33:48,863 - utils.train_and_optimize - INFO - f1_score: 1.0
2025-01-27 02:33:48,864 - utils.train_and_optimize - INFO - precision: 1.0
2025-01-27 02:33:48,864 - utils.train_and_optimize - INFO - recall: 1.0
2025-01-27 02:33:48,864 - utils.train_and_optimize - INFO - roc_auc: 1.0
2025-01-27 02:33:48,865 - utils.train_and_optimize - INFO - log_loss: 7.117569010555459e-06
2025-01-27 02:33:48,962 - utils.train_and_optimize - INFO -    iteration    g_best    runtime         ml_model metaheuristic filename filter_column filter_value target
0          1  0.000095  20.231434  ExtraTreesModel           SCA    covid          None         None   CRAI
1          2  0.000005  17.903284  ExtraTreesModel           SCA    covid          None         None   CRAI
2025-01-27 02:33:48,973 - utils.train_and_optimize - INFO - JSON options file saved for covid
2025-01-27 02:33:49,025 - utils.best_eval - INFO - Loading model from C:\Users\tbezdan\Desktop\crAIRsis datasets\EU_cls\models\filename_covid_filter_col_None_filter_val_None_target_CRAI_ml_model_ExtraTreesModel_mh_algo_SCA.joblib
2025-01-27 02:33:49,103 - utils.best_eval - INFO - Loading data from C:\Users\tbezdan\Desktop\crAIRsis datasets\EU_cls\data\datasets\filename_covid_filter_col_None_filter_val_None_target_CRAI.csv
2025-01-27 02:33:49,189 - utils.best_eval - INFO - filename_covid_filter_col_None_filter_val_None_target_CRAI_ml_model_ExtraTreesModel_mh_algo_SCA
2025-01-27 02:33:49,198 - utils.best_eval - INFO - Accuracy: 1.0
2025-01-27 02:33:49,198 - utils.best_eval - INFO - F1 Score: 1.0
2025-01-27 02:33:49,199 - utils.best_eval - INFO - Precision: 1.0
2025-01-27 02:33:49,199 - utils.best_eval - INFO - Recall: 1.0
2025-01-27 02:33:49,199 - utils.best_eval - INFO - Classification Report: {'0': {'precision': 1.0, 'recall': 1.0, 'f1-score': 1.0, 'support': 520.0}, '1': {'precision': 1.0, 'recall': 1.0, 'f1-score': 1.0, 'support': 266.0}, 'accuracy': 1.0, 'macro avg': {'precision': 1.0, 'recall': 1.0, 'f1-score': 1.0, 'support': 786.0}, 'weighted avg': {'precision': 1.0, 'recall': 1.0, 'f1-score': 1.0, 'support': 786.0}}
2025-01-27 02:33:49,203 - xai.nshap_analysis - INFO - Processing model 1/1: Start
2025-01-27 02:33:49,204 - xai.nshap_analysis - INFO - Loading data and model for filename_covid_filter_col_None_filter_val_None_target_CRAI_ml_model_ExtraTreesModel_mh_algo_SCA
2025-01-27 02:33:49,204 - xai.nshap_analysis - ERROR - Error processing model 1: [Errno 2] No such file or directory: 'C:\\Users\\tbezdan\\Desktop\\crAIRsis datasets\\EU_cls\\data\\shap_local_relative_normalized\\filename_covid_filter_col_None_filter_val_None_target_CRAI_ml_model_ExtraTreesModel_mh_algo_SCA_impacts_local.csv'
Traceback (most recent call last):
  File "C:\Users\tbezdan\crairsis-framework\src\xai\nshap_analysis.py", line 472, in perform_nshap_analysis
    get_data_model(
  File "C:\Users\tbezdan\crairsis-framework\src\xai\nshap_analysis.py", line 38, in get_data_model
    shap_local_impacts = pd.read_csv(shap_local_impacts_file_path)
  File "C:\Users\tbezdan\anaconda3\envs\crairsis\lib\site-packages\pandas\util\_decorators.py", line 211, in wrapper
    return func(*args, **kwargs)
  File "C:\Users\tbezdan\anaconda3\envs\crairsis\lib\site-packages\pandas\util\_decorators.py", line 331, in wrapper
    return func(*args, **kwargs)
  File "C:\Users\tbezdan\anaconda3\envs\crairsis\lib\site-packages\pandas\io\parsers\readers.py", line 950, in read_csv
    return _read(filepath_or_buffer, kwds)
  File "C:\Users\tbezdan\anaconda3\envs\crairsis\lib\site-packages\pandas\io\parsers\readers.py", line 605, in _read
    parser = TextFileReader(filepath_or_buffer, **kwds)
  File "C:\Users\tbezdan\anaconda3\envs\crairsis\lib\site-packages\pandas\io\parsers\readers.py", line 1442, in __init__
    self._engine = self._make_engine(f, self.engine)
  File "C:\Users\tbezdan\anaconda3\envs\crairsis\lib\site-packages\pandas\io\parsers\readers.py", line 1735, in _make_engine
    self.handles = get_handle(
  File "C:\Users\tbezdan\anaconda3\envs\crairsis\lib\site-packages\pandas\io\common.py", line 856, in get_handle
    handle = open(
FileNotFoundError: [Errno 2] No such file or directory: 'C:\\Users\\tbezdan\\Desktop\\crAIRsis datasets\\EU_cls\\data\\shap_local_relative_normalized\\filename_covid_filter_col_None_filter_val_None_target_CRAI_ml_model_ExtraTreesModel_mh_algo_SCA_impacts_local.csv'
2025-01-27 02:36:37,294 - xai.sage_analysis - INFO - Starting SAGE analysis...
2025-01-27 02:36:37,296 - xai.sage_analysis - INFO - Analyzing model: ExtraTreesModel with mh_algo: SCA for target: CRAI, filename: covid, filter value: None
2025-01-27 02:42:43,139 - xai.sage_analysis - INFO - SAGE analysis completed.
2025-01-27 02:42:43,144 - xai.nshap_analysis - INFO - Processing model 1/1: Start
2025-01-27 02:42:43,145 - xai.nshap_analysis - INFO - Loading data and model for filename_covid_filter_col_None_filter_val_None_target_CRAI_ml_model_ExtraTreesModel_mh_algo_SCA
2025-01-27 02:42:43,331 - xai.nshap_analysis - INFO - Training new model with the most important features from SAGE
2025-01-27 02:42:44,158 - xai.nshap_analysis - INFO - Saving predictions for the new model
2025-01-27 02:42:44,226 - xai.nshap_analysis - INFO - Predictions saved to C:\Users\tbezdan\Desktop\crAIRsis datasets\EU_cls\data\nshap\filename_covid_filter_col_None_filter_val_None_target_CRAI_ml_model_ExtraTreesModel_mh_algo_SCA_predictions.csv
2025-01-27 02:42:44,226 - xai.nshap_analysis - INFO - Initializing nSHAP
2025-01-27 02:42:44,243 - xai.nshap_analysis - INFO - Computing n shapley values
2025-01-27 02:42:44,246 - xai.nshap_analysis - INFO - Instance 0: Predicted class 0
2025-01-27 02:42:44,246 - xai.nshap_analysis - INFO - Instance 1: Predicted class 1
2025-01-27 03:03:40,026 - xai.sage_analysis - INFO - Starting SAGE analysis...
2025-01-27 03:03:40,027 - xai.sage_analysis - INFO - Analyzing model: ExtraTreesModel with mh_algo: SCA for target: CRAI, filename: covid, filter value: None
2025-01-27 03:03:59,226 - xai.nshap_analysis - INFO - Processing model 1/1: Start
2025-01-27 03:03:59,227 - xai.nshap_analysis - INFO - Loading data and model for filename_covid_filter_col_None_filter_val_None_target_CRAI_ml_model_ExtraTreesModel_mh_algo_SCA
2025-01-27 03:03:59,329 - xai.nshap_analysis - INFO - Training new model with the most important features from SAGE
2025-01-27 03:03:59,723 - xai.nshap_analysis - INFO - Saving predictions for the new model
2025-01-27 03:03:59,774 - xai.nshap_analysis - INFO - Predictions saved to C:\Users\tbezdan\Desktop\crAIRsis datasets\EU_cls\data\nshap\filename_covid_filter_col_None_filter_val_None_target_CRAI_ml_model_ExtraTreesModel_mh_algo_SCA_predictions.csv
2025-01-27 03:03:59,775 - xai.nshap_analysis - INFO - Initializing nSHAP
2025-01-27 03:03:59,785 - xai.nshap_analysis - INFO - Computing n shapley values
2025-01-27 03:03:59,797 - xai.nshap_analysis - INFO - Instance 0: Predicted class 0
2025-01-27 03:03:59,797 - xai.nshap_analysis - INFO - Instance 1: Predicted class 1
2025-01-27 03:04:30,818 - xai.nshap_analysis - INFO - Computing shapley taylor values
2025-01-27 03:04:30,821 - xai.nshap_analysis - INFO - Instance 0: Predicted class 0
2025-01-27 03:04:30,821 - xai.nshap_analysis - INFO - Instance 1: Predicted class 1
2025-01-27 03:05:00,257 - xai.nshap_analysis - INFO - Computing faith shap values
2025-01-27 03:05:00,258 - xai.nshap_analysis - INFO - Instance 0: Predicted class 0
2025-01-27 03:05:00,258 - xai.nshap_analysis - INFO - Instance 1: Predicted class 1
2025-01-27 03:05:29,639 - xai.nshap_analysis - INFO - Computing shapley interaction index values
2025-01-27 03:05:29,641 - xai.nshap_analysis - INFO - Instance 0: Predicted class 0
2025-01-27 03:05:29,641 - xai.nshap_analysis - INFO - Instance 1: Predicted class 1
2025-01-27 03:06:00,083 - xai.nshap_analysis - INFO - Computing banzhaf interaction index values
2025-01-27 03:06:00,087 - xai.nshap_analysis - INFO - Instance 0: Predicted class 0
2025-01-27 03:06:00,087 - xai.nshap_analysis - INFO - Instance 1: Predicted class 1
2025-01-27 03:06:51,290 - xai.nshap_analysis - INFO - Computing faith banzhaf values
2025-01-27 03:06:51,313 - xai.nshap_analysis - INFO - Instance 0: Predicted class 0
2025-01-27 03:06:51,313 - xai.nshap_analysis - INFO - Instance 1: Predicted class 1
2025-01-27 03:07:26,795 - xai.nshap_analysis - INFO - Computing moebius transform values
2025-01-27 03:07:26,797 - xai.nshap_analysis - INFO - Instance 0: Predicted class 0
2025-01-27 03:07:26,797 - xai.nshap_analysis - INFO - Instance 1: Predicted class 1
2025-01-27 03:07:57,704 - xai.nshap_analysis - INFO - nSHAP completed
2025-01-27 03:07:57,704 - xai.nshap_analysis - INFO - Allclose nSHAP
2025-01-27 03:07:57,705 - xai.nshap_analysis - ERROR - Error processing model 1: [Errno 2] No such file or directory: 'C:\\Users\\tbezdan\\Desktop\\crAIRsis datasets\\EU_cls\\data\\nshap\\filename_covid_filter_col_None_filter_val_None_target_CRAI_ml_model_ExtraTreesModel_mh_algo_SCA_nshapley_values.csv'
Traceback (most recent call last):
  File "C:\Users\tbezdan\crairsis-framework\src\xai\nshap_analysis.py", line 534, in perform_nshap_analysis
    check_allclose(
  File "C:\Users\tbezdan\crairsis-framework\src\xai\nshap_analysis.py", line 569, in check_allclose
    ref_df = pd.read_csv(ref_file)
  File "C:\Users\tbezdan\anaconda3\envs\crairsis\lib\site-packages\pandas\util\_decorators.py", line 211, in wrapper
    return func(*args, **kwargs)
  File "C:\Users\tbezdan\anaconda3\envs\crairsis\lib\site-packages\pandas\util\_decorators.py", line 331, in wrapper
    return func(*args, **kwargs)
  File "C:\Users\tbezdan\anaconda3\envs\crairsis\lib\site-packages\pandas\io\parsers\readers.py", line 950, in read_csv
    return _read(filepath_or_buffer, kwds)
  File "C:\Users\tbezdan\anaconda3\envs\crairsis\lib\site-packages\pandas\io\parsers\readers.py", line 605, in _read
    parser = TextFileReader(filepath_or_buffer, **kwds)
  File "C:\Users\tbezdan\anaconda3\envs\crairsis\lib\site-packages\pandas\io\parsers\readers.py", line 1442, in __init__
    self._engine = self._make_engine(f, self.engine)
  File "C:\Users\tbezdan\anaconda3\envs\crairsis\lib\site-packages\pandas\io\parsers\readers.py", line 1735, in _make_engine
    self.handles = get_handle(
  File "C:\Users\tbezdan\anaconda3\envs\crairsis\lib\site-packages\pandas\io\common.py", line 856, in get_handle
    handle = open(
FileNotFoundError: [Errno 2] No such file or directory: 'C:\\Users\\tbezdan\\Desktop\\crAIRsis datasets\\EU_cls\\data\\nshap\\filename_covid_filter_col_None_filter_val_None_target_CRAI_ml_model_ExtraTreesModel_mh_algo_SCA_nshapley_values.csv'
2025-01-27 03:09:29,624 - xai.nshap_analysis - INFO - Processing model 1/1: Start
2025-01-27 03:09:29,624 - xai.nshap_analysis - INFO - Loading data and model for filename_covid_filter_col_None_filter_val_None_target_CRAI_ml_model_ExtraTreesModel_mh_algo_SCA
2025-01-27 03:09:29,706 - xai.nshap_analysis - INFO - Training new model with the most important features from SAGE
2025-01-27 03:09:30,010 - xai.nshap_analysis - INFO - Saving predictions for the new model
2025-01-27 03:09:30,047 - xai.nshap_analysis - INFO - Predictions saved to C:\Users\tbezdan\Desktop\crAIRsis datasets\EU_cls\data\nshap\filename_covid_filter_col_None_filter_val_None_target_CRAI_ml_model_ExtraTreesModel_mh_algo_SCA_predictions.csv
2025-01-27 03:09:30,047 - xai.nshap_analysis - INFO - Initializing nSHAP
2025-01-27 03:09:30,056 - xai.nshap_analysis - INFO - Computing n shapley values
2025-01-27 03:09:30,066 - xai.nshap_analysis - INFO - Instance 0: Predicted class 0
2025-01-27 03:09:30,067 - xai.nshap_analysis - INFO - Instance 1: Predicted class 1
2025-01-27 03:09:54,340 - xai.nshap_analysis - INFO - Computing shapley taylor values
2025-01-27 03:09:54,342 - xai.nshap_analysis - INFO - Instance 0: Predicted class 0
2025-01-27 03:09:54,342 - xai.nshap_analysis - INFO - Instance 1: Predicted class 1
2025-01-27 03:10:22,047 - xai.nshap_analysis - INFO - Computing faith shap values
2025-01-27 03:10:22,050 - xai.nshap_analysis - INFO - Instance 0: Predicted class 0
2025-01-27 03:10:22,050 - xai.nshap_analysis - INFO - Instance 1: Predicted class 1
2025-01-27 03:10:52,005 - xai.nshap_analysis - INFO - Computing shapley interaction index values
2025-01-27 03:10:52,006 - xai.nshap_analysis - INFO - Instance 0: Predicted class 0
2025-01-27 03:10:52,007 - xai.nshap_analysis - INFO - Instance 1: Predicted class 1
2025-01-27 03:11:21,598 - xai.nshap_analysis - INFO - Computing banzhaf interaction index values
2025-01-27 03:11:21,600 - xai.nshap_analysis - INFO - Instance 0: Predicted class 0
2025-01-27 03:11:21,602 - xai.nshap_analysis - INFO - Instance 1: Predicted class 1
2025-01-27 03:11:51,518 - xai.nshap_analysis - INFO - Computing faith banzhaf values
2025-01-27 03:11:51,521 - xai.nshap_analysis - INFO - Instance 0: Predicted class 0
2025-01-27 03:11:51,521 - xai.nshap_analysis - INFO - Instance 1: Predicted class 1
2025-01-27 03:12:22,262 - xai.nshap_analysis - INFO - Computing moebius transform values
2025-01-27 03:12:22,264 - xai.nshap_analysis - INFO - Instance 0: Predicted class 0
2025-01-27 03:12:22,264 - xai.nshap_analysis - INFO - Instance 1: Predicted class 1
2025-01-27 03:12:51,939 - xai.nshap_analysis - INFO - nSHAP completed
2025-01-27 03:12:51,940 - xai.nshap_analysis - INFO - Allclose nSHAP
2025-01-27 03:12:52,272 - xai.nshap_analysis - INFO - Allclose nSHAP completed
2025-01-27 03:14:04,941 - utils.train_and_optimize - INFO - File: covid
2025-01-27 03:14:05,050 - utils.train_and_optimize - INFO - -------Target: daylight_rain-------
2025-01-27 03:14:05,054 - utils.train_and_optimize - INFO - ----------ML model evaluation----------
2025-01-27 03:14:05,055 - utils.train_and_optimize - INFO - Target distribution:
0    1355
1    1245
3     686
2     642
Name: daylight_rain, dtype: int64
2025-01-27 03:14:05,055 - utils.train_and_optimize - INFO - 

Evaluating: ExtraTreesModel CV
2025-01-27 03:14:07,263 - utils.train_and_optimize - INFO - Confusion Matrix:
[[1334   21    0    0]
 [  47 1198    0    0]
 [   0    0  623   19]
 [   0    0   30  656]]
2025-01-27 03:14:09,464 - utils.train_and_optimize - INFO - accuracy: 0.970213849287169
2025-01-27 03:14:09,464 - utils.train_and_optimize - INFO - f1_score: 0.9702073383719353
2025-01-27 03:14:09,464 - utils.train_and_optimize - INFO - precision: 0.9703749206124108
2025-01-27 03:14:09,464 - utils.train_and_optimize - INFO - recall: 0.970213849287169
2025-01-27 03:14:09,465 - utils.train_and_optimize - INFO - roc_auc: 0.9987640317724954
2025-01-27 03:14:09,465 - utils.train_and_optimize - INFO - log_loss: 0.1600949660273085
2025-01-27 03:14:09,465 - utils.train_and_optimize - INFO - macro avg precision: 0.9686623750430806
2025-01-27 03:14:09,465 - utils.train_and_optimize - INFO - macro avg recall: 0.9683560117501014
2025-01-27 03:14:09,465 - utils.train_and_optimize - INFO - macro avg f1-score: 0.9684270048449348
2025-01-27 03:14:09,465 - utils.train_and_optimize - INFO - macro avg support: 3928.0
2025-01-27 03:14:09,465 - utils.train_and_optimize - INFO - weighted avg precision: 0.9703749206124108
2025-01-27 03:14:09,465 - utils.train_and_optimize - INFO - weighted avg recall: 0.970213849287169
2025-01-27 03:14:09,465 - utils.train_and_optimize - INFO - weighted avg f1-score: 0.9702073383719353
2025-01-27 03:14:09,465 - utils.train_and_optimize - INFO - weighted avg support: 3928.0
2025-01-27 03:14:09,468 - utils.train_and_optimize - INFO - Top models:
       ml_model f1_score
ExtraTreesModel   0.9702
2025-01-27 03:14:09,469 - utils.train_and_optimize - INFO - -------------Optimization-------------
2025-01-27 03:14:09,469 - utils.train_and_optimize - INFO - Optimizing: ExtraTreesModel CV
2025-01-27 03:14:09,470 - optimization.optimization_problem - INFO - Initializing BaseOptimizerProblem with cross-validation
2025-01-27 03:16:06,246 - optimization.optimizer - INFO - Model: ExtraTreesModel, Dataset: covid, Best Log Loss: 0.01861329750229588
2025-01-27 03:16:43,654 - utils.train_and_optimize - INFO - Optimized ExtraTreesModel CV by SCA
2025-01-27 03:16:43,654 - utils.train_and_optimize - INFO - accuracy: 0.9974541751527495
2025-01-27 03:16:43,654 - utils.train_and_optimize - INFO - f1_score: 0.9974541244434364
2025-01-27 03:16:43,654 - utils.train_and_optimize - INFO - precision: 0.9974548567557253
2025-01-27 03:16:43,654 - utils.train_and_optimize - INFO - recall: 0.9974541751527495
2025-01-27 03:16:43,654 - utils.train_and_optimize - INFO - roc_auc: 0.999993645290614
2025-01-27 03:16:43,656 - utils.train_and_optimize - INFO - log_loss: 0.0186130416424441
2025-01-27 03:16:47,722 - utils.train_and_optimize - INFO - Optimized ExtraTreesModel by SCA
2025-01-27 03:16:47,723 - utils.train_and_optimize - INFO - accuracy: 0.9987277353689568
2025-01-27 03:16:47,723 - utils.train_and_optimize - INFO - f1_score: 0.998727626939053
2025-01-27 03:16:47,723 - utils.train_and_optimize - INFO - precision: 0.9987324128124533
2025-01-27 03:16:47,724 - utils.train_and_optimize - INFO - recall: 0.9987277353689568
2025-01-27 03:16:47,724 - utils.train_and_optimize - INFO - roc_auc: 1.0
2025-01-27 03:16:47,724 - utils.train_and_optimize - INFO - log_loss: 0.017101386941286732
2025-01-27 03:16:47,871 - utils.train_and_optimize - INFO -    iteration    g_best    runtime         ml_model metaheuristic filename filter_column filter_value         target
0          1  0.033351  34.615792  ExtraTreesModel           SCA    covid          None         None  daylight_rain
1          2  0.018613  35.314420  ExtraTreesModel           SCA    covid          None         None  daylight_rain
2025-01-27 03:16:47,884 - utils.train_and_optimize - INFO - JSON options file saved for covid
2025-01-27 03:16:47,959 - utils.best_eval - INFO - Loading model from C:\Users\tbezdan\Desktop\crAIRsis datasets\EU_cls\models\filename_covid_filter_col_None_filter_val_None_target_daylight_rain_ml_model_ExtraTreesModel_mh_algo_SCA.joblib
2025-01-27 03:16:48,079 - utils.best_eval - INFO - Loading data from C:\Users\tbezdan\Desktop\crAIRsis datasets\EU_cls\data\datasets\filename_covid_filter_col_None_filter_val_None_target_daylight_rain.csv
2025-01-27 03:16:48,214 - utils.best_eval - INFO - filename_covid_filter_col_None_filter_val_None_target_daylight_rain_ml_model_ExtraTreesModel_mh_algo_SCA
2025-01-27 03:16:48,223 - utils.best_eval - INFO - Accuracy: 0.9987277353689568
2025-01-27 03:16:48,224 - utils.best_eval - INFO - F1 Score: 0.998727626939053
2025-01-27 03:16:48,224 - utils.best_eval - INFO - Precision: 0.9987324128124533
2025-01-27 03:16:48,224 - utils.best_eval - INFO - Recall: 0.9987277353689568
2025-01-27 03:16:48,225 - utils.best_eval - INFO - Classification Report: {'0': {'precision': 0.9963235294117647, 'recall': 1.0, 'f1-score': 0.998158379373849, 'support': 271.0}, '1': {'precision': 1.0, 'recall': 0.9959839357429718, 'f1-score': 0.9979879275653923, 'support': 249.0}, '2': {'precision': 1.0, 'recall': 1.0, 'f1-score': 1.0, 'support': 129.0}, '3': {'precision': 1.0, 'recall': 1.0, 'f1-score': 1.0, 'support': 137.0}, 'accuracy': 0.9987277353689568, 'macro avg': {'precision': 0.9990808823529411, 'recall': 0.998995983935743, 'f1-score': 0.9990365767348104, 'support': 786.0}, 'weighted avg': {'precision': 0.9987324128124533, 'recall': 0.9987277353689568, 'f1-score': 0.998727626939053, 'support': 786.0}}
2025-01-27 03:16:48,228 - xai.sage_analysis - INFO - Starting SAGE analysis...
2025-01-27 03:16:48,229 - xai.sage_analysis - INFO - Analyzing model: ExtraTreesModel with mh_algo: SCA for target: daylight_rain, filename: covid, filter value: None
2025-01-27 03:29:23,556 - xai.sage_analysis - INFO - SAGE analysis completed.
2025-01-27 03:29:23,567 - xai.nshap_analysis - INFO - Processing model 1/1: Start
2025-01-27 03:29:23,569 - xai.nshap_analysis - INFO - Loading data and model for filename_covid_filter_col_None_filter_val_None_target_daylight_rain_ml_model_ExtraTreesModel_mh_algo_SCA
2025-01-27 03:29:23,832 - xai.nshap_analysis - INFO - Training new model with the most important features from SAGE
2025-01-27 03:29:24,619 - xai.nshap_analysis - INFO - Saving predictions for the new model
2025-01-27 03:29:24,728 - xai.nshap_analysis - INFO - Predictions saved to C:\Users\tbezdan\Desktop\crAIRsis datasets\EU_cls\data\nshap\filename_covid_filter_col_None_filter_val_None_target_daylight_rain_ml_model_ExtraTreesModel_mh_algo_SCA_predictions.csv
2025-01-27 03:29:24,728 - xai.nshap_analysis - INFO - Initializing nSHAP
2025-01-27 03:29:24,747 - xai.nshap_analysis - INFO - Computing n shapley values
2025-01-27 03:29:24,749 - xai.nshap_analysis - INFO - Instance 0: Predicted class 0
2025-01-27 03:29:24,749 - xai.nshap_analysis - INFO - Instance 1: Predicted class 3
2025-01-27 03:30:03,401 - xai.nshap_analysis - INFO - Computing shapley taylor values
2025-01-27 03:30:03,402 - xai.nshap_analysis - INFO - Instance 0: Predicted class 0
2025-01-27 03:30:03,402 - xai.nshap_analysis - INFO - Instance 1: Predicted class 3
2025-01-27 03:30:43,925 - xai.nshap_analysis - INFO - Computing faith shap values
2025-01-27 03:30:43,926 - xai.nshap_analysis - INFO - Instance 0: Predicted class 0
2025-01-27 03:30:43,927 - xai.nshap_analysis - INFO - Instance 1: Predicted class 3
2025-01-27 03:31:24,951 - xai.nshap_analysis - INFO - Computing shapley interaction index values
2025-01-27 03:31:24,952 - xai.nshap_analysis - INFO - Instance 0: Predicted class 0
2025-01-27 03:31:24,952 - xai.nshap_analysis - INFO - Instance 1: Predicted class 3
2025-01-27 03:32:06,454 - xai.nshap_analysis - INFO - Computing banzhaf interaction index values
2025-01-27 03:32:06,455 - xai.nshap_analysis - INFO - Instance 0: Predicted class 0
2025-01-27 03:32:06,455 - xai.nshap_analysis - INFO - Instance 1: Predicted class 3
2025-01-27 03:32:58,872 - xai.nshap_analysis - INFO - Computing faith banzhaf values
2025-01-27 03:32:58,874 - xai.nshap_analysis - INFO - Instance 0: Predicted class 0
2025-01-27 03:32:58,874 - xai.nshap_analysis - INFO - Instance 1: Predicted class 3
2025-01-27 03:33:39,387 - xai.nshap_analysis - INFO - Computing moebius transform values
2025-01-27 03:33:39,388 - xai.nshap_analysis - INFO - Instance 0: Predicted class 0
2025-01-27 03:33:39,389 - xai.nshap_analysis - INFO - Instance 1: Predicted class 3
2025-01-27 03:34:19,541 - xai.nshap_analysis - INFO - nSHAP completed
2025-01-27 03:34:19,541 - xai.nshap_analysis - INFO - Allclose nSHAP
2025-01-27 03:34:19,844 - xai.nshap_analysis - INFO - Allclose nSHAP completed
2025-01-27 03:36:49,459 - utils.train_and_optimize - INFO - File: covid
2025-01-27 03:36:49,564 - utils.train_and_optimize - INFO - -------Target: daylight_rain-------
2025-01-27 03:36:49,569 - utils.train_and_optimize - INFO - ----------ML model evaluation----------
2025-01-27 03:36:49,569 - utils.train_and_optimize - INFO - Target distribution:
0    1355
1    1245
3     686
2     642
Name: daylight_rain, dtype: int64
2025-01-27 03:36:49,569 - utils.train_and_optimize - INFO - 

Evaluating: BalancedRandomForestCls CV
2025-01-27 03:36:54,231 - utils.train_and_optimize - INFO - Confusion Matrix:
[[1355    0    0    0]
 [   1 1244    0    0]
 [   0    0  642    0]
 [   0    1    1  684]]
2025-01-27 03:36:58,905 - utils.train_and_optimize - INFO - accuracy: 0.9992362525458248
2025-01-27 03:36:58,906 - utils.train_and_optimize - INFO - f1_score: 0.9992360269055072
2025-01-27 03:36:58,906 - utils.train_and_optimize - INFO - precision: 0.9992368362202343
2025-01-27 03:36:58,906 - utils.train_and_optimize - INFO - recall: 0.9992362525458248
2025-01-27 03:36:58,906 - utils.train_and_optimize - INFO - roc_auc: 0.9999988025768716
2025-01-27 03:36:58,906 - utils.train_and_optimize - INFO - log_loss: 0.1223044140107374
2025-01-27 03:36:58,907 - utils.train_and_optimize - INFO - macro avg precision: 0.9992260285171017
2025-01-27 03:36:58,907 - utils.train_and_optimize - INFO - macro avg recall: 0.9990703338133876
2025-01-27 03:36:58,907 - utils.train_and_optimize - INFO - macro avg f1-score: 0.9991474638601812
2025-01-27 03:36:58,907 - utils.train_and_optimize - INFO - macro avg support: 3928.0
2025-01-27 03:36:58,909 - utils.train_and_optimize - INFO - weighted avg precision: 0.9992368362202343
2025-01-27 03:36:58,909 - utils.train_and_optimize - INFO - weighted avg recall: 0.9992362525458248
2025-01-27 03:36:58,909 - utils.train_and_optimize - INFO - weighted avg f1-score: 0.9992360269055072
2025-01-27 03:36:58,909 - utils.train_and_optimize - INFO - weighted avg support: 3928.0
2025-01-27 03:36:58,909 - utils.train_and_optimize - INFO - 

Evaluating: LGBMModel CV
2025-01-27 03:37:00,175 - utils.train_and_optimize - INFO - Confusion Matrix:
[[1355    0    0    0]
 [   0 1245    0    0]
 [   0    0  642    0]
 [   0    0    0  686]]
2025-01-27 03:37:01,614 - utils.train_and_optimize - INFO - accuracy: 1.0
2025-01-27 03:37:01,615 - utils.train_and_optimize - INFO - f1_score: 1.0
2025-01-27 03:37:01,615 - utils.train_and_optimize - INFO - precision: 1.0
2025-01-27 03:37:01,615 - utils.train_and_optimize - INFO - recall: 1.0
2025-01-27 03:37:01,615 - utils.train_and_optimize - INFO - roc_auc: 1.0
2025-01-27 03:37:01,615 - utils.train_and_optimize - INFO - log_loss: 1.023372951894904e-06
2025-01-27 03:37:01,615 - utils.train_and_optimize - INFO - macro avg precision: 1.0
2025-01-27 03:37:01,616 - utils.train_and_optimize - INFO - macro avg recall: 1.0
2025-01-27 03:37:01,616 - utils.train_and_optimize - INFO - macro avg f1-score: 1.0
2025-01-27 03:37:01,616 - utils.train_and_optimize - INFO - macro avg support: 3928.0
2025-01-27 03:37:01,616 - utils.train_and_optimize - INFO - weighted avg precision: 1.0
2025-01-27 03:37:01,616 - utils.train_and_optimize - INFO - weighted avg recall: 1.0
2025-01-27 03:37:01,616 - utils.train_and_optimize - INFO - weighted avg f1-score: 1.0
2025-01-27 03:37:01,616 - utils.train_and_optimize - INFO - weighted avg support: 3928.0
2025-01-27 03:37:01,616 - utils.train_and_optimize - INFO - 

Evaluating: ExtraTreesModel CV
2025-01-27 03:37:03,912 - utils.train_and_optimize - INFO - Confusion Matrix:
[[1334   21    0    0]
 [  47 1198    0    0]
 [   0    0  623   19]
 [   0    0   30  656]]
2025-01-27 03:37:06,222 - utils.train_and_optimize - INFO - accuracy: 0.970213849287169
2025-01-27 03:37:06,223 - utils.train_and_optimize - INFO - f1_score: 0.9702073383719353
2025-01-27 03:37:06,223 - utils.train_and_optimize - INFO - precision: 0.9703749206124108
2025-01-27 03:37:06,223 - utils.train_and_optimize - INFO - recall: 0.970213849287169
2025-01-27 03:37:06,224 - utils.train_and_optimize - INFO - roc_auc: 0.9987640317724954
2025-01-27 03:37:06,224 - utils.train_and_optimize - INFO - log_loss: 0.1600949660273085
2025-01-27 03:37:06,225 - utils.train_and_optimize - INFO - macro avg precision: 0.9686623750430806
2025-01-27 03:37:06,225 - utils.train_and_optimize - INFO - macro avg recall: 0.9683560117501014
2025-01-27 03:37:06,225 - utils.train_and_optimize - INFO - macro avg f1-score: 0.9684270048449348
2025-01-27 03:37:06,225 - utils.train_and_optimize - INFO - macro avg support: 3928.0
2025-01-27 03:37:06,225 - utils.train_and_optimize - INFO - weighted avg precision: 0.9703749206124108
2025-01-27 03:37:06,225 - utils.train_and_optimize - INFO - weighted avg recall: 0.970213849287169
2025-01-27 03:37:06,226 - utils.train_and_optimize - INFO - weighted avg f1-score: 0.9702073383719353
2025-01-27 03:37:06,226 - utils.train_and_optimize - INFO - weighted avg support: 3928.0
2025-01-27 03:37:06,226 - utils.train_and_optimize - INFO - 

Evaluating: HistGradientBoostingCls CV
2025-01-27 03:37:26,701 - utils.train_and_optimize - INFO - Confusion Matrix:
[[1354    1    0    0]
 [   2 1243    0    0]
 [   0    0  642    0]
 [   0    0    2  684]]
2025-01-27 03:37:58,761 - utils.train_and_optimize - INFO - accuracy: 0.9987270875763747
2025-01-27 03:37:58,761 - utils.train_and_optimize - INFO - f1_score: 0.9987270992886039
2025-01-27 03:37:58,762 - utils.train_and_optimize - INFO - precision: 0.9987288396761347
2025-01-27 03:37:58,762 - utils.train_and_optimize - INFO - recall: 0.9987270875763747
2025-01-27 03:37:58,762 - utils.train_and_optimize - INFO - roc_auc: 0.9999971890195304
2025-01-27 03:37:58,762 - utils.train_and_optimize - INFO - log_loss: 0.00515202283146773
2025-01-27 03:37:58,762 - utils.train_and_optimize - INFO - macro avg precision: 0.9986539062908252
2025-01-27 03:37:58,763 - utils.train_and_optimize - INFO - macro avg recall: 0.9986850287555178
2025-01-27 03:37:58,763 - utils.train_and_optimize - INFO - macro avg f1-score: 0.9986682574919412
2025-01-27 03:37:58,763 - utils.train_and_optimize - INFO - macro avg support: 3928.0
2025-01-27 03:37:58,764 - utils.train_and_optimize - INFO - weighted avg precision: 0.9987288396761347
2025-01-27 03:37:58,764 - utils.train_and_optimize - INFO - weighted avg recall: 0.9987270875763747
2025-01-27 03:37:58,764 - utils.train_and_optimize - INFO - weighted avg f1-score: 0.9987270992886039
2025-01-27 03:37:58,764 - utils.train_and_optimize - INFO - weighted avg support: 3928.0
2025-01-27 03:37:58,771 - utils.train_and_optimize - INFO - Top models:
               ml_model f1_score
              LGBMModel   1.0000
BalancedRandomForestCls   0.9992
HistGradientBoostingCls   0.9987
2025-01-27 03:37:58,774 - utils.train_and_optimize - INFO - -------------Optimization-------------
2025-01-27 03:37:58,774 - utils.train_and_optimize - INFO - Optimizing: LGBMModel CV
2025-01-27 03:37:58,775 - optimization.optimization_problem - INFO - Initializing BaseOptimizerProblem with cross-validation
2025-01-27 03:39:45,962 - optimization.optimizer - INFO - Model: LGBMModel, Dataset: covid, Best Log Loss: 0.00040176217259614756
2025-01-27 03:40:08,645 - utils.train_and_optimize - INFO - Optimized LGBMModel CV by SCA
2025-01-27 03:40:08,645 - utils.train_and_optimize - INFO - accuracy: 1.0
2025-01-27 03:40:08,646 - utils.train_and_optimize - INFO - f1_score: 1.0
2025-01-27 03:40:08,646 - utils.train_and_optimize - INFO - precision: 1.0
2025-01-27 03:40:08,646 - utils.train_and_optimize - INFO - recall: 1.0
2025-01-27 03:40:08,647 - utils.train_and_optimize - INFO - roc_auc: 1.0
2025-01-27 03:40:08,647 - utils.train_and_optimize - INFO - log_loss: 0.0004017560712021492
2025-01-27 03:40:11,311 - utils.train_and_optimize - INFO - Optimized LGBMModel by SCA
2025-01-27 03:40:11,312 - utils.train_and_optimize - INFO - accuracy: 1.0
2025-01-27 03:40:11,312 - utils.train_and_optimize - INFO - f1_score: 1.0
2025-01-27 03:40:11,312 - utils.train_and_optimize - INFO - precision: 1.0
2025-01-27 03:40:11,312 - utils.train_and_optimize - INFO - recall: 1.0
2025-01-27 03:40:11,314 - utils.train_and_optimize - INFO - roc_auc: 1.0
2025-01-27 03:40:11,314 - utils.train_and_optimize - INFO - log_loss: 0.0004212478323339119
2025-01-27 03:40:11,655 - utils.train_and_optimize - INFO - Optimizing: BalancedRandomForestCls CV
2025-01-27 03:40:11,656 - optimization.optimization_problem - INFO - Initializing BaseOptimizerProblem with cross-validation
2025-01-27 03:46:34,456 - optimization.optimizer - INFO - Model: BalancedRandomForestCls, Dataset: covid, Best Log Loss: 0.0005802407356770591
2025-01-27 03:49:04,001 - utils.train_and_optimize - INFO - Optimized BalancedRandomForestCls CV by SCA
2025-01-27 03:49:04,001 - utils.train_and_optimize - INFO - accuracy: 1.0
2025-01-27 03:49:04,001 - utils.train_and_optimize - INFO - f1_score: 1.0
2025-01-27 03:49:04,002 - utils.train_and_optimize - INFO - precision: 1.0
2025-01-27 03:49:04,002 - utils.train_and_optimize - INFO - recall: 1.0
2025-01-27 03:49:04,002 - utils.train_and_optimize - INFO - roc_auc: 1.0
2025-01-27 03:49:04,002 - utils.train_and_optimize - INFO - log_loss: 0.0005802264865159311
2025-01-27 03:49:19,412 - utils.train_and_optimize - INFO - Optimized BalancedRandomForestCls by SCA
2025-01-27 03:49:19,412 - utils.train_and_optimize - INFO - accuracy: 1.0
2025-01-27 03:49:19,412 - utils.train_and_optimize - INFO - f1_score: 1.0
2025-01-27 03:49:19,413 - utils.train_and_optimize - INFO - precision: 1.0
2025-01-27 03:49:19,413 - utils.train_and_optimize - INFO - recall: 1.0
2025-01-27 03:49:19,413 - utils.train_and_optimize - INFO - roc_auc: 1.0
2025-01-27 03:49:19,413 - utils.train_and_optimize - INFO - log_loss: 0.0005199715463787532
2025-01-27 03:49:20,137 - utils.train_and_optimize - INFO - Optimizing: HistGradientBoostingCls CV
2025-01-27 03:49:20,138 - optimization.optimization_problem - INFO - Initializing BaseOptimizerProblem with cross-validation
2025-01-27 03:53:00,184 - optimization.optimizer - INFO - Model: HistGradientBoostingCls, Dataset: covid, Best Log Loss: 0.0031409156052448926
2025-01-27 03:53:21,900 - utils.train_and_optimize - INFO - Optimized HistGradientBoostingCls CV by SCA
2025-01-27 03:53:21,901 - utils.train_and_optimize - INFO - accuracy: 0.9982179226069247
2025-01-27 03:53:21,901 - utils.train_and_optimize - INFO - f1_score: 0.9982179412482871
2025-01-27 03:53:21,902 - utils.train_and_optimize - INFO - precision: 0.9982183428120908
2025-01-27 03:53:21,902 - utils.train_and_optimize - INFO - recall: 0.9982179226069247
2025-01-27 03:53:21,902 - utils.train_and_optimize - INFO - roc_auc: 0.9999983657731468
2025-01-27 03:53:21,902 - utils.train_and_optimize - INFO - log_loss: 0.0031410743933814
2025-01-27 03:53:24,342 - utils.train_and_optimize - INFO - Optimized HistGradientBoostingCls by SCA
2025-01-27 03:53:24,343 - utils.train_and_optimize - INFO - accuracy: 0.9987277353689568
2025-01-27 03:53:24,343 - utils.train_and_optimize - INFO - f1_score: 0.998727626939053
2025-01-27 03:53:24,344 - utils.train_and_optimize - INFO - precision: 0.9987324128124533
2025-01-27 03:53:24,344 - utils.train_and_optimize - INFO - recall: 0.9987277353689568
2025-01-27 03:53:24,344 - utils.train_and_optimize - INFO - roc_auc: 0.999996339043854
2025-01-27 03:53:24,344 - utils.train_and_optimize - INFO - log_loss: 0.003128322512593099
2025-01-27 03:53:24,502 - utils.train_and_optimize - INFO -    iteration    g_best     runtime                 ml_model metaheuristic filename filter_column filter_value         target
0          1  0.000402   33.589632                LGBMModel           SCA    covid          None         None  daylight_rain
1          2  0.000402   35.967846                LGBMModel           SCA    covid          None         None  daylight_rain
2          1  0.000580  118.527237  BalancedRandomForestCls           SCA    covid          None         None  daylight_rain
3          2  0.000580  129.893313  BalancedRandomForestCls           SCA    covid          None         None  daylight_rain
4          1  0.003215   59.541096  HistGradientBoostingCls           SCA    covid          None         None  daylight_rain
5          2  0.003141   73.777813  HistGradientBoostingCls           SCA    covid          None         None  daylight_rain
2025-01-27 03:53:24,523 - utils.train_and_optimize - INFO - JSON options file saved for covid
2025-01-27 03:53:24,593 - utils.best_eval - INFO - Loading model from C:\Users\tbezdan\Desktop\crAIRsis datasets\EU_cls\models\filename_covid_filter_col_None_filter_val_None_target_daylight_rain_ml_model_LGBMModel_mh_algo_SCA.joblib
2025-01-27 03:53:24,641 - utils.best_eval - INFO - Loading data from C:\Users\tbezdan\Desktop\crAIRsis datasets\EU_cls\data\datasets\filename_covid_filter_col_None_filter_val_None_target_daylight_rain.csv
2025-01-27 03:53:24,796 - utils.best_eval - INFO - filename_covid_filter_col_None_filter_val_None_target_daylight_rain_ml_model_LGBMModel_mh_algo_SCA
2025-01-27 03:53:24,811 - utils.best_eval - INFO - Accuracy: 1.0
2025-01-27 03:53:24,811 - utils.best_eval - INFO - F1 Score: 1.0
2025-01-27 03:53:24,812 - utils.best_eval - INFO - Precision: 1.0
2025-01-27 03:53:24,812 - utils.best_eval - INFO - Recall: 1.0
2025-01-27 03:53:24,812 - utils.best_eval - INFO - Classification Report: {'0': {'precision': 1.0, 'recall': 1.0, 'f1-score': 1.0, 'support': 271.0}, '1': {'precision': 1.0, 'recall': 1.0, 'f1-score': 1.0, 'support': 249.0}, '2': {'precision': 1.0, 'recall': 1.0, 'f1-score': 1.0, 'support': 129.0}, '3': {'precision': 1.0, 'recall': 1.0, 'f1-score': 1.0, 'support': 137.0}, 'accuracy': 1.0, 'macro avg': {'precision': 1.0, 'recall': 1.0, 'f1-score': 1.0, 'support': 786.0}, 'weighted avg': {'precision': 1.0, 'recall': 1.0, 'f1-score': 1.0, 'support': 786.0}}
2025-01-27 03:53:24,820 - xai.shap_analysis - INFO - Processing model 1/1: Start
2025-01-27 03:53:24,820 - xai.shap_analysis - INFO - Loading data and model for filename_covid_filter_col_None_filter_val_None_target_daylight_rain_ml_model_LGBMModel_mh_algo_SCA
2025-01-27 03:53:24,927 - xai.shap_analysis - INFO - Initializing SHAP explainer
2025-01-27 03:53:27,528 - xai.shap_analysis - INFO - Performing local SHAP analysis for class 0
2025-01-27 03:53:27,766 - xai.shap_analysis - INFO - Analyzing main effects and interactions for class 0
2025-01-27 03:53:27,767 - xai.shap_analysis - INFO - Performing local SHAP analysis for class 1
2025-01-27 03:53:28,020 - xai.shap_analysis - INFO - Analyzing main effects and interactions for class 1
2025-01-27 03:53:28,021 - xai.shap_analysis - INFO - Performing local SHAP analysis for class 2
2025-01-27 03:53:28,251 - xai.shap_analysis - INFO - Analyzing main effects and interactions for class 2
2025-01-27 03:53:28,251 - xai.shap_analysis - INFO - Performing local SHAP analysis for class 3
2025-01-27 03:53:28,499 - xai.shap_analysis - INFO - Analyzing main effects and interactions for class 3
2025-01-27 03:53:29,063 - xai.shap_analysis - INFO - Processing model 1/1: Completed

2025-01-27 03:53:29,072 - xai.shap_analysis - INFO - Processing model 1/1: Start
2025-01-27 03:53:29,073 - xai.shap_analysis - INFO - Loading data and model for filename_covid_filter_col_None_filter_val_None_target_daylight_rain_ml_model_LGBMModel_mh_algo_SCA
2025-01-27 03:53:29,132 - xai.shap_analysis - INFO - Initializing SHAP explainer
2025-01-27 03:53:30,024 - xai.shap_analysis - INFO - Calculating SHAP interaction values
2025-01-27 03:54:10,185 - xai.shap_analysis - INFO - Analyzing main effects and interactions for class 0
2025-01-27 03:54:13,492 - xai.shap_analysis - INFO - Analyzing main effects and interactions for class 1
2025-01-27 03:54:16,637 - xai.shap_analysis - INFO - Analyzing main effects and interactions for class 2
2025-01-27 03:54:19,669 - xai.shap_analysis - INFO - Analyzing main effects and interactions for class 3
2025-01-27 03:54:22,853 - xai.shap_analysis - INFO - Processing model 1/1: Completed

2025-01-27 03:54:22,892 - xai.shap_clustering - INFO - Starting SHAP clustering process.
2025-01-27 03:54:22,893 - xai.shap_clustering - INFO - Processing file: filename_covid_filter_col_None_filter_val_None_target_daylight_rain_ml_model_LGBMModel_mh_algo_SCA_impacts_local.csv
2025-01-27 03:54:22,935 - xai.shap_clustering - INFO - Performing clustering for general data.
2025-01-27 03:54:22,940 - xai.shap_clustering - INFO - Dimensionality reduction method: PaCMAP
2025-01-27 03:54:23,718 - xai.shap_clustering - INFO - Starting subclustering process. Task type: classification
2025-01-27 03:54:23,718 - xai.shap_clustering - INFO - Found 3 unique clusters: [0 1 2]
2025-01-27 03:54:23,718 - xai.shap_clustering - INFO - Processing parent cluster 0.
2025-01-27 03:54:23,720 - xai.shap_clustering - INFO - Cluster 0: Points after probability threshold filter: 208
2025-01-27 03:54:23,726 - xai.shap_clustering - INFO - Parent cluster 0: Found 2 subclusters.
2025-01-27 03:54:23,739 - xai.shap_clustering - INFO - Processing parent cluster 1.
2025-01-27 03:54:23,740 - xai.shap_clustering - INFO - Cluster 1: Points after probability threshold filter: 51
2025-01-27 03:54:23,743 - xai.shap_clustering - INFO - Parent cluster 1: Found 4 subclusters.
2025-01-27 03:54:23,749 - xai.shap_clustering - INFO - Processing parent cluster 2.
2025-01-27 03:54:23,751 - xai.shap_clustering - INFO - Cluster 2: Points after probability threshold filter: 174
2025-01-27 03:54:23,756 - xai.shap_clustering - INFO - Parent cluster 2: Found 2 subclusters.
2025-01-27 03:54:23,767 - xai.shap_clustering - INFO - Subclustering process completed.
2025-01-27 03:54:23,768 - xai.shap_clustering - INFO - Successfully processed file: filename_covid_filter_col_None_filter_val_None_target_daylight_rain_ml_model_LGBMModel_mh_algo_SCA_impacts_local.csv
2025-01-27 03:54:23,768 - xai.shap_clustering - INFO - Processing file: filename_covid_filter_col_None_filter_val_None_target_daylight_rain_ml_model_LGBMModel_mh_algo_SCA_impacts_local_class_0.csv
2025-01-27 03:54:23,786 - xai.shap_clustering - INFO - Performing clustering for class: 0
2025-01-27 03:54:23,790 - xai.shap_clustering - INFO - Dimensionality reduction method: PaCMAP
2025-01-27 03:54:24,807 - xai.shap_clustering - INFO - Starting subclustering process. Task type: classification
2025-01-27 03:54:24,807 - xai.shap_clustering - INFO - Processing subclustering for class label: 0
2025-01-27 03:54:24,808 - xai.shap_clustering - INFO - Found 4 unique clusters: [0 1 2 3]
2025-01-27 03:54:24,808 - xai.shap_clustering - INFO - Processing parent cluster 0.
2025-01-27 03:54:24,809 - xai.shap_clustering - INFO - Cluster 0: Points after probability threshold filter: 82
2025-01-27 03:54:24,814 - xai.shap_clustering - INFO - Parent cluster 0: Found 2 subclusters.
2025-01-27 03:54:24,824 - xai.shap_clustering - INFO - Processing parent cluster 1.
2025-01-27 03:54:24,825 - xai.shap_clustering - INFO - Cluster 1: Points after probability threshold filter: 105
2025-01-27 03:54:24,830 - xai.shap_clustering - INFO - Parent cluster 1: Found 3 subclusters.
2025-01-27 03:54:24,840 - xai.shap_clustering - INFO - Processing parent cluster 2.
2025-01-27 03:54:24,842 - xai.shap_clustering - INFO - Cluster 2: Points after probability threshold filter: 113
2025-01-27 03:54:24,847 - xai.shap_clustering - INFO - Parent cluster 2: Found 7 subclusters.
2025-01-27 03:54:24,859 - xai.shap_clustering - INFO - Processing parent cluster 3.
2025-01-27 03:54:24,859 - xai.shap_clustering - INFO - Cluster 3: Points after probability threshold filter: 104
2025-01-27 03:54:24,864 - xai.shap_clustering - INFO - Parent cluster 3: Found 3 subclusters.
2025-01-27 03:54:24,875 - xai.shap_clustering - INFO - Subclustering process completed.
2025-01-27 03:54:24,875 - xai.shap_clustering - INFO - Successfully processed file: filename_covid_filter_col_None_filter_val_None_target_daylight_rain_ml_model_LGBMModel_mh_algo_SCA_impacts_local_class_0.csv
2025-01-27 03:54:24,876 - xai.shap_clustering - INFO - Processing file: filename_covid_filter_col_None_filter_val_None_target_daylight_rain_ml_model_LGBMModel_mh_algo_SCA_impacts_local_class_1.csv
2025-01-27 03:54:24,894 - xai.shap_clustering - INFO - Performing clustering for class: 1
2025-01-27 03:54:24,900 - xai.shap_clustering - INFO - Dimensionality reduction method: PaCMAP
2025-01-27 03:54:26,391 - xai.shap_clustering - INFO - Starting subclustering process. Task type: classification
2025-01-27 03:54:26,393 - xai.shap_clustering - INFO - Processing subclustering for class label: 1
2025-01-27 03:54:26,393 - xai.shap_clustering - INFO - Found 12 unique clusters: [-1  0  1  2  3  4  5  6  7  8  9 10]
2025-01-27 03:54:26,393 - xai.shap_clustering - INFO - Skipping noise points for cluster -1.
2025-01-27 03:54:26,394 - xai.shap_clustering - INFO - Processing parent cluster 0.
2025-01-27 03:54:26,395 - xai.shap_clustering - INFO - Cluster 0: Points after probability threshold filter: 165
2025-01-27 03:54:26,401 - xai.shap_clustering - INFO - Parent cluster 0: Found 7 subclusters.
2025-01-27 03:54:26,413 - xai.shap_clustering - INFO - Processing parent cluster 1.
2025-01-27 03:54:26,414 - xai.shap_clustering - INFO - Cluster 1: Points after probability threshold filter: 80
2025-01-27 03:54:26,418 - xai.shap_clustering - INFO - Parent cluster 1: Found 3 subclusters.
2025-01-27 03:54:26,429 - xai.shap_clustering - INFO - Processing parent cluster 2.
2025-01-27 03:54:26,430 - xai.shap_clustering - INFO - Cluster 2: Points after probability threshold filter: 30
2025-01-27 03:54:26,434 - xai.shap_clustering - INFO - Parent cluster 2: Found 3 subclusters.
2025-01-27 03:54:26,440 - xai.shap_clustering - INFO - Processing parent cluster 3.
2025-01-27 03:54:26,441 - xai.shap_clustering - INFO - Cluster 3: Points after probability threshold filter: 18
2025-01-27 03:54:26,443 - xai.shap_clustering - INFO - Parent cluster 3: Found 1 subclusters.
2025-01-27 03:54:26,450 - xai.shap_clustering - INFO - Processing parent cluster 4.
2025-01-27 03:54:26,452 - xai.shap_clustering - INFO - Cluster 4: Points after probability threshold filter: 55
2025-01-27 03:54:26,455 - xai.shap_clustering - INFO - Parent cluster 4: Found 4 subclusters.
2025-01-27 03:54:26,463 - xai.shap_clustering - INFO - Processing parent cluster 5.
2025-01-27 03:54:26,464 - xai.shap_clustering - INFO - Cluster 5: Points after probability threshold filter: 18
2025-01-27 03:54:26,467 - xai.shap_clustering - INFO - Parent cluster 5: Found 1 subclusters.
2025-01-27 03:54:26,473 - xai.shap_clustering - INFO - Processing parent cluster 6.
2025-01-27 03:54:26,475 - xai.shap_clustering - INFO - Cluster 6: Points after probability threshold filter: 25
2025-01-27 03:54:26,477 - xai.shap_clustering - INFO - Parent cluster 6: Found 1 subclusters.
2025-01-27 03:54:26,482 - xai.shap_clustering - INFO - Processing parent cluster 7.
2025-01-27 03:54:26,483 - xai.shap_clustering - INFO - Cluster 7: Points after probability threshold filter: 47
2025-01-27 03:54:26,486 - xai.shap_clustering - INFO - Parent cluster 7: Found 4 subclusters.
2025-01-27 03:54:26,494 - xai.shap_clustering - INFO - Processing parent cluster 8.
2025-01-27 03:54:26,495 - xai.shap_clustering - INFO - Cluster 8: Points after probability threshold filter: 28
2025-01-27 03:54:26,497 - xai.shap_clustering - INFO - Parent cluster 8: Found 3 subclusters.
2025-01-27 03:54:26,504 - xai.shap_clustering - INFO - Processing parent cluster 9.
2025-01-27 03:54:26,507 - xai.shap_clustering - INFO - Cluster 9: Points after probability threshold filter: 22
2025-01-27 03:54:26,509 - xai.shap_clustering - INFO - Parent cluster 9: Found 3 subclusters.
2025-01-27 03:54:26,516 - xai.shap_clustering - INFO - Processing parent cluster 10.
2025-01-27 03:54:26,517 - xai.shap_clustering - INFO - Cluster 10: Points after probability threshold filter: 34
2025-01-27 03:54:26,520 - xai.shap_clustering - INFO - Parent cluster 10: Found 3 subclusters.
2025-01-27 03:54:26,528 - xai.shap_clustering - INFO - Subclustering process completed.
2025-01-27 03:54:26,529 - xai.shap_clustering - INFO - Successfully processed file: filename_covid_filter_col_None_filter_val_None_target_daylight_rain_ml_model_LGBMModel_mh_algo_SCA_impacts_local_class_1.csv
2025-01-27 03:54:26,529 - xai.shap_clustering - INFO - Processing file: filename_covid_filter_col_None_filter_val_None_target_daylight_rain_ml_model_LGBMModel_mh_algo_SCA_impacts_local_class_2.csv
2025-01-27 03:54:26,549 - xai.shap_clustering - INFO - Performing clustering for class: 2
2025-01-27 03:54:26,554 - xai.shap_clustering - INFO - Dimensionality reduction method: PaCMAP
2025-01-27 03:54:27,805 - xai.shap_clustering - INFO - Starting subclustering process. Task type: classification
2025-01-27 03:54:27,805 - xai.shap_clustering - INFO - Processing subclustering for class label: 2
2025-01-27 03:54:27,806 - xai.shap_clustering - INFO - Found 7 unique clusters: [-1  0  1  2  3  4  5]
2025-01-27 03:54:27,806 - xai.shap_clustering - INFO - Skipping noise points for cluster -1.
2025-01-27 03:54:27,807 - xai.shap_clustering - INFO - Processing parent cluster 0.
2025-01-27 03:54:27,809 - xai.shap_clustering - INFO - Cluster 0: Points after probability threshold filter: 94
2025-01-27 03:54:27,813 - xai.shap_clustering - INFO - Parent cluster 0: Found 6 subclusters.
2025-01-27 03:54:27,826 - xai.shap_clustering - INFO - Processing parent cluster 1.
2025-01-27 03:54:27,827 - xai.shap_clustering - INFO - Cluster 1: Points after probability threshold filter: 96
2025-01-27 03:54:27,832 - xai.shap_clustering - INFO - Parent cluster 1: Found 2 subclusters.
2025-01-27 03:54:27,843 - xai.shap_clustering - INFO - Processing parent cluster 2.
2025-01-27 03:54:27,843 - xai.shap_clustering - INFO - Cluster 2: Points after probability threshold filter: 48
2025-01-27 03:54:27,847 - xai.shap_clustering - INFO - Parent cluster 2: Found 2 subclusters.
2025-01-27 03:54:27,854 - xai.shap_clustering - INFO - Processing parent cluster 3.
2025-01-27 03:54:27,855 - xai.shap_clustering - INFO - Cluster 3: Points after probability threshold filter: 17
2025-01-27 03:54:27,857 - xai.shap_clustering - INFO - Parent cluster 3: Found 1 subclusters.
2025-01-27 03:54:27,863 - xai.shap_clustering - INFO - Processing parent cluster 4.
2025-01-27 03:54:27,864 - xai.shap_clustering - INFO - Cluster 4: Points after probability threshold filter: 77
2025-01-27 03:54:27,869 - xai.shap_clustering - INFO - Parent cluster 4: Found 6 subclusters.
2025-01-27 03:54:27,878 - xai.shap_clustering - INFO - Processing parent cluster 5.
2025-01-27 03:54:27,879 - xai.shap_clustering - INFO - Cluster 5: Points after probability threshold filter: 83
2025-01-27 03:54:27,884 - xai.shap_clustering - INFO - Parent cluster 5: Found 5 subclusters.
2025-01-27 03:54:27,892 - xai.shap_clustering - INFO - Subclustering process completed.
2025-01-27 03:54:27,892 - xai.shap_clustering - INFO - Successfully processed file: filename_covid_filter_col_None_filter_val_None_target_daylight_rain_ml_model_LGBMModel_mh_algo_SCA_impacts_local_class_2.csv
2025-01-27 03:54:27,894 - xai.shap_clustering - INFO - Processing file: filename_covid_filter_col_None_filter_val_None_target_daylight_rain_ml_model_LGBMModel_mh_algo_SCA_impacts_local_class_3.csv
2025-01-27 03:54:27,913 - xai.shap_clustering - INFO - Performing clustering for class: 3
2025-01-27 03:54:27,919 - xai.shap_clustering - INFO - Dimensionality reduction method: PaCMAP
2025-01-27 03:54:29,480 - xai.shap_clustering - INFO - Starting subclustering process. Task type: classification
2025-01-27 03:54:29,481 - xai.shap_clustering - INFO - Processing subclustering for class label: 3
2025-01-27 03:54:29,481 - xai.shap_clustering - INFO - Found 11 unique clusters: [-1  0  1  2  3  4  5  6  7  8  9]
2025-01-27 03:54:29,481 - xai.shap_clustering - INFO - Skipping noise points for cluster -1.
2025-01-27 03:54:29,482 - xai.shap_clustering - INFO - Processing parent cluster 0.
2025-01-27 03:54:29,483 - xai.shap_clustering - INFO - Cluster 0: Points after probability threshold filter: 51
2025-01-27 03:54:29,487 - xai.shap_clustering - INFO - Parent cluster 0: Found 2 subclusters.
2025-01-27 03:54:29,496 - xai.shap_clustering - INFO - Processing parent cluster 1.
2025-01-27 03:54:29,497 - xai.shap_clustering - INFO - Cluster 1: Points after probability threshold filter: 46
2025-01-27 03:54:29,500 - xai.shap_clustering - INFO - Parent cluster 1: Found 2 subclusters.
2025-01-27 03:54:29,509 - xai.shap_clustering - INFO - Processing parent cluster 2.
2025-01-27 03:54:29,510 - xai.shap_clustering - INFO - Cluster 2: Points after probability threshold filter: 68
2025-01-27 03:54:29,519 - xai.shap_clustering - INFO - Parent cluster 2: Found 2 subclusters.
2025-01-27 03:54:29,530 - xai.shap_clustering - INFO - Processing parent cluster 3.
2025-01-27 03:54:29,531 - xai.shap_clustering - INFO - Cluster 3: Points after probability threshold filter: 64
2025-01-27 03:54:29,536 - xai.shap_clustering - INFO - Parent cluster 3: Found 3 subclusters.
2025-01-27 03:54:29,543 - xai.shap_clustering - INFO - Processing parent cluster 4.
2025-01-27 03:54:29,544 - xai.shap_clustering - INFO - Cluster 4: Points after probability threshold filter: 23
2025-01-27 03:54:29,546 - xai.shap_clustering - INFO - Parent cluster 4: Found 1 subclusters.
2025-01-27 03:54:29,554 - xai.shap_clustering - INFO - Processing parent cluster 5.
2025-01-27 03:54:29,555 - xai.shap_clustering - INFO - Cluster 5: Points after probability threshold filter: 17
2025-01-27 03:54:29,558 - xai.shap_clustering - INFO - Parent cluster 5: Found 1 subclusters.
2025-01-27 03:54:29,562 - xai.shap_clustering - INFO - Processing parent cluster 6.
2025-01-27 03:54:29,565 - xai.shap_clustering - INFO - Cluster 6: Points after probability threshold filter: 17
2025-01-27 03:54:29,568 - xai.shap_clustering - INFO - Parent cluster 6: Found 1 subclusters.
2025-01-27 03:54:29,574 - xai.shap_clustering - INFO - Processing parent cluster 7.
2025-01-27 03:54:29,575 - xai.shap_clustering - INFO - Cluster 7: Points after probability threshold filter: 24
2025-01-27 03:54:29,577 - xai.shap_clustering - INFO - Parent cluster 7: Found 1 subclusters.
2025-01-27 03:54:29,583 - xai.shap_clustering - INFO - Processing parent cluster 8.
2025-01-27 03:54:29,584 - xai.shap_clustering - INFO - Cluster 8: Points after probability threshold filter: 29
2025-01-27 03:54:29,588 - xai.shap_clustering - INFO - Parent cluster 8: Found 3 subclusters.
2025-01-27 03:54:29,594 - xai.shap_clustering - INFO - Processing parent cluster 9.
2025-01-27 03:54:29,595 - xai.shap_clustering - INFO - Cluster 9: Points after probability threshold filter: 32
2025-01-27 03:54:29,598 - xai.shap_clustering - INFO - Parent cluster 9: Found 3 subclusters.
2025-01-27 03:54:29,607 - xai.shap_clustering - INFO - Subclustering process completed.
2025-01-27 03:54:29,608 - xai.shap_clustering - INFO - Successfully processed file: filename_covid_filter_col_None_filter_val_None_target_daylight_rain_ml_model_LGBMModel_mh_algo_SCA_impacts_local_class_3.csv
2025-01-27 03:54:29,608 - xai.shap_clustering - INFO - SHAP clustering process completed.
2025-01-27 03:54:29,612 - xai.sage_analysis - INFO - Starting SAGE analysis...
2025-01-27 03:54:29,613 - xai.sage_analysis - INFO - Analyzing model: LGBMModel with mh_algo: SCA for target: daylight_rain, filename: covid, filter value: None
2025-01-27 04:30:41,190 - xai.sage_analysis - INFO - SAGE analysis completed.
2025-01-27 04:30:41,200 - xai.nshap_analysis - INFO - Processing model 1/1: Start
2025-01-27 04:30:41,202 - xai.nshap_analysis - INFO - Loading data and model for filename_covid_filter_col_None_filter_val_None_target_daylight_rain_ml_model_LGBMModel_mh_algo_SCA
2025-01-27 04:30:41,438 - xai.nshap_analysis - INFO - Training new model with the most important features from SAGE
2025-01-27 04:30:43,402 - xai.nshap_analysis - INFO - Saving predictions for the new model
2025-01-27 04:30:43,472 - xai.nshap_analysis - INFO - Predictions saved to C:\Users\tbezdan\Desktop\crAIRsis datasets\EU_cls\data\nshap\filename_covid_filter_col_None_filter_val_None_target_daylight_rain_ml_model_LGBMModel_mh_algo_SCA_predictions.csv
2025-01-27 04:30:43,473 - xai.nshap_analysis - INFO - Initializing nSHAP
2025-01-27 04:30:43,501 - xai.nshap_analysis - INFO - Computing n shapley values
2025-01-27 04:30:43,507 - xai.nshap_analysis - INFO - Instance 0: Predicted class 0
2025-01-27 04:30:43,508 - xai.nshap_analysis - INFO - Instance 1: Predicted class 3
2025-01-27 04:30:43,508 - xai.nshap_analysis - INFO - Instance 2: Predicted class 0
2025-01-27 04:30:43,509 - xai.nshap_analysis - INFO - Instance 3: Predicted class 2
2025-01-27 04:30:43,509 - xai.nshap_analysis - INFO - Instance 4: Predicted class 0
2025-01-27 04:30:43,509 - xai.nshap_analysis - INFO - Instance 5: Predicted class 0
2025-01-27 04:30:43,510 - xai.nshap_analysis - INFO - Instance 6: Predicted class 3
2025-01-27 04:30:43,510 - xai.nshap_analysis - INFO - Instance 7: Predicted class 0
2025-01-27 04:30:43,512 - xai.nshap_analysis - INFO - Instance 8: Predicted class 1
2025-01-27 04:30:43,512 - xai.nshap_analysis - INFO - Instance 9: Predicted class 2
2025-01-27 04:30:43,513 - xai.nshap_analysis - INFO - Instance 10: Predicted class 3
2025-01-27 04:30:43,513 - xai.nshap_analysis - INFO - Instance 11: Predicted class 1
2025-01-27 04:30:43,513 - xai.nshap_analysis - INFO - Instance 12: Predicted class 2
2025-01-27 04:30:43,514 - xai.nshap_analysis - INFO - Instance 13: Predicted class 0
2025-01-27 04:30:43,514 - xai.nshap_analysis - INFO - Instance 14: Predicted class 0
2025-01-27 04:30:43,515 - xai.nshap_analysis - INFO - Instance 15: Predicted class 0
2025-01-27 04:30:43,515 - xai.nshap_analysis - INFO - Instance 16: Predicted class 0
2025-01-27 04:30:43,516 - xai.nshap_analysis - INFO - Instance 17: Predicted class 3
2025-01-27 04:30:43,516 - xai.nshap_analysis - INFO - Instance 18: Predicted class 2
2025-01-27 04:30:43,517 - xai.nshap_analysis - INFO - Instance 19: Predicted class 0
2025-01-27 04:30:43,521 - xai.nshap_analysis - INFO - Instance 20: Predicted class 1
2025-01-27 04:30:43,522 - xai.nshap_analysis - INFO - Instance 21: Predicted class 2
2025-01-27 04:30:43,523 - xai.nshap_analysis - INFO - Instance 22: Predicted class 0
2025-01-27 04:30:43,523 - xai.nshap_analysis - INFO - Instance 23: Predicted class 0
2025-01-27 04:30:43,524 - xai.nshap_analysis - INFO - Instance 24: Predicted class 3
2025-01-27 04:30:43,524 - xai.nshap_analysis - INFO - Instance 25: Predicted class 1
2025-01-27 04:30:43,525 - xai.nshap_analysis - INFO - Instance 26: Predicted class 1
2025-01-27 04:30:43,525 - xai.nshap_analysis - INFO - Instance 27: Predicted class 2
2025-01-27 04:30:43,526 - xai.nshap_analysis - INFO - Instance 28: Predicted class 3
2025-01-27 04:30:43,527 - xai.nshap_analysis - INFO - Instance 29: Predicted class 3
2025-01-27 04:30:43,527 - xai.nshap_analysis - INFO - Instance 30: Predicted class 2
2025-01-27 04:30:43,534 - xai.nshap_analysis - INFO - Instance 31: Predicted class 3
2025-01-27 04:30:43,548 - xai.nshap_analysis - INFO - Instance 32: Predicted class 3
2025-01-27 04:30:43,549 - xai.nshap_analysis - INFO - Instance 33: Predicted class 1
2025-01-27 04:30:43,551 - xai.nshap_analysis - INFO - Instance 34: Predicted class 1
2025-01-27 04:30:43,551 - xai.nshap_analysis - INFO - Instance 35: Predicted class 3
2025-01-27 04:30:43,552 - xai.nshap_analysis - INFO - Instance 36: Predicted class 2
2025-01-27 04:30:43,552 - xai.nshap_analysis - INFO - Instance 37: Predicted class 1
2025-01-27 04:30:43,553 - xai.nshap_analysis - INFO - Instance 38: Predicted class 1
2025-01-27 04:30:43,553 - xai.nshap_analysis - INFO - Instance 39: Predicted class 2
2025-01-27 04:31:04,268 - xai.nshap_analysis - INFO - Instance 40: Predicted class 1
2025-01-27 04:31:04,269 - xai.nshap_analysis - INFO - Instance 41: Predicted class 2
2025-01-27 04:31:04,269 - xai.nshap_analysis - INFO - Instance 42: Predicted class 2
2025-01-27 04:31:04,270 - xai.nshap_analysis - INFO - Instance 43: Predicted class 2
2025-01-27 04:31:04,270 - xai.nshap_analysis - INFO - Instance 44: Predicted class 0
2025-01-27 04:31:04,270 - xai.nshap_analysis - INFO - Instance 45: Predicted class 0
2025-01-27 04:31:04,270 - xai.nshap_analysis - INFO - Instance 46: Predicted class 1
2025-01-27 04:31:04,271 - xai.nshap_analysis - INFO - Instance 47: Predicted class 1
2025-01-27 04:31:04,271 - xai.nshap_analysis - INFO - Instance 48: Predicted class 3
2025-01-27 04:31:04,271 - xai.nshap_analysis - INFO - Instance 49: Predicted class 0
2025-01-27 04:31:04,271 - xai.nshap_analysis - INFO - Instance 50: Predicted class 3
2025-01-27 04:31:04,272 - xai.nshap_analysis - INFO - Instance 51: Predicted class 0
2025-01-27 04:31:04,272 - xai.nshap_analysis - INFO - Instance 52: Predicted class 2
2025-01-27 04:31:04,276 - xai.nshap_analysis - INFO - Instance 53: Predicted class 0
2025-01-27 04:31:04,276 - xai.nshap_analysis - INFO - Instance 54: Predicted class 1
2025-01-27 04:31:04,277 - xai.nshap_analysis - INFO - Instance 55: Predicted class 2
2025-01-27 04:31:04,277 - xai.nshap_analysis - INFO - Instance 56: Predicted class 0
2025-01-27 04:31:04,277 - xai.nshap_analysis - INFO - Instance 57: Predicted class 1
2025-01-27 04:31:04,278 - xai.nshap_analysis - INFO - Instance 58: Predicted class 0
2025-01-27 04:31:04,278 - xai.nshap_analysis - INFO - Instance 59: Predicted class 2
2025-01-27 04:31:28,326 - xai.nshap_analysis - INFO - Instance 60: Predicted class 3
2025-01-27 04:31:28,327 - xai.nshap_analysis - INFO - Instance 61: Predicted class 0
2025-01-27 04:31:28,327 - xai.nshap_analysis - INFO - Instance 62: Predicted class 2
2025-01-27 04:31:28,328 - xai.nshap_analysis - INFO - Instance 63: Predicted class 2
2025-01-27 04:31:28,328 - xai.nshap_analysis - INFO - Instance 64: Predicted class 1
2025-01-27 04:31:28,328 - xai.nshap_analysis - INFO - Instance 65: Predicted class 1
2025-01-27 04:31:28,328 - xai.nshap_analysis - INFO - Instance 66: Predicted class 1
2025-01-27 04:31:28,328 - xai.nshap_analysis - INFO - Instance 67: Predicted class 3
2025-01-27 04:31:28,329 - xai.nshap_analysis - INFO - Instance 68: Predicted class 0
2025-01-27 04:31:28,329 - xai.nshap_analysis - INFO - Instance 69: Predicted class 2
2025-01-27 04:31:28,329 - xai.nshap_analysis - INFO - Instance 70: Predicted class 0
2025-01-27 04:31:28,329 - xai.nshap_analysis - INFO - Instance 71: Predicted class 1
2025-01-27 04:31:28,330 - xai.nshap_analysis - INFO - Instance 72: Predicted class 0
2025-01-27 04:31:28,330 - xai.nshap_analysis - INFO - Instance 73: Predicted class 3
2025-01-27 04:31:28,330 - xai.nshap_analysis - INFO - Instance 74: Predicted class 1
2025-01-27 04:31:28,330 - xai.nshap_analysis - INFO - Instance 75: Predicted class 1
2025-01-27 04:31:28,330 - xai.nshap_analysis - INFO - Instance 76: Predicted class 1
2025-01-27 04:31:28,334 - xai.nshap_analysis - INFO - Instance 77: Predicted class 3
2025-01-27 04:31:28,335 - xai.nshap_analysis - INFO - Instance 78: Predicted class 0
2025-01-27 04:31:28,336 - xai.nshap_analysis - INFO - Instance 79: Predicted class 0
2025-01-27 04:31:51,893 - xai.nshap_analysis - INFO - Instance 80: Predicted class 3
2025-01-27 04:31:51,894 - xai.nshap_analysis - INFO - Instance 81: Predicted class 0
2025-01-27 04:31:51,894 - xai.nshap_analysis - INFO - Instance 82: Predicted class 3
2025-01-27 04:31:51,894 - xai.nshap_analysis - INFO - Instance 83: Predicted class 0
2025-01-27 04:31:51,895 - xai.nshap_analysis - INFO - Instance 84: Predicted class 0
2025-01-27 04:31:51,895 - xai.nshap_analysis - INFO - Instance 85: Predicted class 0
2025-01-27 04:31:51,895 - xai.nshap_analysis - INFO - Instance 86: Predicted class 0
2025-01-27 04:31:51,895 - xai.nshap_analysis - INFO - Instance 87: Predicted class 0
2025-01-27 04:31:51,896 - xai.nshap_analysis - INFO - Instance 88: Predicted class 0
2025-01-27 04:31:51,896 - xai.nshap_analysis - INFO - Instance 89: Predicted class 3
2025-01-27 04:31:51,896 - xai.nshap_analysis - INFO - Instance 90: Predicted class 2
2025-01-27 04:31:51,896 - xai.nshap_analysis - INFO - Instance 91: Predicted class 0
2025-01-27 04:31:51,896 - xai.nshap_analysis - INFO - Instance 92: Predicted class 1
2025-01-27 04:31:51,897 - xai.nshap_analysis - INFO - Instance 93: Predicted class 0
2025-01-27 04:31:51,897 - xai.nshap_analysis - INFO - Instance 94: Predicted class 0
2025-01-27 04:31:51,901 - xai.nshap_analysis - INFO - Instance 95: Predicted class 1
2025-01-27 04:31:51,901 - xai.nshap_analysis - INFO - Instance 96: Predicted class 3
2025-01-27 04:31:51,902 - xai.nshap_analysis - INFO - Instance 97: Predicted class 1
2025-01-27 04:31:51,902 - xai.nshap_analysis - INFO - Instance 98: Predicted class 0
2025-01-27 04:31:51,902 - xai.nshap_analysis - INFO - Instance 99: Predicted class 1
2025-01-27 04:32:15,892 - xai.nshap_analysis - INFO - Instance 100: Predicted class 0
2025-01-27 04:32:15,893 - xai.nshap_analysis - INFO - Instance 101: Predicted class 1
2025-01-27 04:32:15,894 - xai.nshap_analysis - INFO - Instance 102: Predicted class 1
2025-01-27 04:32:15,894 - xai.nshap_analysis - INFO - Instance 103: Predicted class 1
2025-01-27 04:32:15,894 - xai.nshap_analysis - INFO - Instance 104: Predicted class 0
2025-01-27 04:32:15,894 - xai.nshap_analysis - INFO - Instance 105: Predicted class 0
2025-01-27 04:32:15,894 - xai.nshap_analysis - INFO - Instance 106: Predicted class 0
2025-01-27 04:32:15,895 - xai.nshap_analysis - INFO - Instance 107: Predicted class 3
2025-01-27 04:32:15,895 - xai.nshap_analysis - INFO - Instance 108: Predicted class 0
2025-01-27 04:32:15,895 - xai.nshap_analysis - INFO - Instance 109: Predicted class 1
2025-01-27 04:32:15,895 - xai.nshap_analysis - INFO - Instance 110: Predicted class 0
2025-01-27 04:32:15,895 - xai.nshap_analysis - INFO - Instance 111: Predicted class 2
2025-01-27 04:32:15,896 - xai.nshap_analysis - INFO - Instance 112: Predicted class 0
2025-01-27 04:32:15,896 - xai.nshap_analysis - INFO - Instance 113: Predicted class 0
2025-01-27 04:32:15,896 - xai.nshap_analysis - INFO - Instance 114: Predicted class 0
2025-01-27 04:32:15,896 - xai.nshap_analysis - INFO - Instance 115: Predicted class 0
2025-01-27 04:32:15,897 - xai.nshap_analysis - INFO - Instance 116: Predicted class 0
2025-01-27 04:32:15,897 - xai.nshap_analysis - INFO - Instance 117: Predicted class 3
2025-01-27 04:32:15,901 - xai.nshap_analysis - INFO - Instance 118: Predicted class 0
2025-01-27 04:32:15,901 - xai.nshap_analysis - INFO - Instance 119: Predicted class 1
2025-01-27 04:32:39,361 - xai.nshap_analysis - INFO - Instance 120: Predicted class 0
2025-01-27 04:32:39,362 - xai.nshap_analysis - INFO - Instance 121: Predicted class 2
2025-01-27 04:32:39,362 - xai.nshap_analysis - INFO - Instance 122: Predicted class 3
2025-01-27 04:32:39,363 - xai.nshap_analysis - INFO - Instance 123: Predicted class 0
2025-01-27 04:32:39,363 - xai.nshap_analysis - INFO - Instance 124: Predicted class 0
2025-01-27 04:32:39,363 - xai.nshap_analysis - INFO - Instance 125: Predicted class 1
2025-01-27 04:32:39,363 - xai.nshap_analysis - INFO - Instance 126: Predicted class 0
2025-01-27 04:32:39,363 - xai.nshap_analysis - INFO - Instance 127: Predicted class 0
2025-01-27 04:32:39,364 - xai.nshap_analysis - INFO - Instance 128: Predicted class 2
2025-01-27 04:32:39,364 - xai.nshap_analysis - INFO - Instance 129: Predicted class 2
2025-01-27 04:32:39,364 - xai.nshap_analysis - INFO - Instance 130: Predicted class 1
2025-01-27 04:32:39,364 - xai.nshap_analysis - INFO - Instance 131: Predicted class 2
2025-01-27 04:32:39,365 - xai.nshap_analysis - INFO - Instance 132: Predicted class 1
2025-01-27 04:32:39,365 - xai.nshap_analysis - INFO - Instance 133: Predicted class 1
2025-01-27 04:32:39,365 - xai.nshap_analysis - INFO - Instance 134: Predicted class 0
2025-01-27 04:32:39,365 - xai.nshap_analysis - INFO - Instance 135: Predicted class 0
2025-01-27 04:32:39,365 - xai.nshap_analysis - INFO - Instance 136: Predicted class 1
2025-01-27 04:32:39,371 - xai.nshap_analysis - INFO - Instance 137: Predicted class 1
2025-01-27 04:32:39,371 - xai.nshap_analysis - INFO - Instance 138: Predicted class 1
2025-01-27 04:32:39,372 - xai.nshap_analysis - INFO - Instance 139: Predicted class 1
2025-01-27 04:33:03,139 - xai.nshap_analysis - INFO - Instance 140: Predicted class 3
2025-01-27 04:33:03,140 - xai.nshap_analysis - INFO - Instance 141: Predicted class 3
2025-01-27 04:33:03,140 - xai.nshap_analysis - INFO - Instance 142: Predicted class 3
2025-01-27 04:33:03,140 - xai.nshap_analysis - INFO - Instance 143: Predicted class 1
2025-01-27 04:33:03,140 - xai.nshap_analysis - INFO - Instance 144: Predicted class 0
2025-01-27 04:33:03,141 - xai.nshap_analysis - INFO - Instance 145: Predicted class 2
2025-01-27 04:33:03,141 - xai.nshap_analysis - INFO - Instance 146: Predicted class 0
2025-01-27 04:33:03,141 - xai.nshap_analysis - INFO - Instance 147: Predicted class 1
2025-01-27 04:33:03,141 - xai.nshap_analysis - INFO - Instance 148: Predicted class 0
2025-01-27 04:33:03,141 - xai.nshap_analysis - INFO - Instance 149: Predicted class 2
2025-01-27 04:33:03,142 - xai.nshap_analysis - INFO - Instance 150: Predicted class 1
2025-01-27 04:33:03,142 - xai.nshap_analysis - INFO - Instance 151: Predicted class 3
2025-01-27 04:33:03,142 - xai.nshap_analysis - INFO - Instance 152: Predicted class 3
2025-01-27 04:33:03,142 - xai.nshap_analysis - INFO - Instance 153: Predicted class 1
2025-01-27 04:33:03,142 - xai.nshap_analysis - INFO - Instance 154: Predicted class 1
2025-01-27 04:33:03,143 - xai.nshap_analysis - INFO - Instance 155: Predicted class 3
2025-01-27 04:33:03,143 - xai.nshap_analysis - INFO - Instance 156: Predicted class 2
2025-01-27 04:33:03,147 - xai.nshap_analysis - INFO - Instance 157: Predicted class 1
2025-01-27 04:33:03,147 - xai.nshap_analysis - INFO - Instance 158: Predicted class 0
2025-01-27 04:33:03,148 - xai.nshap_analysis - INFO - Instance 159: Predicted class 2
2025-01-27 04:33:26,539 - xai.nshap_analysis - INFO - Instance 160: Predicted class 0
2025-01-27 04:33:26,540 - xai.nshap_analysis - INFO - Instance 161: Predicted class 1
2025-01-27 04:33:26,541 - xai.nshap_analysis - INFO - Instance 162: Predicted class 0
2025-01-27 04:33:26,541 - xai.nshap_analysis - INFO - Instance 163: Predicted class 0
2025-01-27 04:33:26,541 - xai.nshap_analysis - INFO - Instance 164: Predicted class 2
2025-01-27 04:33:26,541 - xai.nshap_analysis - INFO - Instance 165: Predicted class 1
2025-01-27 04:33:26,542 - xai.nshap_analysis - INFO - Instance 166: Predicted class 1
2025-01-27 04:33:26,542 - xai.nshap_analysis - INFO - Instance 167: Predicted class 1
2025-01-27 04:33:26,542 - xai.nshap_analysis - INFO - Instance 168: Predicted class 2
2025-01-27 04:33:26,542 - xai.nshap_analysis - INFO - Instance 169: Predicted class 1
2025-01-27 04:33:26,543 - xai.nshap_analysis - INFO - Instance 170: Predicted class 1
2025-01-27 04:33:26,543 - xai.nshap_analysis - INFO - Instance 171: Predicted class 1
2025-01-27 04:33:26,543 - xai.nshap_analysis - INFO - Instance 172: Predicted class 2
2025-01-27 04:33:26,543 - xai.nshap_analysis - INFO - Instance 173: Predicted class 2
2025-01-27 04:33:26,543 - xai.nshap_analysis - INFO - Instance 174: Predicted class 1
2025-01-27 04:33:26,544 - xai.nshap_analysis - INFO - Instance 175: Predicted class 1
2025-01-27 04:33:26,544 - xai.nshap_analysis - INFO - Instance 176: Predicted class 0
2025-01-27 04:33:26,548 - xai.nshap_analysis - INFO - Instance 177: Predicted class 1
2025-01-27 04:33:26,548 - xai.nshap_analysis - INFO - Instance 178: Predicted class 0
2025-01-27 04:33:26,549 - xai.nshap_analysis - INFO - Instance 179: Predicted class 2
2025-01-27 04:33:50,267 - xai.nshap_analysis - INFO - Instance 180: Predicted class 1
2025-01-27 04:33:50,267 - xai.nshap_analysis - INFO - Instance 181: Predicted class 1
2025-01-27 04:33:50,268 - xai.nshap_analysis - INFO - Instance 182: Predicted class 3
2025-01-27 04:33:50,268 - xai.nshap_analysis - INFO - Instance 183: Predicted class 2
2025-01-27 04:33:50,268 - xai.nshap_analysis - INFO - Instance 184: Predicted class 1
2025-01-27 04:33:50,268 - xai.nshap_analysis - INFO - Instance 185: Predicted class 1
2025-01-27 04:33:50,269 - xai.nshap_analysis - INFO - Instance 186: Predicted class 2
2025-01-27 04:33:50,269 - xai.nshap_analysis - INFO - Instance 187: Predicted class 0
2025-01-27 04:33:50,269 - xai.nshap_analysis - INFO - Instance 188: Predicted class 1
2025-01-27 04:33:50,269 - xai.nshap_analysis - INFO - Instance 189: Predicted class 0
2025-01-27 04:33:50,270 - xai.nshap_analysis - INFO - Instance 190: Predicted class 1
2025-01-27 04:33:50,270 - xai.nshap_analysis - INFO - Instance 191: Predicted class 3
2025-01-27 04:33:50,270 - xai.nshap_analysis - INFO - Instance 192: Predicted class 1
2025-01-27 04:33:50,271 - xai.nshap_analysis - INFO - Instance 193: Predicted class 3
2025-01-27 04:33:50,275 - xai.nshap_analysis - INFO - Instance 194: Predicted class 0
2025-01-27 04:33:50,275 - xai.nshap_analysis - INFO - Instance 195: Predicted class 3
2025-01-27 04:33:50,276 - xai.nshap_analysis - INFO - Instance 196: Predicted class 0
2025-01-27 04:33:50,276 - xai.nshap_analysis - INFO - Instance 197: Predicted class 1
2025-01-27 04:33:50,276 - xai.nshap_analysis - INFO - Instance 198: Predicted class 2
2025-01-27 04:33:50,276 - xai.nshap_analysis - INFO - Instance 199: Predicted class 2
2025-01-27 04:34:13,828 - xai.nshap_analysis - INFO - Instance 200: Predicted class 3
2025-01-27 04:34:13,829 - xai.nshap_analysis - INFO - Instance 201: Predicted class 1
2025-01-27 04:34:13,829 - xai.nshap_analysis - INFO - Instance 202: Predicted class 1
2025-01-27 04:34:13,830 - xai.nshap_analysis - INFO - Instance 203: Predicted class 1
2025-01-27 04:34:13,830 - xai.nshap_analysis - INFO - Instance 204: Predicted class 1
2025-01-27 04:34:13,830 - xai.nshap_analysis - INFO - Instance 205: Predicted class 1
2025-01-27 04:34:13,830 - xai.nshap_analysis - INFO - Instance 206: Predicted class 1
2025-01-27 04:34:13,831 - xai.nshap_analysis - INFO - Instance 207: Predicted class 3
2025-01-27 04:34:13,831 - xai.nshap_analysis - INFO - Instance 208: Predicted class 1
2025-01-27 04:34:13,831 - xai.nshap_analysis - INFO - Instance 209: Predicted class 2
2025-01-27 04:34:13,831 - xai.nshap_analysis - INFO - Instance 210: Predicted class 0
2025-01-27 04:34:13,832 - xai.nshap_analysis - INFO - Instance 211: Predicted class 3
2025-01-27 04:34:13,832 - xai.nshap_analysis - INFO - Instance 212: Predicted class 2
2025-01-27 04:34:13,832 - xai.nshap_analysis - INFO - Instance 213: Predicted class 1
2025-01-27 04:34:13,832 - xai.nshap_analysis - INFO - Instance 214: Predicted class 2
2025-01-27 04:34:13,833 - xai.nshap_analysis - INFO - Instance 215: Predicted class 2
2025-01-27 04:34:13,833 - xai.nshap_analysis - INFO - Instance 216: Predicted class 2
2025-01-27 04:34:13,833 - xai.nshap_analysis - INFO - Instance 217: Predicted class 1
2025-01-27 04:34:13,833 - xai.nshap_analysis - INFO - Instance 218: Predicted class 1
2025-01-27 04:34:13,833 - xai.nshap_analysis - INFO - Instance 219: Predicted class 2
2025-01-27 04:34:37,506 - xai.nshap_analysis - INFO - Instance 220: Predicted class 1
2025-01-27 04:34:37,507 - xai.nshap_analysis - INFO - Instance 221: Predicted class 3
2025-01-27 04:34:37,507 - xai.nshap_analysis - INFO - Instance 222: Predicted class 3
2025-01-27 04:34:37,507 - xai.nshap_analysis - INFO - Instance 223: Predicted class 0
2025-01-27 04:34:37,507 - xai.nshap_analysis - INFO - Instance 224: Predicted class 3
2025-01-27 04:34:37,508 - xai.nshap_analysis - INFO - Instance 225: Predicted class 2
2025-01-27 04:34:37,508 - xai.nshap_analysis - INFO - Instance 226: Predicted class 2
2025-01-27 04:34:37,508 - xai.nshap_analysis - INFO - Instance 227: Predicted class 1
2025-01-27 04:34:37,508 - xai.nshap_analysis - INFO - Instance 228: Predicted class 0
2025-01-27 04:34:37,509 - xai.nshap_analysis - INFO - Instance 229: Predicted class 3
2025-01-27 04:34:37,509 - xai.nshap_analysis - INFO - Instance 230: Predicted class 2
2025-01-27 04:34:37,509 - xai.nshap_analysis - INFO - Instance 231: Predicted class 3
2025-01-27 04:34:37,509 - xai.nshap_analysis - INFO - Instance 232: Predicted class 3
2025-01-27 04:34:37,509 - xai.nshap_analysis - INFO - Instance 233: Predicted class 0
2025-01-27 04:34:37,510 - xai.nshap_analysis - INFO - Instance 234: Predicted class 0
2025-01-27 04:34:37,510 - xai.nshap_analysis - INFO - Instance 235: Predicted class 0
2025-01-27 04:34:37,510 - xai.nshap_analysis - INFO - Instance 236: Predicted class 1
2025-01-27 04:34:37,510 - xai.nshap_analysis - INFO - Instance 237: Predicted class 3
2025-01-27 04:34:37,511 - xai.nshap_analysis - INFO - Instance 238: Predicted class 1
2025-01-27 04:34:37,511 - xai.nshap_analysis - INFO - Instance 239: Predicted class 3
2025-01-27 04:35:01,012 - xai.nshap_analysis - INFO - Instance 240: Predicted class 2
2025-01-27 04:35:01,012 - xai.nshap_analysis - INFO - Instance 241: Predicted class 1
2025-01-27 04:35:01,013 - xai.nshap_analysis - INFO - Instance 242: Predicted class 0
2025-01-27 04:35:01,013 - xai.nshap_analysis - INFO - Instance 243: Predicted class 2
2025-01-27 04:35:01,013 - xai.nshap_analysis - INFO - Instance 244: Predicted class 1
2025-01-27 04:35:01,013 - xai.nshap_analysis - INFO - Instance 245: Predicted class 0
2025-01-27 04:35:01,014 - xai.nshap_analysis - INFO - Instance 246: Predicted class 2
2025-01-27 04:35:01,014 - xai.nshap_analysis - INFO - Instance 247: Predicted class 1
2025-01-27 04:35:01,014 - xai.nshap_analysis - INFO - Instance 248: Predicted class 3
2025-01-27 04:35:01,014 - xai.nshap_analysis - INFO - Instance 249: Predicted class 2
2025-01-27 04:35:01,014 - xai.nshap_analysis - INFO - Instance 250: Predicted class 2
2025-01-27 04:35:01,015 - xai.nshap_analysis - INFO - Instance 251: Predicted class 1
2025-01-27 04:35:01,015 - xai.nshap_analysis - INFO - Instance 252: Predicted class 1
2025-01-27 04:35:01,015 - xai.nshap_analysis - INFO - Instance 253: Predicted class 0
2025-01-27 04:35:01,015 - xai.nshap_analysis - INFO - Instance 254: Predicted class 3
2025-01-27 04:35:01,016 - xai.nshap_analysis - INFO - Instance 255: Predicted class 0
2025-01-27 04:35:01,020 - xai.nshap_analysis - INFO - Instance 256: Predicted class 3
2025-01-27 04:35:01,020 - xai.nshap_analysis - INFO - Instance 257: Predicted class 0
2025-01-27 04:35:01,021 - xai.nshap_analysis - INFO - Instance 258: Predicted class 0
2025-01-27 04:35:01,021 - xai.nshap_analysis - INFO - Instance 259: Predicted class 0
2025-01-27 04:35:24,796 - xai.nshap_analysis - INFO - Instance 260: Predicted class 1
2025-01-27 04:35:24,797 - xai.nshap_analysis - INFO - Instance 261: Predicted class 3
2025-01-27 04:35:24,797 - xai.nshap_analysis - INFO - Instance 262: Predicted class 0
2025-01-27 04:35:24,797 - xai.nshap_analysis - INFO - Instance 263: Predicted class 2
2025-01-27 04:35:24,798 - xai.nshap_analysis - INFO - Instance 264: Predicted class 0
2025-01-27 04:35:24,798 - xai.nshap_analysis - INFO - Instance 265: Predicted class 1
2025-01-27 04:35:24,798 - xai.nshap_analysis - INFO - Instance 266: Predicted class 1
2025-01-27 04:35:24,798 - xai.nshap_analysis - INFO - Instance 267: Predicted class 2
2025-01-27 04:35:24,799 - xai.nshap_analysis - INFO - Instance 268: Predicted class 1
2025-01-27 04:35:24,799 - xai.nshap_analysis - INFO - Instance 269: Predicted class 0
2025-01-27 04:35:24,799 - xai.nshap_analysis - INFO - Instance 270: Predicted class 0
2025-01-27 04:35:24,799 - xai.nshap_analysis - INFO - Instance 271: Predicted class 3
2025-01-27 04:35:24,800 - xai.nshap_analysis - INFO - Instance 272: Predicted class 2
2025-01-27 04:35:24,800 - xai.nshap_analysis - INFO - Instance 273: Predicted class 0
2025-01-27 04:35:24,800 - xai.nshap_analysis - INFO - Instance 274: Predicted class 0
2025-01-27 04:35:24,800 - xai.nshap_analysis - INFO - Instance 275: Predicted class 1
2025-01-27 04:35:24,800 - xai.nshap_analysis - INFO - Instance 276: Predicted class 0
2025-01-27 04:35:24,804 - xai.nshap_analysis - INFO - Instance 277: Predicted class 0
2025-01-27 04:35:24,805 - xai.nshap_analysis - INFO - Instance 278: Predicted class 3
2025-01-27 04:35:24,805 - xai.nshap_analysis - INFO - Instance 279: Predicted class 1
2025-01-27 04:35:48,743 - xai.nshap_analysis - INFO - Instance 280: Predicted class 1
2025-01-27 04:35:48,744 - xai.nshap_analysis - INFO - Instance 281: Predicted class 3
2025-01-27 04:35:48,744 - xai.nshap_analysis - INFO - Instance 282: Predicted class 0
2025-01-27 04:35:48,744 - xai.nshap_analysis - INFO - Instance 283: Predicted class 1
2025-01-27 04:35:48,745 - xai.nshap_analysis - INFO - Instance 284: Predicted class 3
2025-01-27 04:35:48,745 - xai.nshap_analysis - INFO - Instance 285: Predicted class 1
2025-01-27 04:35:48,745 - xai.nshap_analysis - INFO - Instance 286: Predicted class 2
2025-01-27 04:35:48,745 - xai.nshap_analysis - INFO - Instance 287: Predicted class 2
2025-01-27 04:35:48,746 - xai.nshap_analysis - INFO - Instance 288: Predicted class 0
2025-01-27 04:35:48,746 - xai.nshap_analysis - INFO - Instance 289: Predicted class 1
2025-01-27 04:35:48,746 - xai.nshap_analysis - INFO - Instance 290: Predicted class 0
2025-01-27 04:35:48,746 - xai.nshap_analysis - INFO - Instance 291: Predicted class 0
2025-01-27 04:35:48,746 - xai.nshap_analysis - INFO - Instance 292: Predicted class 2
2025-01-27 04:35:48,747 - xai.nshap_analysis - INFO - Instance 293: Predicted class 2
2025-01-27 04:35:48,747 - xai.nshap_analysis - INFO - Instance 294: Predicted class 1
2025-01-27 04:35:48,747 - xai.nshap_analysis - INFO - Instance 295: Predicted class 0
2025-01-27 04:35:48,747 - xai.nshap_analysis - INFO - Instance 296: Predicted class 2
2025-01-27 04:35:48,751 - xai.nshap_analysis - INFO - Instance 297: Predicted class 0
2025-01-27 04:35:48,752 - xai.nshap_analysis - INFO - Instance 298: Predicted class 0
2025-01-27 04:35:48,752 - xai.nshap_analysis - INFO - Instance 299: Predicted class 1
2025-01-27 04:36:12,782 - xai.nshap_analysis - INFO - Instance 300: Predicted class 0
2025-01-27 04:36:12,783 - xai.nshap_analysis - INFO - Instance 301: Predicted class 1
2025-01-27 04:36:12,783 - xai.nshap_analysis - INFO - Instance 302: Predicted class 3
2025-01-27 04:36:12,784 - xai.nshap_analysis - INFO - Instance 303: Predicted class 2
2025-01-27 04:36:12,784 - xai.nshap_analysis - INFO - Instance 304: Predicted class 1
2025-01-27 04:36:12,784 - xai.nshap_analysis - INFO - Instance 305: Predicted class 0
2025-01-27 04:36:12,784 - xai.nshap_analysis - INFO - Instance 306: Predicted class 3
2025-01-27 04:36:12,784 - xai.nshap_analysis - INFO - Instance 307: Predicted class 1
2025-01-27 04:36:12,785 - xai.nshap_analysis - INFO - Instance 308: Predicted class 0
2025-01-27 04:36:12,785 - xai.nshap_analysis - INFO - Instance 309: Predicted class 0
2025-01-27 04:36:12,785 - xai.nshap_analysis - INFO - Instance 310: Predicted class 1
2025-01-27 04:36:12,785 - xai.nshap_analysis - INFO - Instance 311: Predicted class 1
2025-01-27 04:36:12,786 - xai.nshap_analysis - INFO - Instance 312: Predicted class 0
2025-01-27 04:36:12,786 - xai.nshap_analysis - INFO - Instance 313: Predicted class 0
2025-01-27 04:36:12,786 - xai.nshap_analysis - INFO - Instance 314: Predicted class 0
2025-01-27 04:36:12,786 - xai.nshap_analysis - INFO - Instance 315: Predicted class 1
2025-01-27 04:36:12,786 - xai.nshap_analysis - INFO - Instance 316: Predicted class 0
2025-01-27 04:36:12,787 - xai.nshap_analysis - INFO - Instance 317: Predicted class 0
2025-01-27 04:36:12,787 - xai.nshap_analysis - INFO - Instance 318: Predicted class 0
2025-01-27 04:36:12,787 - xai.nshap_analysis - INFO - Instance 319: Predicted class 1
2025-01-27 04:36:36,310 - xai.nshap_analysis - INFO - Instance 320: Predicted class 0
2025-01-27 04:36:36,311 - xai.nshap_analysis - INFO - Instance 321: Predicted class 2
2025-01-27 04:36:36,311 - xai.nshap_analysis - INFO - Instance 322: Predicted class 0
2025-01-27 04:36:36,312 - xai.nshap_analysis - INFO - Instance 323: Predicted class 0
2025-01-27 04:36:36,312 - xai.nshap_analysis - INFO - Instance 324: Predicted class 3
2025-01-27 04:36:36,312 - xai.nshap_analysis - INFO - Instance 325: Predicted class 2
2025-01-27 04:36:36,312 - xai.nshap_analysis - INFO - Instance 326: Predicted class 0
2025-01-27 04:36:36,313 - xai.nshap_analysis - INFO - Instance 327: Predicted class 0
2025-01-27 04:36:36,313 - xai.nshap_analysis - INFO - Instance 328: Predicted class 0
2025-01-27 04:36:36,313 - xai.nshap_analysis - INFO - Instance 329: Predicted class 3
2025-01-27 04:36:36,313 - xai.nshap_analysis - INFO - Instance 330: Predicted class 0
2025-01-27 04:36:36,313 - xai.nshap_analysis - INFO - Instance 331: Predicted class 0
2025-01-27 04:36:36,314 - xai.nshap_analysis - INFO - Instance 332: Predicted class 0
2025-01-27 04:36:36,314 - xai.nshap_analysis - INFO - Instance 333: Predicted class 1
2025-01-27 04:36:36,314 - xai.nshap_analysis - INFO - Instance 334: Predicted class 1
2025-01-27 04:36:36,314 - xai.nshap_analysis - INFO - Instance 335: Predicted class 2
2025-01-27 04:36:36,315 - xai.nshap_analysis - INFO - Instance 336: Predicted class 0
2025-01-27 04:36:36,315 - xai.nshap_analysis - INFO - Instance 337: Predicted class 0
2025-01-27 04:36:36,315 - xai.nshap_analysis - INFO - Instance 338: Predicted class 2
2025-01-27 04:36:36,315 - xai.nshap_analysis - INFO - Instance 339: Predicted class 3
2025-01-27 04:36:59,704 - xai.nshap_analysis - INFO - Instance 340: Predicted class 1
2025-01-27 04:36:59,705 - xai.nshap_analysis - INFO - Instance 341: Predicted class 3
2025-01-27 04:36:59,705 - xai.nshap_analysis - INFO - Instance 342: Predicted class 0
2025-01-27 04:36:59,706 - xai.nshap_analysis - INFO - Instance 343: Predicted class 1
2025-01-27 04:36:59,706 - xai.nshap_analysis - INFO - Instance 344: Predicted class 0
2025-01-27 04:36:59,706 - xai.nshap_analysis - INFO - Instance 345: Predicted class 1
2025-01-27 04:36:59,706 - xai.nshap_analysis - INFO - Instance 346: Predicted class 2
2025-01-27 04:36:59,707 - xai.nshap_analysis - INFO - Instance 347: Predicted class 1
2025-01-27 04:36:59,707 - xai.nshap_analysis - INFO - Instance 348: Predicted class 3
2025-01-27 04:36:59,707 - xai.nshap_analysis - INFO - Instance 349: Predicted class 1
2025-01-27 04:36:59,707 - xai.nshap_analysis - INFO - Instance 350: Predicted class 2
2025-01-27 04:36:59,708 - xai.nshap_analysis - INFO - Instance 351: Predicted class 0
2025-01-27 04:36:59,708 - xai.nshap_analysis - INFO - Instance 352: Predicted class 1
2025-01-27 04:36:59,708 - xai.nshap_analysis - INFO - Instance 353: Predicted class 0
2025-01-27 04:36:59,708 - xai.nshap_analysis - INFO - Instance 354: Predicted class 3
2025-01-27 04:36:59,708 - xai.nshap_analysis - INFO - Instance 355: Predicted class 0
2025-01-27 04:36:59,712 - xai.nshap_analysis - INFO - Instance 356: Predicted class 0
2025-01-27 04:36:59,713 - xai.nshap_analysis - INFO - Instance 357: Predicted class 2
2025-01-27 04:36:59,713 - xai.nshap_analysis - INFO - Instance 358: Predicted class 1
2025-01-27 04:36:59,714 - xai.nshap_analysis - INFO - Instance 359: Predicted class 0
2025-01-27 04:37:26,411 - xai.nshap_analysis - INFO - Instance 360: Predicted class 0
2025-01-27 04:37:26,412 - xai.nshap_analysis - INFO - Instance 361: Predicted class 0
2025-01-27 04:37:26,412 - xai.nshap_analysis - INFO - Instance 362: Predicted class 2
2025-01-27 04:37:26,412 - xai.nshap_analysis - INFO - Instance 363: Predicted class 3
2025-01-27 04:37:26,412 - xai.nshap_analysis - INFO - Instance 364: Predicted class 1
2025-01-27 04:37:26,412 - xai.nshap_analysis - INFO - Instance 365: Predicted class 0
2025-01-27 04:37:26,413 - xai.nshap_analysis - INFO - Instance 366: Predicted class 0
2025-01-27 04:37:26,413 - xai.nshap_analysis - INFO - Instance 367: Predicted class 0
2025-01-27 04:37:26,413 - xai.nshap_analysis - INFO - Instance 368: Predicted class 1
2025-01-27 04:37:26,413 - xai.nshap_analysis - INFO - Instance 369: Predicted class 1
2025-01-27 04:37:26,413 - xai.nshap_analysis - INFO - Instance 370: Predicted class 0
2025-01-27 04:37:26,413 - xai.nshap_analysis - INFO - Instance 371: Predicted class 1
2025-01-27 04:37:26,413 - xai.nshap_analysis - INFO - Instance 372: Predicted class 2
2025-01-27 04:37:26,414 - xai.nshap_analysis - INFO - Instance 373: Predicted class 1
2025-01-27 04:37:26,414 - xai.nshap_analysis - INFO - Instance 374: Predicted class 1
2025-01-27 04:37:26,414 - xai.nshap_analysis - INFO - Instance 375: Predicted class 1
2025-01-27 04:37:26,414 - xai.nshap_analysis - INFO - Instance 376: Predicted class 2
2025-01-27 04:37:26,414 - xai.nshap_analysis - INFO - Instance 377: Predicted class 0
2025-01-27 04:37:26,414 - xai.nshap_analysis - INFO - Instance 378: Predicted class 3
2025-01-27 04:37:26,414 - xai.nshap_analysis - INFO - Instance 379: Predicted class 1
2025-01-27 04:37:51,525 - xai.nshap_analysis - INFO - Instance 380: Predicted class 1
2025-01-27 04:37:51,526 - xai.nshap_analysis - INFO - Instance 381: Predicted class 3
2025-01-27 04:37:51,526 - xai.nshap_analysis - INFO - Instance 382: Predicted class 3
2025-01-27 04:37:51,526 - xai.nshap_analysis - INFO - Instance 383: Predicted class 3
2025-01-27 04:37:51,527 - xai.nshap_analysis - INFO - Instance 384: Predicted class 0
2025-01-27 04:37:51,527 - xai.nshap_analysis - INFO - Instance 385: Predicted class 1
2025-01-27 04:37:51,527 - xai.nshap_analysis - INFO - Instance 386: Predicted class 3
2025-01-27 04:37:51,527 - xai.nshap_analysis - INFO - Instance 387: Predicted class 2
2025-01-27 04:37:51,528 - xai.nshap_analysis - INFO - Instance 388: Predicted class 2
2025-01-27 04:37:51,528 - xai.nshap_analysis - INFO - Instance 389: Predicted class 0
2025-01-27 04:37:51,528 - xai.nshap_analysis - INFO - Instance 390: Predicted class 1
2025-01-27 04:37:51,528 - xai.nshap_analysis - INFO - Instance 391: Predicted class 1
2025-01-27 04:37:51,529 - xai.nshap_analysis - INFO - Instance 392: Predicted class 0
2025-01-27 04:37:51,529 - xai.nshap_analysis - INFO - Instance 393: Predicted class 0
2025-01-27 04:37:51,529 - xai.nshap_analysis - INFO - Instance 394: Predicted class 2
2025-01-27 04:37:51,529 - xai.nshap_analysis - INFO - Instance 395: Predicted class 3
2025-01-27 04:37:51,529 - xai.nshap_analysis - INFO - Instance 396: Predicted class 0
2025-01-27 04:37:51,534 - xai.nshap_analysis - INFO - Instance 397: Predicted class 1
2025-01-27 04:37:51,534 - xai.nshap_analysis - INFO - Instance 398: Predicted class 2
2025-01-27 04:37:51,534 - xai.nshap_analysis - INFO - Instance 399: Predicted class 1
2025-01-27 04:38:17,021 - xai.nshap_analysis - INFO - Instance 400: Predicted class 2
2025-01-27 04:38:17,022 - xai.nshap_analysis - INFO - Instance 401: Predicted class 3
2025-01-27 04:38:17,022 - xai.nshap_analysis - INFO - Instance 402: Predicted class 3
2025-01-27 04:38:17,022 - xai.nshap_analysis - INFO - Instance 403: Predicted class 0
2025-01-27 04:38:17,023 - xai.nshap_analysis - INFO - Instance 404: Predicted class 2
2025-01-27 04:38:17,023 - xai.nshap_analysis - INFO - Instance 405: Predicted class 0
2025-01-27 04:38:17,023 - xai.nshap_analysis - INFO - Instance 406: Predicted class 0
2025-01-27 04:38:17,023 - xai.nshap_analysis - INFO - Instance 407: Predicted class 1
2025-01-27 04:38:17,023 - xai.nshap_analysis - INFO - Instance 408: Predicted class 0
2025-01-27 04:38:17,024 - xai.nshap_analysis - INFO - Instance 409: Predicted class 1
2025-01-27 04:38:17,024 - xai.nshap_analysis - INFO - Instance 410: Predicted class 2
2025-01-27 04:38:17,024 - xai.nshap_analysis - INFO - Instance 411: Predicted class 3
2025-01-27 04:38:17,024 - xai.nshap_analysis - INFO - Instance 412: Predicted class 0
2025-01-27 04:38:17,024 - xai.nshap_analysis - INFO - Instance 413: Predicted class 0
2025-01-27 04:38:17,024 - xai.nshap_analysis - INFO - Instance 414: Predicted class 2
2025-01-27 04:38:17,025 - xai.nshap_analysis - INFO - Instance 415: Predicted class 0
2025-01-27 04:38:17,025 - xai.nshap_analysis - INFO - Instance 416: Predicted class 2
2025-01-27 04:38:17,025 - xai.nshap_analysis - INFO - Instance 417: Predicted class 0
2025-01-27 04:38:17,025 - xai.nshap_analysis - INFO - Instance 418: Predicted class 1
2025-01-27 04:38:17,025 - xai.nshap_analysis - INFO - Instance 419: Predicted class 3
2025-01-27 04:38:41,938 - xai.nshap_analysis - INFO - Instance 420: Predicted class 3
2025-01-27 04:38:41,938 - xai.nshap_analysis - INFO - Instance 421: Predicted class 3
2025-01-27 04:38:41,939 - xai.nshap_analysis - INFO - Instance 422: Predicted class 2
2025-01-27 04:38:41,939 - xai.nshap_analysis - INFO - Instance 423: Predicted class 1
2025-01-27 04:38:41,939 - xai.nshap_analysis - INFO - Instance 424: Predicted class 0
2025-01-27 04:38:41,939 - xai.nshap_analysis - INFO - Instance 425: Predicted class 0
2025-01-27 04:38:41,940 - xai.nshap_analysis - INFO - Instance 426: Predicted class 0
2025-01-27 04:38:41,940 - xai.nshap_analysis - INFO - Instance 427: Predicted class 1
2025-01-27 04:38:41,940 - xai.nshap_analysis - INFO - Instance 428: Predicted class 1
2025-01-27 04:38:41,940 - xai.nshap_analysis - INFO - Instance 429: Predicted class 0
2025-01-27 04:38:41,941 - xai.nshap_analysis - INFO - Instance 430: Predicted class 0
2025-01-27 04:38:41,941 - xai.nshap_analysis - INFO - Instance 431: Predicted class 3
2025-01-27 04:38:41,941 - xai.nshap_analysis - INFO - Instance 432: Predicted class 1
2025-01-27 04:38:41,941 - xai.nshap_analysis - INFO - Instance 433: Predicted class 1
2025-01-27 04:38:41,941 - xai.nshap_analysis - INFO - Instance 434: Predicted class 0
2025-01-27 04:38:41,942 - xai.nshap_analysis - INFO - Instance 435: Predicted class 2
2025-01-27 04:38:41,946 - xai.nshap_analysis - INFO - Instance 436: Predicted class 1
2025-01-27 04:38:41,946 - xai.nshap_analysis - INFO - Instance 437: Predicted class 0
2025-01-27 04:38:41,947 - xai.nshap_analysis - INFO - Instance 438: Predicted class 3
2025-01-27 04:38:41,947 - xai.nshap_analysis - INFO - Instance 439: Predicted class 0
2025-01-27 04:39:05,893 - xai.nshap_analysis - INFO - Instance 440: Predicted class 0
2025-01-27 04:39:05,893 - xai.nshap_analysis - INFO - Instance 441: Predicted class 1
2025-01-27 04:39:05,894 - xai.nshap_analysis - INFO - Instance 442: Predicted class 3
2025-01-27 04:39:05,894 - xai.nshap_analysis - INFO - Instance 443: Predicted class 0
2025-01-27 04:39:05,894 - xai.nshap_analysis - INFO - Instance 444: Predicted class 0
2025-01-27 04:39:05,894 - xai.nshap_analysis - INFO - Instance 445: Predicted class 2
2025-01-27 04:39:05,895 - xai.nshap_analysis - INFO - Instance 446: Predicted class 3
2025-01-27 04:39:05,895 - xai.nshap_analysis - INFO - Instance 447: Predicted class 3
2025-01-27 04:39:05,895 - xai.nshap_analysis - INFO - Instance 448: Predicted class 0
2025-01-27 04:39:05,895 - xai.nshap_analysis - INFO - Instance 449: Predicted class 1
2025-01-27 04:39:05,896 - xai.nshap_analysis - INFO - Instance 450: Predicted class 1
2025-01-27 04:39:05,896 - xai.nshap_analysis - INFO - Instance 451: Predicted class 3
2025-01-27 04:39:05,896 - xai.nshap_analysis - INFO - Instance 452: Predicted class 3
2025-01-27 04:39:05,896 - xai.nshap_analysis - INFO - Instance 453: Predicted class 3
2025-01-27 04:39:05,896 - xai.nshap_analysis - INFO - Instance 454: Predicted class 1
2025-01-27 04:39:05,897 - xai.nshap_analysis - INFO - Instance 455: Predicted class 0
2025-01-27 04:39:05,897 - xai.nshap_analysis - INFO - Instance 456: Predicted class 3
2025-01-27 04:39:05,897 - xai.nshap_analysis - INFO - Instance 457: Predicted class 0
2025-01-27 04:39:05,898 - xai.nshap_analysis - INFO - Instance 458: Predicted class 3
2025-01-27 04:39:05,898 - xai.nshap_analysis - INFO - Instance 459: Predicted class 1
2025-01-27 04:39:29,876 - xai.nshap_analysis - INFO - Instance 460: Predicted class 1
2025-01-27 04:39:29,877 - xai.nshap_analysis - INFO - Instance 461: Predicted class 0
2025-01-27 04:39:29,877 - xai.nshap_analysis - INFO - Instance 462: Predicted class 0
2025-01-27 04:39:29,878 - xai.nshap_analysis - INFO - Instance 463: Predicted class 0
2025-01-27 04:39:29,878 - xai.nshap_analysis - INFO - Instance 464: Predicted class 0
2025-01-27 04:39:29,878 - xai.nshap_analysis - INFO - Instance 465: Predicted class 2
2025-01-27 04:39:29,878 - xai.nshap_analysis - INFO - Instance 466: Predicted class 1
2025-01-27 04:39:29,879 - xai.nshap_analysis - INFO - Instance 467: Predicted class 1
2025-01-27 04:39:29,879 - xai.nshap_analysis - INFO - Instance 468: Predicted class 0
2025-01-27 04:39:29,879 - xai.nshap_analysis - INFO - Instance 469: Predicted class 0
2025-01-27 04:39:29,879 - xai.nshap_analysis - INFO - Instance 470: Predicted class 3
2025-01-27 04:39:29,879 - xai.nshap_analysis - INFO - Instance 471: Predicted class 1
2025-01-27 04:39:29,880 - xai.nshap_analysis - INFO - Instance 472: Predicted class 3
2025-01-27 04:39:29,880 - xai.nshap_analysis - INFO - Instance 473: Predicted class 0
2025-01-27 04:39:29,880 - xai.nshap_analysis - INFO - Instance 474: Predicted class 0
2025-01-27 04:39:29,880 - xai.nshap_analysis - INFO - Instance 475: Predicted class 1
2025-01-27 04:39:29,881 - xai.nshap_analysis - INFO - Instance 476: Predicted class 1
2025-01-27 04:39:29,881 - xai.nshap_analysis - INFO - Instance 477: Predicted class 1
2025-01-27 04:39:29,881 - xai.nshap_analysis - INFO - Instance 478: Predicted class 3
2025-01-27 04:39:29,881 - xai.nshap_analysis - INFO - Instance 479: Predicted class 3
2025-01-27 04:39:53,611 - xai.nshap_analysis - INFO - Instance 480: Predicted class 1
2025-01-27 04:39:53,612 - xai.nshap_analysis - INFO - Instance 481: Predicted class 2
2025-01-27 04:39:53,612 - xai.nshap_analysis - INFO - Instance 482: Predicted class 0
2025-01-27 04:39:53,612 - xai.nshap_analysis - INFO - Instance 483: Predicted class 2
2025-01-27 04:39:53,613 - xai.nshap_analysis - INFO - Instance 484: Predicted class 1
2025-01-27 04:39:53,613 - xai.nshap_analysis - INFO - Instance 485: Predicted class 1
2025-01-27 04:39:53,613 - xai.nshap_analysis - INFO - Instance 486: Predicted class 0
2025-01-27 04:39:53,613 - xai.nshap_analysis - INFO - Instance 487: Predicted class 0
2025-01-27 04:39:53,613 - xai.nshap_analysis - INFO - Instance 488: Predicted class 2
2025-01-27 04:39:53,614 - xai.nshap_analysis - INFO - Instance 489: Predicted class 1
2025-01-27 04:39:53,614 - xai.nshap_analysis - INFO - Instance 490: Predicted class 0
2025-01-27 04:39:53,614 - xai.nshap_analysis - INFO - Instance 491: Predicted class 1
2025-01-27 04:39:53,615 - xai.nshap_analysis - INFO - Instance 492: Predicted class 1
2025-01-27 04:39:53,615 - xai.nshap_analysis - INFO - Instance 493: Predicted class 0
2025-01-27 04:39:53,615 - xai.nshap_analysis - INFO - Instance 494: Predicted class 1
2025-01-27 04:39:53,616 - xai.nshap_analysis - INFO - Instance 495: Predicted class 2
2025-01-27 04:39:53,620 - xai.nshap_analysis - INFO - Instance 496: Predicted class 0
2025-01-27 04:39:53,621 - xai.nshap_analysis - INFO - Instance 497: Predicted class 3
2025-01-27 04:39:53,621 - xai.nshap_analysis - INFO - Instance 498: Predicted class 1
2025-01-27 04:39:53,622 - xai.nshap_analysis - INFO - Instance 499: Predicted class 0
2025-01-27 04:40:17,519 - xai.nshap_analysis - INFO - Instance 500: Predicted class 3
2025-01-27 04:40:17,520 - xai.nshap_analysis - INFO - Instance 501: Predicted class 2
2025-01-27 04:40:17,520 - xai.nshap_analysis - INFO - Instance 502: Predicted class 1
2025-01-27 04:40:17,520 - xai.nshap_analysis - INFO - Instance 503: Predicted class 1
2025-01-27 04:40:17,521 - xai.nshap_analysis - INFO - Instance 504: Predicted class 3
2025-01-27 04:40:17,521 - xai.nshap_analysis - INFO - Instance 505: Predicted class 2
2025-01-27 04:40:17,521 - xai.nshap_analysis - INFO - Instance 506: Predicted class 0
2025-01-27 04:40:17,521 - xai.nshap_analysis - INFO - Instance 507: Predicted class 0
2025-01-27 04:40:17,521 - xai.nshap_analysis - INFO - Instance 508: Predicted class 3
2025-01-27 04:40:17,522 - xai.nshap_analysis - INFO - Instance 509: Predicted class 2
2025-01-27 04:40:17,522 - xai.nshap_analysis - INFO - Instance 510: Predicted class 3
2025-01-27 04:40:17,522 - xai.nshap_analysis - INFO - Instance 511: Predicted class 0
2025-01-27 04:40:17,522 - xai.nshap_analysis - INFO - Instance 512: Predicted class 2
2025-01-27 04:40:17,523 - xai.nshap_analysis - INFO - Instance 513: Predicted class 1
2025-01-27 04:40:17,523 - xai.nshap_analysis - INFO - Instance 514: Predicted class 0
2025-01-27 04:40:17,523 - xai.nshap_analysis - INFO - Instance 515: Predicted class 0
2025-01-27 04:40:17,523 - xai.nshap_analysis - INFO - Instance 516: Predicted class 1
2025-01-27 04:40:17,523 - xai.nshap_analysis - INFO - Instance 517: Predicted class 2
2025-01-27 04:40:17,524 - xai.nshap_analysis - INFO - Instance 518: Predicted class 0
2025-01-27 04:40:17,528 - xai.nshap_analysis - INFO - Instance 519: Predicted class 3
2025-01-27 04:40:41,360 - xai.nshap_analysis - INFO - Instance 520: Predicted class 1
2025-01-27 04:40:41,360 - xai.nshap_analysis - INFO - Instance 521: Predicted class 1
2025-01-27 04:40:41,361 - xai.nshap_analysis - INFO - Instance 522: Predicted class 1
2025-01-27 04:40:41,361 - xai.nshap_analysis - INFO - Instance 523: Predicted class 1
2025-01-27 04:40:41,361 - xai.nshap_analysis - INFO - Instance 524: Predicted class 3
2025-01-27 04:40:41,361 - xai.nshap_analysis - INFO - Instance 525: Predicted class 1
2025-01-27 04:40:41,361 - xai.nshap_analysis - INFO - Instance 526: Predicted class 2
2025-01-27 04:40:41,361 - xai.nshap_analysis - INFO - Instance 527: Predicted class 1
2025-01-27 04:40:41,361 - xai.nshap_analysis - INFO - Instance 528: Predicted class 3
2025-01-27 04:40:41,361 - xai.nshap_analysis - INFO - Instance 529: Predicted class 3
2025-01-27 04:40:41,363 - xai.nshap_analysis - INFO - Instance 530: Predicted class 1
2025-01-27 04:40:41,363 - xai.nshap_analysis - INFO - Instance 531: Predicted class 0
2025-01-27 04:40:41,363 - xai.nshap_analysis - INFO - Instance 532: Predicted class 3
2025-01-27 04:40:41,363 - xai.nshap_analysis - INFO - Instance 533: Predicted class 3
2025-01-27 04:40:41,364 - xai.nshap_analysis - INFO - Instance 534: Predicted class 2
2025-01-27 04:40:41,364 - xai.nshap_analysis - INFO - Instance 535: Predicted class 1
2025-01-27 04:40:41,364 - xai.nshap_analysis - INFO - Instance 536: Predicted class 1
2025-01-27 04:40:41,364 - xai.nshap_analysis - INFO - Instance 537: Predicted class 2
2025-01-27 04:40:41,364 - xai.nshap_analysis - INFO - Instance 538: Predicted class 3
2025-01-27 04:40:41,365 - xai.nshap_analysis - INFO - Instance 539: Predicted class 0
2025-01-27 04:41:05,195 - xai.nshap_analysis - INFO - Instance 540: Predicted class 0
2025-01-27 04:41:05,196 - xai.nshap_analysis - INFO - Instance 541: Predicted class 2
2025-01-27 04:41:05,196 - xai.nshap_analysis - INFO - Instance 542: Predicted class 1
2025-01-27 04:41:05,197 - xai.nshap_analysis - INFO - Instance 543: Predicted class 3
2025-01-27 04:41:05,197 - xai.nshap_analysis - INFO - Instance 544: Predicted class 3
2025-01-27 04:41:05,197 - xai.nshap_analysis - INFO - Instance 545: Predicted class 0
2025-01-27 04:41:05,197 - xai.nshap_analysis - INFO - Instance 546: Predicted class 0
2025-01-27 04:41:05,198 - xai.nshap_analysis - INFO - Instance 547: Predicted class 0
2025-01-27 04:41:05,198 - xai.nshap_analysis - INFO - Instance 548: Predicted class 1
2025-01-27 04:41:05,198 - xai.nshap_analysis - INFO - Instance 549: Predicted class 0
2025-01-27 04:41:05,198 - xai.nshap_analysis - INFO - Instance 550: Predicted class 0
2025-01-27 04:41:05,199 - xai.nshap_analysis - INFO - Instance 551: Predicted class 0
2025-01-27 04:41:05,199 - xai.nshap_analysis - INFO - Instance 552: Predicted class 0
2025-01-27 04:41:05,199 - xai.nshap_analysis - INFO - Instance 553: Predicted class 1
2025-01-27 04:41:05,199 - xai.nshap_analysis - INFO - Instance 554: Predicted class 0
2025-01-27 04:41:05,199 - xai.nshap_analysis - INFO - Instance 555: Predicted class 3
2025-01-27 04:41:05,200 - xai.nshap_analysis - INFO - Instance 556: Predicted class 1
2025-01-27 04:41:05,200 - xai.nshap_analysis - INFO - Instance 557: Predicted class 2
2025-01-27 04:41:05,200 - xai.nshap_analysis - INFO - Instance 558: Predicted class 0
2025-01-27 04:41:05,200 - xai.nshap_analysis - INFO - Instance 559: Predicted class 0
2025-01-27 04:41:28,966 - xai.nshap_analysis - INFO - Instance 560: Predicted class 0
2025-01-27 04:41:28,967 - xai.nshap_analysis - INFO - Instance 561: Predicted class 0
2025-01-27 04:41:28,967 - xai.nshap_analysis - INFO - Instance 562: Predicted class 2
2025-01-27 04:41:28,967 - xai.nshap_analysis - INFO - Instance 563: Predicted class 1
2025-01-27 04:41:28,968 - xai.nshap_analysis - INFO - Instance 564: Predicted class 1
2025-01-27 04:41:28,968 - xai.nshap_analysis - INFO - Instance 565: Predicted class 3
2025-01-27 04:41:28,968 - xai.nshap_analysis - INFO - Instance 566: Predicted class 0
2025-01-27 04:41:28,968 - xai.nshap_analysis - INFO - Instance 567: Predicted class 0
2025-01-27 04:41:28,969 - xai.nshap_analysis - INFO - Instance 568: Predicted class 0
2025-01-27 04:41:28,969 - xai.nshap_analysis - INFO - Instance 569: Predicted class 1
2025-01-27 04:41:28,969 - xai.nshap_analysis - INFO - Instance 570: Predicted class 1
2025-01-27 04:41:28,969 - xai.nshap_analysis - INFO - Instance 571: Predicted class 2
2025-01-27 04:41:28,970 - xai.nshap_analysis - INFO - Instance 572: Predicted class 0
2025-01-27 04:41:28,970 - xai.nshap_analysis - INFO - Instance 573: Predicted class 0
2025-01-27 04:41:28,970 - xai.nshap_analysis - INFO - Instance 574: Predicted class 0
2025-01-27 04:41:28,970 - xai.nshap_analysis - INFO - Instance 575: Predicted class 1
2025-01-27 04:41:28,974 - xai.nshap_analysis - INFO - Instance 576: Predicted class 1
2025-01-27 04:41:28,975 - xai.nshap_analysis - INFO - Instance 577: Predicted class 1
2025-01-27 04:41:28,975 - xai.nshap_analysis - INFO - Instance 578: Predicted class 0
2025-01-27 04:41:28,975 - xai.nshap_analysis - INFO - Instance 579: Predicted class 1
2025-01-27 04:41:52,778 - xai.nshap_analysis - INFO - Instance 580: Predicted class 3
2025-01-27 04:41:52,778 - xai.nshap_analysis - INFO - Instance 581: Predicted class 0
2025-01-27 04:41:52,779 - xai.nshap_analysis - INFO - Instance 582: Predicted class 3
2025-01-27 04:41:52,779 - xai.nshap_analysis - INFO - Instance 583: Predicted class 2
2025-01-27 04:41:52,779 - xai.nshap_analysis - INFO - Instance 584: Predicted class 3
2025-01-27 04:41:52,780 - xai.nshap_analysis - INFO - Instance 585: Predicted class 0
2025-01-27 04:41:52,780 - xai.nshap_analysis - INFO - Instance 586: Predicted class 3
2025-01-27 04:41:52,780 - xai.nshap_analysis - INFO - Instance 587: Predicted class 0
2025-01-27 04:41:52,780 - xai.nshap_analysis - INFO - Instance 588: Predicted class 2
2025-01-27 04:41:52,781 - xai.nshap_analysis - INFO - Instance 589: Predicted class 0
2025-01-27 04:41:52,781 - xai.nshap_analysis - INFO - Instance 590: Predicted class 0
2025-01-27 04:41:52,781 - xai.nshap_analysis - INFO - Instance 591: Predicted class 1
2025-01-27 04:41:52,781 - xai.nshap_analysis - INFO - Instance 592: Predicted class 0
2025-01-27 04:41:52,781 - xai.nshap_analysis - INFO - Instance 593: Predicted class 3
2025-01-27 04:41:52,782 - xai.nshap_analysis - INFO - Instance 594: Predicted class 3
2025-01-27 04:41:52,782 - xai.nshap_analysis - INFO - Instance 595: Predicted class 1
2025-01-27 04:41:52,782 - xai.nshap_analysis - INFO - Instance 596: Predicted class 1
2025-01-27 04:41:52,786 - xai.nshap_analysis - INFO - Instance 597: Predicted class 0
2025-01-27 04:41:52,787 - xai.nshap_analysis - INFO - Instance 598: Predicted class 3
2025-01-27 04:41:52,787 - xai.nshap_analysis - INFO - Instance 599: Predicted class 2
2025-01-27 04:42:16,460 - xai.nshap_analysis - INFO - Instance 600: Predicted class 1
2025-01-27 04:42:16,461 - xai.nshap_analysis - INFO - Instance 601: Predicted class 0
2025-01-27 04:42:16,461 - xai.nshap_analysis - INFO - Instance 602: Predicted class 0
2025-01-27 04:42:16,462 - xai.nshap_analysis - INFO - Instance 603: Predicted class 0
2025-01-27 04:42:16,462 - xai.nshap_analysis - INFO - Instance 604: Predicted class 1
2025-01-27 04:42:16,462 - xai.nshap_analysis - INFO - Instance 605: Predicted class 1
2025-01-27 04:42:16,462 - xai.nshap_analysis - INFO - Instance 606: Predicted class 0
2025-01-27 04:42:16,463 - xai.nshap_analysis - INFO - Instance 607: Predicted class 1
2025-01-27 04:42:16,463 - xai.nshap_analysis - INFO - Instance 608: Predicted class 1
2025-01-27 04:42:16,463 - xai.nshap_analysis - INFO - Instance 609: Predicted class 2
2025-01-27 04:42:16,463 - xai.nshap_analysis - INFO - Instance 610: Predicted class 0
2025-01-27 04:42:16,464 - xai.nshap_analysis - INFO - Instance 611: Predicted class 3
2025-01-27 04:42:16,464 - xai.nshap_analysis - INFO - Instance 612: Predicted class 0
2025-01-27 04:42:16,464 - xai.nshap_analysis - INFO - Instance 613: Predicted class 0
2025-01-27 04:42:16,464 - xai.nshap_analysis - INFO - Instance 614: Predicted class 1
2025-01-27 04:42:16,464 - xai.nshap_analysis - INFO - Instance 615: Predicted class 2
2025-01-27 04:42:16,468 - xai.nshap_analysis - INFO - Instance 616: Predicted class 1
2025-01-27 04:42:16,469 - xai.nshap_analysis - INFO - Instance 617: Predicted class 0
2025-01-27 04:42:16,469 - xai.nshap_analysis - INFO - Instance 618: Predicted class 0
2025-01-27 04:42:16,470 - xai.nshap_analysis - INFO - Instance 619: Predicted class 1
2025-01-27 04:42:40,380 - xai.nshap_analysis - INFO - Instance 620: Predicted class 1
2025-01-27 04:42:40,380 - xai.nshap_analysis - INFO - Instance 621: Predicted class 1
2025-01-27 04:42:40,381 - xai.nshap_analysis - INFO - Instance 622: Predicted class 2
2025-01-27 04:42:40,381 - xai.nshap_analysis - INFO - Instance 623: Predicted class 2
2025-01-27 04:42:40,381 - xai.nshap_analysis - INFO - Instance 624: Predicted class 0
2025-01-27 04:42:40,381 - xai.nshap_analysis - INFO - Instance 625: Predicted class 3
2025-01-27 04:42:40,382 - xai.nshap_analysis - INFO - Instance 626: Predicted class 1
2025-01-27 04:42:40,382 - xai.nshap_analysis - INFO - Instance 627: Predicted class 1
2025-01-27 04:42:40,382 - xai.nshap_analysis - INFO - Instance 628: Predicted class 2
2025-01-27 04:42:40,382 - xai.nshap_analysis - INFO - Instance 629: Predicted class 3
2025-01-27 04:42:40,382 - xai.nshap_analysis - INFO - Instance 630: Predicted class 2
2025-01-27 04:42:40,383 - xai.nshap_analysis - INFO - Instance 631: Predicted class 3
2025-01-27 04:42:40,383 - xai.nshap_analysis - INFO - Instance 632: Predicted class 3
2025-01-27 04:42:40,383 - xai.nshap_analysis - INFO - Instance 633: Predicted class 0
2025-01-27 04:42:40,383 - xai.nshap_analysis - INFO - Instance 634: Predicted class 1
2025-01-27 04:42:40,383 - xai.nshap_analysis - INFO - Instance 635: Predicted class 0
2025-01-27 04:42:40,384 - xai.nshap_analysis - INFO - Instance 636: Predicted class 1
2025-01-27 04:42:40,384 - xai.nshap_analysis - INFO - Instance 637: Predicted class 1
2025-01-27 04:42:40,384 - xai.nshap_analysis - INFO - Instance 638: Predicted class 3
2025-01-27 04:42:40,384 - xai.nshap_analysis - INFO - Instance 639: Predicted class 2
2025-01-27 04:43:04,347 - xai.nshap_analysis - INFO - Instance 640: Predicted class 0
2025-01-27 04:43:04,348 - xai.nshap_analysis - INFO - Instance 641: Predicted class 1
2025-01-27 04:43:04,349 - xai.nshap_analysis - INFO - Instance 642: Predicted class 0
2025-01-27 04:43:04,349 - xai.nshap_analysis - INFO - Instance 643: Predicted class 1
2025-01-27 04:43:04,349 - xai.nshap_analysis - INFO - Instance 644: Predicted class 1
2025-01-27 04:43:04,349 - xai.nshap_analysis - INFO - Instance 645: Predicted class 1
2025-01-27 04:43:04,350 - xai.nshap_analysis - INFO - Instance 646: Predicted class 0
2025-01-27 04:43:04,350 - xai.nshap_analysis - INFO - Instance 647: Predicted class 2
2025-01-27 04:43:04,350 - xai.nshap_analysis - INFO - Instance 648: Predicted class 1
2025-01-27 04:43:04,350 - xai.nshap_analysis - INFO - Instance 649: Predicted class 1
2025-01-27 04:43:04,351 - xai.nshap_analysis - INFO - Instance 650: Predicted class 1
2025-01-27 04:43:04,351 - xai.nshap_analysis - INFO - Instance 651: Predicted class 0
2025-01-27 04:43:04,351 - xai.nshap_analysis - INFO - Instance 652: Predicted class 1
2025-01-27 04:43:04,351 - xai.nshap_analysis - INFO - Instance 653: Predicted class 0
2025-01-27 04:43:04,351 - xai.nshap_analysis - INFO - Instance 654: Predicted class 0
2025-01-27 04:43:04,352 - xai.nshap_analysis - INFO - Instance 655: Predicted class 1
2025-01-27 04:43:04,356 - xai.nshap_analysis - INFO - Instance 656: Predicted class 3
2025-01-27 04:43:04,356 - xai.nshap_analysis - INFO - Instance 657: Predicted class 3
2025-01-27 04:43:04,357 - xai.nshap_analysis - INFO - Instance 658: Predicted class 2
2025-01-27 04:43:04,357 - xai.nshap_analysis - INFO - Instance 659: Predicted class 0
2025-01-27 04:43:28,305 - xai.nshap_analysis - INFO - Instance 660: Predicted class 1
2025-01-27 04:43:28,306 - xai.nshap_analysis - INFO - Instance 661: Predicted class 2
2025-01-27 04:43:28,306 - xai.nshap_analysis - INFO - Instance 662: Predicted class 0
2025-01-27 04:43:28,307 - xai.nshap_analysis - INFO - Instance 663: Predicted class 1
2025-01-27 04:43:28,307 - xai.nshap_analysis - INFO - Instance 664: Predicted class 1
2025-01-27 04:43:28,307 - xai.nshap_analysis - INFO - Instance 665: Predicted class 1
2025-01-27 04:43:28,307 - xai.nshap_analysis - INFO - Instance 666: Predicted class 0
2025-01-27 04:43:28,308 - xai.nshap_analysis - INFO - Instance 667: Predicted class 3
2025-01-27 04:43:28,308 - xai.nshap_analysis - INFO - Instance 668: Predicted class 1
2025-01-27 04:43:28,308 - xai.nshap_analysis - INFO - Instance 669: Predicted class 3
2025-01-27 04:43:28,308 - xai.nshap_analysis - INFO - Instance 670: Predicted class 2
2025-01-27 04:43:28,308 - xai.nshap_analysis - INFO - Instance 671: Predicted class 0
2025-01-27 04:43:28,308 - xai.nshap_analysis - INFO - Instance 672: Predicted class 2
2025-01-27 04:43:28,308 - xai.nshap_analysis - INFO - Instance 673: Predicted class 2
2025-01-27 04:43:28,309 - xai.nshap_analysis - INFO - Instance 674: Predicted class 1
2025-01-27 04:43:28,309 - xai.nshap_analysis - INFO - Instance 675: Predicted class 0
2025-01-27 04:43:28,309 - xai.nshap_analysis - INFO - Instance 676: Predicted class 0
2025-01-27 04:43:28,309 - xai.nshap_analysis - INFO - Instance 677: Predicted class 1
2025-01-27 04:43:28,313 - xai.nshap_analysis - INFO - Instance 678: Predicted class 1
2025-01-27 04:43:28,314 - xai.nshap_analysis - INFO - Instance 679: Predicted class 0
2025-01-27 04:43:52,031 - xai.nshap_analysis - INFO - Instance 680: Predicted class 3
2025-01-27 04:43:52,031 - xai.nshap_analysis - INFO - Instance 681: Predicted class 0
2025-01-27 04:43:52,032 - xai.nshap_analysis - INFO - Instance 682: Predicted class 0
2025-01-27 04:43:52,032 - xai.nshap_analysis - INFO - Instance 683: Predicted class 2
2025-01-27 04:43:52,032 - xai.nshap_analysis - INFO - Instance 684: Predicted class 0
2025-01-27 04:43:52,032 - xai.nshap_analysis - INFO - Instance 685: Predicted class 0
2025-01-27 04:43:52,033 - xai.nshap_analysis - INFO - Instance 686: Predicted class 0
2025-01-27 04:43:52,033 - xai.nshap_analysis - INFO - Instance 687: Predicted class 0
2025-01-27 04:43:52,033 - xai.nshap_analysis - INFO - Instance 688: Predicted class 0
2025-01-27 04:43:52,033 - xai.nshap_analysis - INFO - Instance 689: Predicted class 2
2025-01-27 04:43:52,033 - xai.nshap_analysis - INFO - Instance 690: Predicted class 1
2025-01-27 04:43:52,034 - xai.nshap_analysis - INFO - Instance 691: Predicted class 2
2025-01-27 04:43:52,034 - xai.nshap_analysis - INFO - Instance 692: Predicted class 0
2025-01-27 04:43:52,034 - xai.nshap_analysis - INFO - Instance 693: Predicted class 1
2025-01-27 04:43:52,034 - xai.nshap_analysis - INFO - Instance 694: Predicted class 2
2025-01-27 04:43:52,035 - xai.nshap_analysis - INFO - Instance 695: Predicted class 3
2025-01-27 04:43:52,035 - xai.nshap_analysis - INFO - Instance 696: Predicted class 3
2025-01-27 04:43:52,039 - xai.nshap_analysis - INFO - Instance 697: Predicted class 1
2025-01-27 04:43:52,039 - xai.nshap_analysis - INFO - Instance 698: Predicted class 1
2025-01-27 04:43:52,040 - xai.nshap_analysis - INFO - Instance 699: Predicted class 0
2025-01-27 04:44:16,171 - xai.nshap_analysis - INFO - Instance 700: Predicted class 2
2025-01-27 04:44:16,172 - xai.nshap_analysis - INFO - Instance 701: Predicted class 0
2025-01-27 04:44:16,172 - xai.nshap_analysis - INFO - Instance 702: Predicted class 3
2025-01-27 04:44:16,172 - xai.nshap_analysis - INFO - Instance 703: Predicted class 1
2025-01-27 04:44:16,173 - xai.nshap_analysis - INFO - Instance 704: Predicted class 1
2025-01-27 04:44:16,173 - xai.nshap_analysis - INFO - Instance 705: Predicted class 1
2025-01-27 04:44:16,173 - xai.nshap_analysis - INFO - Instance 706: Predicted class 2
2025-01-27 04:44:16,173 - xai.nshap_analysis - INFO - Instance 707: Predicted class 3
2025-01-27 04:44:16,173 - xai.nshap_analysis - INFO - Instance 708: Predicted class 0
2025-01-27 04:44:16,174 - xai.nshap_analysis - INFO - Instance 709: Predicted class 0
2025-01-27 04:44:16,174 - xai.nshap_analysis - INFO - Instance 710: Predicted class 3
2025-01-27 04:44:16,174 - xai.nshap_analysis - INFO - Instance 711: Predicted class 0
2025-01-27 04:44:16,174 - xai.nshap_analysis - INFO - Instance 712: Predicted class 0
2025-01-27 04:44:16,174 - xai.nshap_analysis - INFO - Instance 713: Predicted class 0
2025-01-27 04:44:16,175 - xai.nshap_analysis - INFO - Instance 714: Predicted class 0
2025-01-27 04:44:16,175 - xai.nshap_analysis - INFO - Instance 715: Predicted class 2
2025-01-27 04:44:16,175 - xai.nshap_analysis - INFO - Instance 716: Predicted class 0
2025-01-27 04:44:16,175 - xai.nshap_analysis - INFO - Instance 717: Predicted class 1
2025-01-27 04:44:16,176 - xai.nshap_analysis - INFO - Instance 718: Predicted class 1
2025-01-27 04:44:16,176 - xai.nshap_analysis - INFO - Instance 719: Predicted class 3
2025-01-27 04:44:39,818 - xai.nshap_analysis - INFO - Instance 720: Predicted class 0
2025-01-27 04:44:39,819 - xai.nshap_analysis - INFO - Instance 721: Predicted class 1
2025-01-27 04:44:39,819 - xai.nshap_analysis - INFO - Instance 722: Predicted class 1
2025-01-27 04:44:39,820 - xai.nshap_analysis - INFO - Instance 723: Predicted class 2
2025-01-27 04:44:39,820 - xai.nshap_analysis - INFO - Instance 724: Predicted class 1
2025-01-27 04:44:39,820 - xai.nshap_analysis - INFO - Instance 725: Predicted class 1
2025-01-27 04:44:39,820 - xai.nshap_analysis - INFO - Instance 726: Predicted class 0
2025-01-27 04:44:39,821 - xai.nshap_analysis - INFO - Instance 727: Predicted class 1
2025-01-27 04:44:39,821 - xai.nshap_analysis - INFO - Instance 728: Predicted class 0
2025-01-27 04:44:39,821 - xai.nshap_analysis - INFO - Instance 729: Predicted class 0
2025-01-27 04:44:39,822 - xai.nshap_analysis - INFO - Instance 730: Predicted class 1
2025-01-27 04:44:39,822 - xai.nshap_analysis - INFO - Instance 731: Predicted class 3
2025-01-27 04:44:39,822 - xai.nshap_analysis - INFO - Instance 732: Predicted class 2
2025-01-27 04:44:39,827 - xai.nshap_analysis - INFO - Instance 733: Predicted class 1
2025-01-27 04:44:39,827 - xai.nshap_analysis - INFO - Instance 734: Predicted class 2
2025-01-27 04:44:39,827 - xai.nshap_analysis - INFO - Instance 735: Predicted class 0
2025-01-27 04:44:39,828 - xai.nshap_analysis - INFO - Instance 736: Predicted class 1
2025-01-27 04:44:39,828 - xai.nshap_analysis - INFO - Instance 737: Predicted class 0
2025-01-27 04:44:39,828 - xai.nshap_analysis - INFO - Instance 738: Predicted class 1
2025-01-27 04:44:39,828 - xai.nshap_analysis - INFO - Instance 739: Predicted class 1
2025-01-27 04:45:03,654 - xai.nshap_analysis - INFO - Instance 740: Predicted class 0
2025-01-27 04:45:03,655 - xai.nshap_analysis - INFO - Instance 741: Predicted class 1
2025-01-27 04:45:03,656 - xai.nshap_analysis - INFO - Instance 742: Predicted class 3
2025-01-27 04:45:03,656 - xai.nshap_analysis - INFO - Instance 743: Predicted class 0
2025-01-27 04:45:03,656 - xai.nshap_analysis - INFO - Instance 744: Predicted class 0
2025-01-27 04:45:03,656 - xai.nshap_analysis - INFO - Instance 745: Predicted class 1
2025-01-27 04:45:03,657 - xai.nshap_analysis - INFO - Instance 746: Predicted class 0
2025-01-27 04:45:03,657 - xai.nshap_analysis - INFO - Instance 747: Predicted class 1
2025-01-27 04:45:03,657 - xai.nshap_analysis - INFO - Instance 748: Predicted class 1
2025-01-27 04:45:03,657 - xai.nshap_analysis - INFO - Instance 749: Predicted class 1
2025-01-27 04:45:03,657 - xai.nshap_analysis - INFO - Instance 750: Predicted class 0
2025-01-27 04:45:03,658 - xai.nshap_analysis - INFO - Instance 751: Predicted class 0
2025-01-27 04:45:03,658 - xai.nshap_analysis - INFO - Instance 752: Predicted class 0
2025-01-27 04:45:03,658 - xai.nshap_analysis - INFO - Instance 753: Predicted class 2
2025-01-27 04:45:03,658 - xai.nshap_analysis - INFO - Instance 754: Predicted class 3
2025-01-27 04:45:03,659 - xai.nshap_analysis - INFO - Instance 755: Predicted class 0
2025-01-27 04:45:03,659 - xai.nshap_analysis - INFO - Instance 756: Predicted class 0
2025-01-27 04:45:03,663 - xai.nshap_analysis - INFO - Instance 757: Predicted class 0
2025-01-27 04:45:03,663 - xai.nshap_analysis - INFO - Instance 758: Predicted class 0
2025-01-27 04:45:03,664 - xai.nshap_analysis - INFO - Instance 759: Predicted class 3
2025-01-27 04:45:27,411 - xai.nshap_analysis - INFO - Instance 760: Predicted class 1
2025-01-27 04:45:27,411 - xai.nshap_analysis - INFO - Instance 761: Predicted class 0
2025-01-27 04:45:27,412 - xai.nshap_analysis - INFO - Instance 762: Predicted class 3
2025-01-27 04:45:27,412 - xai.nshap_analysis - INFO - Instance 763: Predicted class 1
2025-01-27 04:45:27,412 - xai.nshap_analysis - INFO - Instance 764: Predicted class 1
2025-01-27 04:45:27,412 - xai.nshap_analysis - INFO - Instance 765: Predicted class 2
2025-01-27 04:45:27,413 - xai.nshap_analysis - INFO - Instance 766: Predicted class 2
2025-01-27 04:45:27,413 - xai.nshap_analysis - INFO - Instance 767: Predicted class 1
2025-01-27 04:45:27,413 - xai.nshap_analysis - INFO - Instance 768: Predicted class 3
2025-01-27 04:45:27,413 - xai.nshap_analysis - INFO - Instance 769: Predicted class 0
2025-01-27 04:45:27,413 - xai.nshap_analysis - INFO - Instance 770: Predicted class 1
2025-01-27 04:45:27,414 - xai.nshap_analysis - INFO - Instance 771: Predicted class 0
2025-01-27 04:45:27,414 - xai.nshap_analysis - INFO - Instance 772: Predicted class 3
2025-01-27 04:45:27,414 - xai.nshap_analysis - INFO - Instance 773: Predicted class 1
2025-01-27 04:45:27,414 - xai.nshap_analysis - INFO - Instance 774: Predicted class 1
2025-01-27 04:45:27,415 - xai.nshap_analysis - INFO - Instance 775: Predicted class 1
2025-01-27 04:45:27,415 - xai.nshap_analysis - INFO - Instance 776: Predicted class 1
2025-01-27 04:45:27,415 - xai.nshap_analysis - INFO - Instance 777: Predicted class 2
2025-01-27 04:45:27,415 - xai.nshap_analysis - INFO - Instance 778: Predicted class 1
2025-01-27 04:45:27,415 - xai.nshap_analysis - INFO - Instance 779: Predicted class 1
2025-01-27 04:45:51,201 - xai.nshap_analysis - INFO - Instance 780: Predicted class 3
2025-01-27 04:45:51,202 - xai.nshap_analysis - INFO - Instance 781: Predicted class 0
2025-01-27 04:45:51,202 - xai.nshap_analysis - INFO - Instance 782: Predicted class 1
2025-01-27 04:45:51,202 - xai.nshap_analysis - INFO - Instance 783: Predicted class 1
2025-01-27 04:45:51,203 - xai.nshap_analysis - INFO - Instance 784: Predicted class 3
2025-01-27 04:45:51,203 - xai.nshap_analysis - INFO - Instance 785: Predicted class 3
2025-01-27 04:46:31,514 - xai.nshap_analysis - INFO - Computing shapley taylor values
2025-01-27 04:46:31,518 - xai.nshap_analysis - INFO - Instance 0: Predicted class 0
2025-01-27 04:46:31,518 - xai.nshap_analysis - INFO - Instance 1: Predicted class 3
2025-01-27 04:46:31,519 - xai.nshap_analysis - INFO - Instance 2: Predicted class 0
2025-01-27 04:46:31,519 - xai.nshap_analysis - INFO - Instance 3: Predicted class 2
2025-01-27 04:46:31,519 - xai.nshap_analysis - INFO - Instance 4: Predicted class 0
2025-01-27 04:46:31,519 - xai.nshap_analysis - INFO - Instance 5: Predicted class 0
2025-01-27 04:46:31,519 - xai.nshap_analysis - INFO - Instance 6: Predicted class 3
2025-01-27 04:46:31,520 - xai.nshap_analysis - INFO - Instance 7: Predicted class 0
2025-01-27 04:46:31,520 - xai.nshap_analysis - INFO - Instance 8: Predicted class 1
2025-01-27 04:46:31,520 - xai.nshap_analysis - INFO - Instance 9: Predicted class 2
2025-01-27 04:46:31,520 - xai.nshap_analysis - INFO - Instance 10: Predicted class 3
2025-01-27 04:46:31,520 - xai.nshap_analysis - INFO - Instance 11: Predicted class 1
2025-01-27 04:46:31,522 - xai.nshap_analysis - INFO - Instance 12: Predicted class 2
2025-01-27 04:46:31,522 - xai.nshap_analysis - INFO - Instance 13: Predicted class 0
2025-01-27 04:46:31,522 - xai.nshap_analysis - INFO - Instance 14: Predicted class 0
2025-01-27 04:46:31,522 - xai.nshap_analysis - INFO - Instance 15: Predicted class 0
2025-01-27 04:46:31,523 - xai.nshap_analysis - INFO - Instance 16: Predicted class 0
2025-01-27 04:46:31,523 - xai.nshap_analysis - INFO - Instance 17: Predicted class 3
2025-01-27 04:46:31,523 - xai.nshap_analysis - INFO - Instance 18: Predicted class 2
2025-01-27 04:46:31,524 - xai.nshap_analysis - INFO - Instance 19: Predicted class 0
2025-01-27 04:46:31,526 - xai.nshap_analysis - INFO - Instance 20: Predicted class 1
2025-01-27 04:46:31,526 - xai.nshap_analysis - INFO - Instance 21: Predicted class 2
2025-01-27 04:46:31,527 - xai.nshap_analysis - INFO - Instance 22: Predicted class 0
2025-01-27 04:46:31,527 - xai.nshap_analysis - INFO - Instance 23: Predicted class 0
2025-01-27 04:46:31,527 - xai.nshap_analysis - INFO - Instance 24: Predicted class 3
2025-01-27 04:46:31,527 - xai.nshap_analysis - INFO - Instance 25: Predicted class 1
2025-01-27 04:46:31,528 - xai.nshap_analysis - INFO - Instance 26: Predicted class 1
2025-01-27 04:46:31,528 - xai.nshap_analysis - INFO - Instance 27: Predicted class 2
2025-01-27 04:46:31,529 - xai.nshap_analysis - INFO - Instance 28: Predicted class 3
2025-01-27 04:46:31,529 - xai.nshap_analysis - INFO - Instance 29: Predicted class 3
2025-01-27 04:46:31,529 - xai.nshap_analysis - INFO - Instance 30: Predicted class 2
2025-01-27 04:46:31,531 - xai.nshap_analysis - INFO - Instance 31: Predicted class 3
2025-01-27 04:46:31,531 - xai.nshap_analysis - INFO - Instance 32: Predicted class 3
2025-01-27 04:46:31,531 - xai.nshap_analysis - INFO - Instance 33: Predicted class 1
2025-01-27 04:46:31,534 - xai.nshap_analysis - INFO - Instance 34: Predicted class 1
2025-01-27 04:46:31,548 - xai.nshap_analysis - INFO - Instance 35: Predicted class 3
2025-01-27 04:46:31,556 - xai.nshap_analysis - INFO - Instance 36: Predicted class 2
2025-01-27 04:46:31,561 - xai.nshap_analysis - INFO - Instance 37: Predicted class 1
2025-01-27 04:46:31,562 - xai.nshap_analysis - INFO - Instance 38: Predicted class 1
2025-01-27 04:46:31,562 - xai.nshap_analysis - INFO - Instance 39: Predicted class 2
2025-01-27 04:46:48,154 - xai.nshap_analysis - INFO - Instance 40: Predicted class 1
2025-01-27 04:46:48,155 - xai.nshap_analysis - INFO - Instance 41: Predicted class 2
2025-01-27 04:46:48,155 - xai.nshap_analysis - INFO - Instance 42: Predicted class 2
2025-01-27 04:46:48,155 - xai.nshap_analysis - INFO - Instance 43: Predicted class 2
2025-01-27 04:46:48,156 - xai.nshap_analysis - INFO - Instance 44: Predicted class 0
2025-01-27 04:46:48,156 - xai.nshap_analysis - INFO - Instance 45: Predicted class 0
2025-01-27 04:46:48,156 - xai.nshap_analysis - INFO - Instance 46: Predicted class 1
2025-01-27 04:46:48,156 - xai.nshap_analysis - INFO - Instance 47: Predicted class 1
2025-01-27 04:46:48,157 - xai.nshap_analysis - INFO - Instance 48: Predicted class 3
2025-01-27 04:46:48,157 - xai.nshap_analysis - INFO - Instance 49: Predicted class 0
2025-01-27 04:46:48,157 - xai.nshap_analysis - INFO - Instance 50: Predicted class 3
2025-01-27 04:46:48,157 - xai.nshap_analysis - INFO - Instance 51: Predicted class 0
2025-01-27 04:46:48,157 - xai.nshap_analysis - INFO - Instance 52: Predicted class 2
2025-01-27 04:46:48,158 - xai.nshap_analysis - INFO - Instance 53: Predicted class 0
2025-01-27 04:46:48,162 - xai.nshap_analysis - INFO - Instance 54: Predicted class 1
2025-01-27 04:46:48,162 - xai.nshap_analysis - INFO - Instance 55: Predicted class 2
2025-01-27 04:46:48,163 - xai.nshap_analysis - INFO - Instance 56: Predicted class 0
2025-01-27 04:46:48,163 - xai.nshap_analysis - INFO - Instance 57: Predicted class 1
2025-01-27 04:46:48,163 - xai.nshap_analysis - INFO - Instance 58: Predicted class 0
2025-01-27 04:46:48,163 - xai.nshap_analysis - INFO - Instance 59: Predicted class 2
2025-01-27 04:47:12,306 - xai.nshap_analysis - INFO - Instance 60: Predicted class 3
2025-01-27 04:47:12,307 - xai.nshap_analysis - INFO - Instance 61: Predicted class 0
2025-01-27 04:47:12,307 - xai.nshap_analysis - INFO - Instance 62: Predicted class 2
2025-01-27 04:47:12,308 - xai.nshap_analysis - INFO - Instance 63: Predicted class 2
2025-01-27 04:47:12,308 - xai.nshap_analysis - INFO - Instance 64: Predicted class 1
2025-01-27 04:47:12,308 - xai.nshap_analysis - INFO - Instance 65: Predicted class 1
2025-01-27 04:47:12,308 - xai.nshap_analysis - INFO - Instance 66: Predicted class 1
2025-01-27 04:47:12,309 - xai.nshap_analysis - INFO - Instance 67: Predicted class 3
2025-01-27 04:47:12,309 - xai.nshap_analysis - INFO - Instance 68: Predicted class 0
2025-01-27 04:47:12,309 - xai.nshap_analysis - INFO - Instance 69: Predicted class 2
2025-01-27 04:47:12,309 - xai.nshap_analysis - INFO - Instance 70: Predicted class 0
2025-01-27 04:47:12,309 - xai.nshap_analysis - INFO - Instance 71: Predicted class 1
2025-01-27 04:47:12,310 - xai.nshap_analysis - INFO - Instance 72: Predicted class 0
2025-01-27 04:47:12,310 - xai.nshap_analysis - INFO - Instance 73: Predicted class 3
2025-01-27 04:47:12,310 - xai.nshap_analysis - INFO - Instance 74: Predicted class 1
2025-01-27 04:47:12,313 - xai.nshap_analysis - INFO - Instance 75: Predicted class 1
2025-01-27 04:47:12,314 - xai.nshap_analysis - INFO - Instance 76: Predicted class 1
2025-01-27 04:47:12,314 - xai.nshap_analysis - INFO - Instance 77: Predicted class 3
2025-01-27 04:47:12,315 - xai.nshap_analysis - INFO - Instance 78: Predicted class 0
2025-01-27 04:47:12,315 - xai.nshap_analysis - INFO - Instance 79: Predicted class 0
2025-01-27 04:47:36,068 - xai.nshap_analysis - INFO - Instance 80: Predicted class 3
2025-01-27 04:47:36,069 - xai.nshap_analysis - INFO - Instance 81: Predicted class 0
2025-01-27 04:47:36,070 - xai.nshap_analysis - INFO - Instance 82: Predicted class 3
2025-01-27 04:47:36,070 - xai.nshap_analysis - INFO - Instance 83: Predicted class 0
2025-01-27 04:47:36,070 - xai.nshap_analysis - INFO - Instance 84: Predicted class 0
2025-01-27 04:47:36,070 - xai.nshap_analysis - INFO - Instance 85: Predicted class 0
2025-01-27 04:47:36,071 - xai.nshap_analysis - INFO - Instance 86: Predicted class 0
2025-01-27 04:47:36,071 - xai.nshap_analysis - INFO - Instance 87: Predicted class 0
2025-01-27 04:47:36,071 - xai.nshap_analysis - INFO - Instance 88: Predicted class 0
2025-01-27 04:47:36,071 - xai.nshap_analysis - INFO - Instance 89: Predicted class 3
2025-01-27 04:47:36,071 - xai.nshap_analysis - INFO - Instance 90: Predicted class 2
2025-01-27 04:47:36,072 - xai.nshap_analysis - INFO - Instance 91: Predicted class 0
2025-01-27 04:47:36,072 - xai.nshap_analysis - INFO - Instance 92: Predicted class 1
2025-01-27 04:47:36,072 - xai.nshap_analysis - INFO - Instance 93: Predicted class 0
2025-01-27 04:47:36,072 - xai.nshap_analysis - INFO - Instance 94: Predicted class 0
2025-01-27 04:47:36,077 - xai.nshap_analysis - INFO - Instance 95: Predicted class 1
2025-01-27 04:47:36,077 - xai.nshap_analysis - INFO - Instance 96: Predicted class 3
2025-01-27 04:47:36,077 - xai.nshap_analysis - INFO - Instance 97: Predicted class 1
2025-01-27 04:47:36,078 - xai.nshap_analysis - INFO - Instance 98: Predicted class 0
2025-01-27 04:47:36,078 - xai.nshap_analysis - INFO - Instance 99: Predicted class 1
2025-01-27 04:48:00,007 - xai.nshap_analysis - INFO - Instance 100: Predicted class 0
2025-01-27 04:48:00,008 - xai.nshap_analysis - INFO - Instance 101: Predicted class 1
2025-01-27 04:48:00,008 - xai.nshap_analysis - INFO - Instance 102: Predicted class 1
2025-01-27 04:48:00,008 - xai.nshap_analysis - INFO - Instance 103: Predicted class 1
2025-01-27 04:48:00,009 - xai.nshap_analysis - INFO - Instance 104: Predicted class 0
2025-01-27 04:48:00,009 - xai.nshap_analysis - INFO - Instance 105: Predicted class 0
2025-01-27 04:48:00,009 - xai.nshap_analysis - INFO - Instance 106: Predicted class 0
2025-01-27 04:48:00,010 - xai.nshap_analysis - INFO - Instance 107: Predicted class 3
2025-01-27 04:48:00,010 - xai.nshap_analysis - INFO - Instance 108: Predicted class 0
2025-01-27 04:48:00,010 - xai.nshap_analysis - INFO - Instance 109: Predicted class 1
2025-01-27 04:48:00,010 - xai.nshap_analysis - INFO - Instance 110: Predicted class 0
2025-01-27 04:48:00,011 - xai.nshap_analysis - INFO - Instance 111: Predicted class 2
2025-01-27 04:48:00,011 - xai.nshap_analysis - INFO - Instance 112: Predicted class 0
2025-01-27 04:48:00,011 - xai.nshap_analysis - INFO - Instance 113: Predicted class 0
2025-01-27 04:48:00,011 - xai.nshap_analysis - INFO - Instance 114: Predicted class 0
2025-01-27 04:48:00,011 - xai.nshap_analysis - INFO - Instance 115: Predicted class 0
2025-01-27 04:48:00,016 - xai.nshap_analysis - INFO - Instance 116: Predicted class 0
2025-01-27 04:48:00,016 - xai.nshap_analysis - INFO - Instance 117: Predicted class 3
2025-01-27 04:48:00,017 - xai.nshap_analysis - INFO - Instance 118: Predicted class 0
2025-01-27 04:48:00,017 - xai.nshap_analysis - INFO - Instance 119: Predicted class 1
2025-01-27 04:48:23,737 - xai.nshap_analysis - INFO - Instance 120: Predicted class 0
2025-01-27 04:48:23,737 - xai.nshap_analysis - INFO - Instance 121: Predicted class 2
2025-01-27 04:48:23,738 - xai.nshap_analysis - INFO - Instance 122: Predicted class 3
2025-01-27 04:48:23,738 - xai.nshap_analysis - INFO - Instance 123: Predicted class 0
2025-01-27 04:48:23,738 - xai.nshap_analysis - INFO - Instance 124: Predicted class 0
2025-01-27 04:48:23,739 - xai.nshap_analysis - INFO - Instance 125: Predicted class 1
2025-01-27 04:48:23,739 - xai.nshap_analysis - INFO - Instance 126: Predicted class 0
2025-01-27 04:48:23,739 - xai.nshap_analysis - INFO - Instance 127: Predicted class 0
2025-01-27 04:48:23,739 - xai.nshap_analysis - INFO - Instance 128: Predicted class 2
2025-01-27 04:48:23,740 - xai.nshap_analysis - INFO - Instance 129: Predicted class 2
2025-01-27 04:48:23,740 - xai.nshap_analysis - INFO - Instance 130: Predicted class 1
2025-01-27 04:48:23,740 - xai.nshap_analysis - INFO - Instance 131: Predicted class 2
2025-01-27 04:48:23,740 - xai.nshap_analysis - INFO - Instance 132: Predicted class 1
2025-01-27 04:48:23,741 - xai.nshap_analysis - INFO - Instance 133: Predicted class 1
2025-01-27 04:48:23,741 - xai.nshap_analysis - INFO - Instance 134: Predicted class 0
2025-01-27 04:48:23,741 - xai.nshap_analysis - INFO - Instance 135: Predicted class 0
2025-01-27 04:48:23,742 - xai.nshap_analysis - INFO - Instance 136: Predicted class 1
2025-01-27 04:48:23,742 - xai.nshap_analysis - INFO - Instance 137: Predicted class 1
2025-01-27 04:48:23,742 - xai.nshap_analysis - INFO - Instance 138: Predicted class 1
2025-01-27 04:48:23,742 - xai.nshap_analysis - INFO - Instance 139: Predicted class 1
2025-01-27 04:48:47,471 - xai.nshap_analysis - INFO - Instance 140: Predicted class 3
2025-01-27 04:48:47,472 - xai.nshap_analysis - INFO - Instance 141: Predicted class 3
2025-01-27 04:48:47,472 - xai.nshap_analysis - INFO - Instance 142: Predicted class 3
2025-01-27 04:48:47,473 - xai.nshap_analysis - INFO - Instance 143: Predicted class 1
2025-01-27 04:48:47,473 - xai.nshap_analysis - INFO - Instance 144: Predicted class 0
2025-01-27 04:48:47,473 - xai.nshap_analysis - INFO - Instance 145: Predicted class 2
2025-01-27 04:48:47,473 - xai.nshap_analysis - INFO - Instance 146: Predicted class 0
2025-01-27 04:48:47,473 - xai.nshap_analysis - INFO - Instance 147: Predicted class 1
2025-01-27 04:48:47,474 - xai.nshap_analysis - INFO - Instance 148: Predicted class 0
2025-01-27 04:48:47,474 - xai.nshap_analysis - INFO - Instance 149: Predicted class 2
2025-01-27 04:48:47,474 - xai.nshap_analysis - INFO - Instance 150: Predicted class 1
2025-01-27 04:48:47,474 - xai.nshap_analysis - INFO - Instance 151: Predicted class 3
2025-01-27 04:48:47,475 - xai.nshap_analysis - INFO - Instance 152: Predicted class 3
2025-01-27 04:48:47,475 - xai.nshap_analysis - INFO - Instance 153: Predicted class 1
2025-01-27 04:48:47,479 - xai.nshap_analysis - INFO - Instance 154: Predicted class 1
2025-01-27 04:48:47,479 - xai.nshap_analysis - INFO - Instance 155: Predicted class 3
2025-01-27 04:48:47,480 - xai.nshap_analysis - INFO - Instance 156: Predicted class 2
2025-01-27 04:48:47,480 - xai.nshap_analysis - INFO - Instance 157: Predicted class 1
2025-01-27 04:48:47,480 - xai.nshap_analysis - INFO - Instance 158: Predicted class 0
2025-01-27 04:48:47,480 - xai.nshap_analysis - INFO - Instance 159: Predicted class 2
2025-01-27 04:49:11,317 - xai.nshap_analysis - INFO - Instance 160: Predicted class 0
2025-01-27 04:49:11,318 - xai.nshap_analysis - INFO - Instance 161: Predicted class 1
2025-01-27 04:49:11,318 - xai.nshap_analysis - INFO - Instance 162: Predicted class 0
2025-01-27 04:49:11,319 - xai.nshap_analysis - INFO - Instance 163: Predicted class 0
2025-01-27 04:49:11,319 - xai.nshap_analysis - INFO - Instance 164: Predicted class 2
2025-01-27 04:49:11,319 - xai.nshap_analysis - INFO - Instance 165: Predicted class 1
2025-01-27 04:49:11,319 - xai.nshap_analysis - INFO - Instance 166: Predicted class 1
2025-01-27 04:49:11,320 - xai.nshap_analysis - INFO - Instance 167: Predicted class 1
2025-01-27 04:49:11,320 - xai.nshap_analysis - INFO - Instance 168: Predicted class 2
2025-01-27 04:49:11,320 - xai.nshap_analysis - INFO - Instance 169: Predicted class 1
2025-01-27 04:49:11,320 - xai.nshap_analysis - INFO - Instance 170: Predicted class 1
2025-01-27 04:49:11,320 - xai.nshap_analysis - INFO - Instance 171: Predicted class 1
2025-01-27 04:49:11,321 - xai.nshap_analysis - INFO - Instance 172: Predicted class 2
2025-01-27 04:49:11,321 - xai.nshap_analysis - INFO - Instance 173: Predicted class 2
2025-01-27 04:49:11,325 - xai.nshap_analysis - INFO - Instance 174: Predicted class 1
2025-01-27 04:49:11,325 - xai.nshap_analysis - INFO - Instance 175: Predicted class 1
2025-01-27 04:49:11,326 - xai.nshap_analysis - INFO - Instance 176: Predicted class 0
2025-01-27 04:49:11,326 - xai.nshap_analysis - INFO - Instance 177: Predicted class 1
2025-01-27 04:49:11,326 - xai.nshap_analysis - INFO - Instance 178: Predicted class 0
2025-01-27 04:49:11,327 - xai.nshap_analysis - INFO - Instance 179: Predicted class 2
2025-01-27 04:49:35,160 - xai.nshap_analysis - INFO - Instance 180: Predicted class 1
2025-01-27 04:49:35,161 - xai.nshap_analysis - INFO - Instance 181: Predicted class 1
2025-01-27 04:49:35,161 - xai.nshap_analysis - INFO - Instance 182: Predicted class 3
2025-01-27 04:49:35,162 - xai.nshap_analysis - INFO - Instance 183: Predicted class 2
2025-01-27 04:49:35,162 - xai.nshap_analysis - INFO - Instance 184: Predicted class 1
2025-01-27 04:49:35,162 - xai.nshap_analysis - INFO - Instance 185: Predicted class 1
2025-01-27 04:49:35,163 - xai.nshap_analysis - INFO - Instance 186: Predicted class 2
2025-01-27 04:49:35,163 - xai.nshap_analysis - INFO - Instance 187: Predicted class 0
2025-01-27 04:49:35,163 - xai.nshap_analysis - INFO - Instance 188: Predicted class 1
2025-01-27 04:49:35,163 - xai.nshap_analysis - INFO - Instance 189: Predicted class 0
2025-01-27 04:49:35,163 - xai.nshap_analysis - INFO - Instance 190: Predicted class 1
2025-01-27 04:49:35,164 - xai.nshap_analysis - INFO - Instance 191: Predicted class 3
2025-01-27 04:49:35,164 - xai.nshap_analysis - INFO - Instance 192: Predicted class 1
2025-01-27 04:49:35,164 - xai.nshap_analysis - INFO - Instance 193: Predicted class 3
2025-01-27 04:49:35,164 - xai.nshap_analysis - INFO - Instance 194: Predicted class 0
2025-01-27 04:49:35,169 - xai.nshap_analysis - INFO - Instance 195: Predicted class 3
2025-01-27 04:49:35,169 - xai.nshap_analysis - INFO - Instance 196: Predicted class 0
2025-01-27 04:49:35,170 - xai.nshap_analysis - INFO - Instance 197: Predicted class 1
2025-01-27 04:49:35,170 - xai.nshap_analysis - INFO - Instance 198: Predicted class 2
2025-01-27 04:49:35,170 - xai.nshap_analysis - INFO - Instance 199: Predicted class 2
2025-01-27 04:49:58,779 - xai.nshap_analysis - INFO - Instance 200: Predicted class 3
2025-01-27 04:49:58,779 - xai.nshap_analysis - INFO - Instance 201: Predicted class 1
2025-01-27 04:49:58,780 - xai.nshap_analysis - INFO - Instance 202: Predicted class 1
2025-01-27 04:49:58,780 - xai.nshap_analysis - INFO - Instance 203: Predicted class 1
2025-01-27 04:49:58,781 - xai.nshap_analysis - INFO - Instance 204: Predicted class 1
2025-01-27 04:49:58,781 - xai.nshap_analysis - INFO - Instance 205: Predicted class 1
2025-01-27 04:49:58,781 - xai.nshap_analysis - INFO - Instance 206: Predicted class 1
2025-01-27 04:49:58,781 - xai.nshap_analysis - INFO - Instance 207: Predicted class 3
2025-01-27 04:49:58,781 - xai.nshap_analysis - INFO - Instance 208: Predicted class 1
2025-01-27 04:49:58,782 - xai.nshap_analysis - INFO - Instance 209: Predicted class 2
2025-01-27 04:49:58,782 - xai.nshap_analysis - INFO - Instance 210: Predicted class 0
2025-01-27 04:49:58,782 - xai.nshap_analysis - INFO - Instance 211: Predicted class 3
2025-01-27 04:49:58,782 - xai.nshap_analysis - INFO - Instance 212: Predicted class 2
2025-01-27 04:49:58,783 - xai.nshap_analysis - INFO - Instance 213: Predicted class 1
2025-01-27 04:49:58,783 - xai.nshap_analysis - INFO - Instance 214: Predicted class 2
2025-01-27 04:49:58,783 - xai.nshap_analysis - INFO - Instance 215: Predicted class 2
2025-01-27 04:49:58,783 - xai.nshap_analysis - INFO - Instance 216: Predicted class 2
2025-01-27 04:49:58,783 - xai.nshap_analysis - INFO - Instance 217: Predicted class 1
2025-01-27 04:49:58,784 - xai.nshap_analysis - INFO - Instance 218: Predicted class 1
2025-01-27 04:49:58,784 - xai.nshap_analysis - INFO - Instance 219: Predicted class 2
2025-01-27 04:50:22,354 - xai.nshap_analysis - INFO - Instance 220: Predicted class 1
2025-01-27 04:50:22,354 - xai.nshap_analysis - INFO - Instance 221: Predicted class 3
2025-01-27 04:50:22,355 - xai.nshap_analysis - INFO - Instance 222: Predicted class 3
2025-01-27 04:50:22,355 - xai.nshap_analysis - INFO - Instance 223: Predicted class 0
2025-01-27 04:50:22,356 - xai.nshap_analysis - INFO - Instance 224: Predicted class 3
2025-01-27 04:50:22,356 - xai.nshap_analysis - INFO - Instance 225: Predicted class 2
2025-01-27 04:50:22,356 - xai.nshap_analysis - INFO - Instance 226: Predicted class 2
2025-01-27 04:50:22,356 - xai.nshap_analysis - INFO - Instance 227: Predicted class 1
2025-01-27 04:50:22,357 - xai.nshap_analysis - INFO - Instance 228: Predicted class 0
2025-01-27 04:50:22,357 - xai.nshap_analysis - INFO - Instance 229: Predicted class 3
2025-01-27 04:50:22,357 - xai.nshap_analysis - INFO - Instance 230: Predicted class 2
2025-01-27 04:50:22,357 - xai.nshap_analysis - INFO - Instance 231: Predicted class 3
2025-01-27 04:50:22,357 - xai.nshap_analysis - INFO - Instance 232: Predicted class 3
2025-01-27 04:50:22,358 - xai.nshap_analysis - INFO - Instance 233: Predicted class 0
2025-01-27 04:50:22,358 - xai.nshap_analysis - INFO - Instance 234: Predicted class 0
2025-01-27 04:50:22,358 - xai.nshap_analysis - INFO - Instance 235: Predicted class 0
2025-01-27 04:50:22,358 - xai.nshap_analysis - INFO - Instance 236: Predicted class 1
2025-01-27 04:50:22,362 - xai.nshap_analysis - INFO - Instance 237: Predicted class 3
2025-01-27 04:50:22,363 - xai.nshap_analysis - INFO - Instance 238: Predicted class 1
2025-01-27 04:50:22,363 - xai.nshap_analysis - INFO - Instance 239: Predicted class 3
2025-01-27 04:50:46,278 - xai.nshap_analysis - INFO - Instance 240: Predicted class 2
2025-01-27 04:50:46,279 - xai.nshap_analysis - INFO - Instance 241: Predicted class 1
2025-01-27 04:50:46,279 - xai.nshap_analysis - INFO - Instance 242: Predicted class 0
2025-01-27 04:50:46,279 - xai.nshap_analysis - INFO - Instance 243: Predicted class 2
2025-01-27 04:50:46,280 - xai.nshap_analysis - INFO - Instance 244: Predicted class 1
2025-01-27 04:50:46,280 - xai.nshap_analysis - INFO - Instance 245: Predicted class 0
2025-01-27 04:50:46,280 - xai.nshap_analysis - INFO - Instance 246: Predicted class 2
2025-01-27 04:50:46,280 - xai.nshap_analysis - INFO - Instance 247: Predicted class 1
2025-01-27 04:50:46,280 - xai.nshap_analysis - INFO - Instance 248: Predicted class 3
2025-01-27 04:50:46,281 - xai.nshap_analysis - INFO - Instance 249: Predicted class 2
2025-01-27 04:50:46,281 - xai.nshap_analysis - INFO - Instance 250: Predicted class 2
2025-01-27 04:50:46,281 - xai.nshap_analysis - INFO - Instance 251: Predicted class 1
2025-01-27 04:50:46,281 - xai.nshap_analysis - INFO - Instance 252: Predicted class 1
2025-01-27 04:50:46,282 - xai.nshap_analysis - INFO - Instance 253: Predicted class 0
2025-01-27 04:50:46,282 - xai.nshap_analysis - INFO - Instance 254: Predicted class 3
2025-01-27 04:50:46,282 - xai.nshap_analysis - INFO - Instance 255: Predicted class 0
2025-01-27 04:50:46,282 - xai.nshap_analysis - INFO - Instance 256: Predicted class 3
2025-01-27 04:50:46,286 - xai.nshap_analysis - INFO - Instance 257: Predicted class 0
2025-01-27 04:50:46,287 - xai.nshap_analysis - INFO - Instance 258: Predicted class 0
2025-01-27 04:50:46,287 - xai.nshap_analysis - INFO - Instance 259: Predicted class 0
2025-01-27 04:51:10,168 - xai.nshap_analysis - INFO - Instance 260: Predicted class 1
2025-01-27 04:51:10,169 - xai.nshap_analysis - INFO - Instance 261: Predicted class 3
2025-01-27 04:51:10,169 - xai.nshap_analysis - INFO - Instance 262: Predicted class 0
2025-01-27 04:51:10,170 - xai.nshap_analysis - INFO - Instance 263: Predicted class 2
2025-01-27 04:51:10,170 - xai.nshap_analysis - INFO - Instance 264: Predicted class 0
2025-01-27 04:51:10,170 - xai.nshap_analysis - INFO - Instance 265: Predicted class 1
2025-01-27 04:51:10,170 - xai.nshap_analysis - INFO - Instance 266: Predicted class 1
2025-01-27 04:51:10,171 - xai.nshap_analysis - INFO - Instance 267: Predicted class 2
2025-01-27 04:51:10,171 - xai.nshap_analysis - INFO - Instance 268: Predicted class 1
2025-01-27 04:51:10,171 - xai.nshap_analysis - INFO - Instance 269: Predicted class 0
2025-01-27 04:51:10,171 - xai.nshap_analysis - INFO - Instance 270: Predicted class 0
2025-01-27 04:51:10,171 - xai.nshap_analysis - INFO - Instance 271: Predicted class 3
2025-01-27 04:51:10,172 - xai.nshap_analysis - INFO - Instance 272: Predicted class 2
2025-01-27 04:51:10,176 - xai.nshap_analysis - INFO - Instance 273: Predicted class 0
2025-01-27 04:51:10,176 - xai.nshap_analysis - INFO - Instance 274: Predicted class 0
2025-01-27 04:51:10,177 - xai.nshap_analysis - INFO - Instance 275: Predicted class 1
2025-01-27 04:51:10,177 - xai.nshap_analysis - INFO - Instance 276: Predicted class 0
2025-01-27 04:51:10,177 - xai.nshap_analysis - INFO - Instance 277: Predicted class 0
2025-01-27 04:51:10,177 - xai.nshap_analysis - INFO - Instance 278: Predicted class 3
2025-01-27 04:51:10,178 - xai.nshap_analysis - INFO - Instance 279: Predicted class 1
2025-01-27 04:51:34,083 - xai.nshap_analysis - INFO - Instance 280: Predicted class 1
2025-01-27 04:51:34,084 - xai.nshap_analysis - INFO - Instance 281: Predicted class 3
2025-01-27 04:51:34,084 - xai.nshap_analysis - INFO - Instance 282: Predicted class 0
2025-01-27 04:51:34,085 - xai.nshap_analysis - INFO - Instance 283: Predicted class 1
2025-01-27 04:51:34,085 - xai.nshap_analysis - INFO - Instance 284: Predicted class 3
2025-01-27 04:51:34,085 - xai.nshap_analysis - INFO - Instance 285: Predicted class 1
2025-01-27 04:51:34,085 - xai.nshap_analysis - INFO - Instance 286: Predicted class 2
2025-01-27 04:51:34,085 - xai.nshap_analysis - INFO - Instance 287: Predicted class 2
2025-01-27 04:51:34,086 - xai.nshap_analysis - INFO - Instance 288: Predicted class 0
2025-01-27 04:51:34,086 - xai.nshap_analysis - INFO - Instance 289: Predicted class 1
2025-01-27 04:51:34,086 - xai.nshap_analysis - INFO - Instance 290: Predicted class 0
2025-01-27 04:51:34,090 - xai.nshap_analysis - INFO - Instance 291: Predicted class 0
2025-01-27 04:51:34,090 - xai.nshap_analysis - INFO - Instance 292: Predicted class 2
2025-01-27 04:51:34,091 - xai.nshap_analysis - INFO - Instance 293: Predicted class 2
2025-01-27 04:51:34,091 - xai.nshap_analysis - INFO - Instance 294: Predicted class 1
2025-01-27 04:51:34,092 - xai.nshap_analysis - INFO - Instance 295: Predicted class 0
2025-01-27 04:51:34,092 - xai.nshap_analysis - INFO - Instance 296: Predicted class 2
2025-01-27 04:51:34,092 - xai.nshap_analysis - INFO - Instance 297: Predicted class 0
2025-01-27 04:51:34,092 - xai.nshap_analysis - INFO - Instance 298: Predicted class 0
2025-01-27 04:51:34,093 - xai.nshap_analysis - INFO - Instance 299: Predicted class 1
2025-01-27 04:51:57,438 - xai.nshap_analysis - INFO - Instance 300: Predicted class 0
2025-01-27 04:51:57,439 - xai.nshap_analysis - INFO - Instance 301: Predicted class 1
2025-01-27 04:51:57,439 - xai.nshap_analysis - INFO - Instance 302: Predicted class 3
2025-01-27 04:51:57,439 - xai.nshap_analysis - INFO - Instance 303: Predicted class 2
2025-01-27 04:51:57,440 - xai.nshap_analysis - INFO - Instance 304: Predicted class 1
2025-01-27 04:51:57,440 - xai.nshap_analysis - INFO - Instance 305: Predicted class 0
2025-01-27 04:51:57,440 - xai.nshap_analysis - INFO - Instance 306: Predicted class 3
2025-01-27 04:51:57,440 - xai.nshap_analysis - INFO - Instance 307: Predicted class 1
2025-01-27 04:51:57,441 - xai.nshap_analysis - INFO - Instance 308: Predicted class 0
2025-01-27 04:51:57,441 - xai.nshap_analysis - INFO - Instance 309: Predicted class 0
2025-01-27 04:51:57,441 - xai.nshap_analysis - INFO - Instance 310: Predicted class 1
2025-01-27 04:51:57,441 - xai.nshap_analysis - INFO - Instance 311: Predicted class 1
2025-01-27 04:51:57,445 - xai.nshap_analysis - INFO - Instance 312: Predicted class 0
2025-01-27 04:51:57,446 - xai.nshap_analysis - INFO - Instance 313: Predicted class 0
2025-01-27 04:51:57,446 - xai.nshap_analysis - INFO - Instance 314: Predicted class 0
2025-01-27 04:51:57,446 - xai.nshap_analysis - INFO - Instance 315: Predicted class 1
2025-01-27 04:51:57,447 - xai.nshap_analysis - INFO - Instance 316: Predicted class 0
2025-01-27 04:51:57,447 - xai.nshap_analysis - INFO - Instance 317: Predicted class 0
2025-01-27 04:51:57,447 - xai.nshap_analysis - INFO - Instance 318: Predicted class 0
2025-01-27 04:51:57,447 - xai.nshap_analysis - INFO - Instance 319: Predicted class 1
2025-01-27 04:52:21,149 - xai.nshap_analysis - INFO - Instance 320: Predicted class 0
2025-01-27 04:52:21,149 - xai.nshap_analysis - INFO - Instance 321: Predicted class 2
2025-01-27 04:52:21,150 - xai.nshap_analysis - INFO - Instance 322: Predicted class 0
2025-01-27 04:52:21,150 - xai.nshap_analysis - INFO - Instance 323: Predicted class 0
2025-01-27 04:52:21,150 - xai.nshap_analysis - INFO - Instance 324: Predicted class 3
2025-01-27 04:52:21,150 - xai.nshap_analysis - INFO - Instance 325: Predicted class 2
2025-01-27 04:52:21,151 - xai.nshap_analysis - INFO - Instance 326: Predicted class 0
2025-01-27 04:52:21,151 - xai.nshap_analysis - INFO - Instance 327: Predicted class 0
2025-01-27 04:52:21,151 - xai.nshap_analysis - INFO - Instance 328: Predicted class 0
2025-01-27 04:52:21,155 - xai.nshap_analysis - INFO - Instance 329: Predicted class 3
2025-01-27 04:52:21,156 - xai.nshap_analysis - INFO - Instance 330: Predicted class 0
2025-01-27 04:52:21,156 - xai.nshap_analysis - INFO - Instance 331: Predicted class 0
2025-01-27 04:52:21,156 - xai.nshap_analysis - INFO - Instance 332: Predicted class 0
2025-01-27 04:52:21,156 - xai.nshap_analysis - INFO - Instance 333: Predicted class 1
2025-01-27 04:52:21,157 - xai.nshap_analysis - INFO - Instance 334: Predicted class 1
2025-01-27 04:52:21,157 - xai.nshap_analysis - INFO - Instance 335: Predicted class 2
2025-01-27 04:52:21,157 - xai.nshap_analysis - INFO - Instance 336: Predicted class 0
2025-01-27 04:52:21,157 - xai.nshap_analysis - INFO - Instance 337: Predicted class 0
2025-01-27 04:52:21,157 - xai.nshap_analysis - INFO - Instance 338: Predicted class 2
2025-01-27 04:52:21,158 - xai.nshap_analysis - INFO - Instance 339: Predicted class 3
2025-01-27 04:52:44,917 - xai.nshap_analysis - INFO - Instance 340: Predicted class 1
2025-01-27 04:52:44,918 - xai.nshap_analysis - INFO - Instance 341: Predicted class 3
2025-01-27 04:52:44,918 - xai.nshap_analysis - INFO - Instance 342: Predicted class 0
2025-01-27 04:52:44,919 - xai.nshap_analysis - INFO - Instance 343: Predicted class 1
2025-01-27 04:52:44,919 - xai.nshap_analysis - INFO - Instance 344: Predicted class 0
2025-01-27 04:52:44,919 - xai.nshap_analysis - INFO - Instance 345: Predicted class 1
2025-01-27 04:52:44,919 - xai.nshap_analysis - INFO - Instance 346: Predicted class 2
2025-01-27 04:52:44,919 - xai.nshap_analysis - INFO - Instance 347: Predicted class 1
2025-01-27 04:52:44,919 - xai.nshap_analysis - INFO - Instance 348: Predicted class 3
2025-01-27 04:52:44,919 - xai.nshap_analysis - INFO - Instance 349: Predicted class 1
2025-01-27 04:52:44,920 - xai.nshap_analysis - INFO - Instance 350: Predicted class 2
2025-01-27 04:52:44,924 - xai.nshap_analysis - INFO - Instance 351: Predicted class 0
2025-01-27 04:52:44,924 - xai.nshap_analysis - INFO - Instance 352: Predicted class 1
2025-01-27 04:52:44,925 - xai.nshap_analysis - INFO - Instance 353: Predicted class 0
2025-01-27 04:52:44,925 - xai.nshap_analysis - INFO - Instance 354: Predicted class 3
2025-01-27 04:52:44,925 - xai.nshap_analysis - INFO - Instance 355: Predicted class 0
2025-01-27 04:52:44,925 - xai.nshap_analysis - INFO - Instance 356: Predicted class 0
2025-01-27 04:52:44,925 - xai.nshap_analysis - INFO - Instance 357: Predicted class 2
2025-01-27 04:52:44,926 - xai.nshap_analysis - INFO - Instance 358: Predicted class 1
2025-01-27 04:52:44,926 - xai.nshap_analysis - INFO - Instance 359: Predicted class 0
2025-01-27 04:53:08,621 - xai.nshap_analysis - INFO - Instance 360: Predicted class 0
2025-01-27 04:53:08,621 - xai.nshap_analysis - INFO - Instance 361: Predicted class 0
2025-01-27 04:53:08,622 - xai.nshap_analysis - INFO - Instance 362: Predicted class 2
2025-01-27 04:53:08,622 - xai.nshap_analysis - INFO - Instance 363: Predicted class 3
2025-01-27 04:53:08,622 - xai.nshap_analysis - INFO - Instance 364: Predicted class 1
2025-01-27 04:53:08,623 - xai.nshap_analysis - INFO - Instance 365: Predicted class 0
2025-01-27 04:53:08,623 - xai.nshap_analysis - INFO - Instance 366: Predicted class 0
2025-01-27 04:53:08,623 - xai.nshap_analysis - INFO - Instance 367: Predicted class 0
2025-01-27 04:53:08,623 - xai.nshap_analysis - INFO - Instance 368: Predicted class 1
2025-01-27 04:53:08,623 - xai.nshap_analysis - INFO - Instance 369: Predicted class 1
2025-01-27 04:53:08,624 - xai.nshap_analysis - INFO - Instance 370: Predicted class 0
2025-01-27 04:53:08,624 - xai.nshap_analysis - INFO - Instance 371: Predicted class 1
2025-01-27 04:53:08,624 - xai.nshap_analysis - INFO - Instance 372: Predicted class 2
2025-01-27 04:53:08,624 - xai.nshap_analysis - INFO - Instance 373: Predicted class 1
2025-01-27 04:53:08,624 - xai.nshap_analysis - INFO - Instance 374: Predicted class 1
2025-01-27 04:53:08,625 - xai.nshap_analysis - INFO - Instance 375: Predicted class 1
2025-01-27 04:53:08,625 - xai.nshap_analysis - INFO - Instance 376: Predicted class 2
2025-01-27 04:53:08,625 - xai.nshap_analysis - INFO - Instance 377: Predicted class 0
2025-01-27 04:53:08,625 - xai.nshap_analysis - INFO - Instance 378: Predicted class 3
2025-01-27 04:53:08,629 - xai.nshap_analysis - INFO - Instance 379: Predicted class 1
2025-01-27 04:53:32,584 - xai.nshap_analysis - INFO - Instance 380: Predicted class 1
2025-01-27 04:53:32,585 - xai.nshap_analysis - INFO - Instance 381: Predicted class 3
2025-01-27 04:53:32,585 - xai.nshap_analysis - INFO - Instance 382: Predicted class 3
2025-01-27 04:53:32,585 - xai.nshap_analysis - INFO - Instance 383: Predicted class 3
2025-01-27 04:53:32,586 - xai.nshap_analysis - INFO - Instance 384: Predicted class 0
2025-01-27 04:53:32,586 - xai.nshap_analysis - INFO - Instance 385: Predicted class 1
2025-01-27 04:53:32,586 - xai.nshap_analysis - INFO - Instance 386: Predicted class 3
2025-01-27 04:53:32,586 - xai.nshap_analysis - INFO - Instance 387: Predicted class 2
2025-01-27 04:53:32,587 - xai.nshap_analysis - INFO - Instance 388: Predicted class 2
2025-01-27 04:53:32,587 - xai.nshap_analysis - INFO - Instance 389: Predicted class 0
2025-01-27 04:53:32,591 - xai.nshap_analysis - INFO - Instance 390: Predicted class 1
2025-01-27 04:53:32,591 - xai.nshap_analysis - INFO - Instance 391: Predicted class 1
2025-01-27 04:53:32,592 - xai.nshap_analysis - INFO - Instance 392: Predicted class 0
2025-01-27 04:53:32,592 - xai.nshap_analysis - INFO - Instance 393: Predicted class 0
2025-01-27 04:53:32,592 - xai.nshap_analysis - INFO - Instance 394: Predicted class 2
2025-01-27 04:53:32,593 - xai.nshap_analysis - INFO - Instance 395: Predicted class 3
2025-01-27 04:53:32,593 - xai.nshap_analysis - INFO - Instance 396: Predicted class 0
2025-01-27 04:53:32,593 - xai.nshap_analysis - INFO - Instance 397: Predicted class 1
2025-01-27 04:53:32,593 - xai.nshap_analysis - INFO - Instance 398: Predicted class 2
2025-01-27 04:53:32,593 - xai.nshap_analysis - INFO - Instance 399: Predicted class 1
2025-01-27 04:53:55,904 - xai.nshap_analysis - INFO - Instance 400: Predicted class 2
2025-01-27 04:53:55,905 - xai.nshap_analysis - INFO - Instance 401: Predicted class 3
2025-01-27 04:53:55,905 - xai.nshap_analysis - INFO - Instance 402: Predicted class 3
2025-01-27 04:53:55,906 - xai.nshap_analysis - INFO - Instance 403: Predicted class 0
2025-01-27 04:53:55,906 - xai.nshap_analysis - INFO - Instance 404: Predicted class 2
2025-01-27 04:53:55,906 - xai.nshap_analysis - INFO - Instance 405: Predicted class 0
2025-01-27 04:53:55,906 - xai.nshap_analysis - INFO - Instance 406: Predicted class 0
2025-01-27 04:53:55,907 - xai.nshap_analysis - INFO - Instance 407: Predicted class 1
2025-01-27 04:53:55,907 - xai.nshap_analysis - INFO - Instance 408: Predicted class 0
2025-01-27 04:53:55,907 - xai.nshap_analysis - INFO - Instance 409: Predicted class 1
2025-01-27 04:53:55,907 - xai.nshap_analysis - INFO - Instance 410: Predicted class 2
2025-01-27 04:53:55,908 - xai.nshap_analysis - INFO - Instance 411: Predicted class 3
2025-01-27 04:53:55,908 - xai.nshap_analysis - INFO - Instance 412: Predicted class 0
2025-01-27 04:53:55,911 - xai.nshap_analysis - INFO - Instance 413: Predicted class 0
2025-01-27 04:53:55,912 - xai.nshap_analysis - INFO - Instance 414: Predicted class 2
2025-01-27 04:53:55,912 - xai.nshap_analysis - INFO - Instance 415: Predicted class 0
2025-01-27 04:53:55,913 - xai.nshap_analysis - INFO - Instance 416: Predicted class 2
2025-01-27 04:53:55,913 - xai.nshap_analysis - INFO - Instance 417: Predicted class 0
2025-01-27 04:53:55,913 - xai.nshap_analysis - INFO - Instance 418: Predicted class 1
2025-01-27 04:53:55,913 - xai.nshap_analysis - INFO - Instance 419: Predicted class 3
2025-01-27 04:54:19,702 - xai.nshap_analysis - INFO - Instance 420: Predicted class 3
2025-01-27 04:54:19,703 - xai.nshap_analysis - INFO - Instance 421: Predicted class 3
2025-01-27 04:54:19,703 - xai.nshap_analysis - INFO - Instance 422: Predicted class 2
2025-01-27 04:54:19,704 - xai.nshap_analysis - INFO - Instance 423: Predicted class 1
2025-01-27 04:54:19,704 - xai.nshap_analysis - INFO - Instance 424: Predicted class 0
2025-01-27 04:54:19,704 - xai.nshap_analysis - INFO - Instance 425: Predicted class 0
2025-01-27 04:54:19,704 - xai.nshap_analysis - INFO - Instance 426: Predicted class 0
2025-01-27 04:54:19,705 - xai.nshap_analysis - INFO - Instance 427: Predicted class 1
2025-01-27 04:54:19,705 - xai.nshap_analysis - INFO - Instance 428: Predicted class 1
2025-01-27 04:54:19,705 - xai.nshap_analysis - INFO - Instance 429: Predicted class 0
2025-01-27 04:54:19,705 - xai.nshap_analysis - INFO - Instance 430: Predicted class 0
2025-01-27 04:54:19,705 - xai.nshap_analysis - INFO - Instance 431: Predicted class 3
2025-01-27 04:54:19,706 - xai.nshap_analysis - INFO - Instance 432: Predicted class 1
2025-01-27 04:54:19,706 - xai.nshap_analysis - INFO - Instance 433: Predicted class 1
2025-01-27 04:54:19,706 - xai.nshap_analysis - INFO - Instance 434: Predicted class 0
2025-01-27 04:54:19,710 - xai.nshap_analysis - INFO - Instance 435: Predicted class 2
2025-01-27 04:54:19,710 - xai.nshap_analysis - INFO - Instance 436: Predicted class 1
2025-01-27 04:54:19,711 - xai.nshap_analysis - INFO - Instance 437: Predicted class 0
2025-01-27 04:54:19,711 - xai.nshap_analysis - INFO - Instance 438: Predicted class 3
2025-01-27 04:54:19,711 - xai.nshap_analysis - INFO - Instance 439: Predicted class 0
2025-01-27 04:54:43,302 - xai.nshap_analysis - INFO - Instance 440: Predicted class 0
2025-01-27 04:54:43,302 - xai.nshap_analysis - INFO - Instance 441: Predicted class 1
2025-01-27 04:54:43,303 - xai.nshap_analysis - INFO - Instance 442: Predicted class 3
2025-01-27 04:54:43,303 - xai.nshap_analysis - INFO - Instance 443: Predicted class 0
2025-01-27 04:54:43,303 - xai.nshap_analysis - INFO - Instance 444: Predicted class 0
2025-01-27 04:54:43,303 - xai.nshap_analysis - INFO - Instance 445: Predicted class 2
2025-01-27 04:54:43,304 - xai.nshap_analysis - INFO - Instance 446: Predicted class 3
2025-01-27 04:54:43,304 - xai.nshap_analysis - INFO - Instance 447: Predicted class 3
2025-01-27 04:54:43,304 - xai.nshap_analysis - INFO - Instance 448: Predicted class 0
2025-01-27 04:54:43,304 - xai.nshap_analysis - INFO - Instance 449: Predicted class 1
2025-01-27 04:54:43,304 - xai.nshap_analysis - INFO - Instance 450: Predicted class 1
2025-01-27 04:54:43,305 - xai.nshap_analysis - INFO - Instance 451: Predicted class 3
2025-01-27 04:54:43,305 - xai.nshap_analysis - INFO - Instance 452: Predicted class 3
2025-01-27 04:54:43,305 - xai.nshap_analysis - INFO - Instance 453: Predicted class 3
2025-01-27 04:54:43,305 - xai.nshap_analysis - INFO - Instance 454: Predicted class 1
2025-01-27 04:54:43,306 - xai.nshap_analysis - INFO - Instance 455: Predicted class 0
2025-01-27 04:54:43,306 - xai.nshap_analysis - INFO - Instance 456: Predicted class 3
2025-01-27 04:54:43,306 - xai.nshap_analysis - INFO - Instance 457: Predicted class 0
2025-01-27 04:54:43,306 - xai.nshap_analysis - INFO - Instance 458: Predicted class 3
2025-01-27 04:54:43,306 - xai.nshap_analysis - INFO - Instance 459: Predicted class 1
2025-01-27 04:55:06,882 - xai.nshap_analysis - INFO - Instance 460: Predicted class 1
2025-01-27 04:55:06,883 - xai.nshap_analysis - INFO - Instance 461: Predicted class 0
2025-01-27 04:55:06,883 - xai.nshap_analysis - INFO - Instance 462: Predicted class 0
2025-01-27 04:55:06,884 - xai.nshap_analysis - INFO - Instance 463: Predicted class 0
2025-01-27 04:55:06,884 - xai.nshap_analysis - INFO - Instance 464: Predicted class 0
2025-01-27 04:55:06,884 - xai.nshap_analysis - INFO - Instance 465: Predicted class 2
2025-01-27 04:55:06,884 - xai.nshap_analysis - INFO - Instance 466: Predicted class 1
2025-01-27 04:55:06,885 - xai.nshap_analysis - INFO - Instance 467: Predicted class 1
2025-01-27 04:55:06,885 - xai.nshap_analysis - INFO - Instance 468: Predicted class 0
2025-01-27 04:55:06,885 - xai.nshap_analysis - INFO - Instance 469: Predicted class 0
2025-01-27 04:55:06,885 - xai.nshap_analysis - INFO - Instance 470: Predicted class 3
2025-01-27 04:55:06,886 - xai.nshap_analysis - INFO - Instance 471: Predicted class 1
2025-01-27 04:55:06,886 - xai.nshap_analysis - INFO - Instance 472: Predicted class 3
2025-01-27 04:55:06,890 - xai.nshap_analysis - INFO - Instance 473: Predicted class 0
2025-01-27 04:55:06,890 - xai.nshap_analysis - INFO - Instance 474: Predicted class 0
2025-01-27 04:55:06,891 - xai.nshap_analysis - INFO - Instance 475: Predicted class 1
2025-01-27 04:55:06,891 - xai.nshap_analysis - INFO - Instance 476: Predicted class 1
2025-01-27 04:55:06,891 - xai.nshap_analysis - INFO - Instance 477: Predicted class 1
2025-01-27 04:55:06,891 - xai.nshap_analysis - INFO - Instance 478: Predicted class 3
2025-01-27 04:55:06,892 - xai.nshap_analysis - INFO - Instance 479: Predicted class 3
2025-01-27 04:55:30,841 - xai.nshap_analysis - INFO - Instance 480: Predicted class 1
2025-01-27 04:55:30,842 - xai.nshap_analysis - INFO - Instance 481: Predicted class 2
2025-01-27 04:55:30,842 - xai.nshap_analysis - INFO - Instance 482: Predicted class 0
2025-01-27 04:55:30,843 - xai.nshap_analysis - INFO - Instance 483: Predicted class 2
2025-01-27 04:55:30,843 - xai.nshap_analysis - INFO - Instance 484: Predicted class 1
2025-01-27 04:55:30,843 - xai.nshap_analysis - INFO - Instance 485: Predicted class 1
2025-01-27 04:55:30,843 - xai.nshap_analysis - INFO - Instance 486: Predicted class 0
2025-01-27 04:55:30,844 - xai.nshap_analysis - INFO - Instance 487: Predicted class 0
2025-01-27 04:55:30,844 - xai.nshap_analysis - INFO - Instance 488: Predicted class 2
2025-01-27 04:55:30,844 - xai.nshap_analysis - INFO - Instance 489: Predicted class 1
2025-01-27 04:55:30,844 - xai.nshap_analysis - INFO - Instance 490: Predicted class 0
2025-01-27 04:55:30,848 - xai.nshap_analysis - INFO - Instance 491: Predicted class 1
2025-01-27 04:55:30,849 - xai.nshap_analysis - INFO - Instance 492: Predicted class 1
2025-01-27 04:55:30,849 - xai.nshap_analysis - INFO - Instance 493: Predicted class 0
2025-01-27 04:55:30,849 - xai.nshap_analysis - INFO - Instance 494: Predicted class 1
2025-01-27 04:55:30,850 - xai.nshap_analysis - INFO - Instance 495: Predicted class 2
2025-01-27 04:55:30,850 - xai.nshap_analysis - INFO - Instance 496: Predicted class 0
2025-01-27 04:55:30,850 - xai.nshap_analysis - INFO - Instance 497: Predicted class 3
2025-01-27 04:55:30,850 - xai.nshap_analysis - INFO - Instance 498: Predicted class 1
2025-01-27 04:55:30,851 - xai.nshap_analysis - INFO - Instance 499: Predicted class 0
2025-01-27 04:55:54,438 - xai.nshap_analysis - INFO - Instance 500: Predicted class 3
2025-01-27 04:55:54,439 - xai.nshap_analysis - INFO - Instance 501: Predicted class 2
2025-01-27 04:55:54,439 - xai.nshap_analysis - INFO - Instance 502: Predicted class 1
2025-01-27 04:55:54,440 - xai.nshap_analysis - INFO - Instance 503: Predicted class 1
2025-01-27 04:55:54,440 - xai.nshap_analysis - INFO - Instance 504: Predicted class 3
2025-01-27 04:55:54,440 - xai.nshap_analysis - INFO - Instance 505: Predicted class 2
2025-01-27 04:55:54,440 - xai.nshap_analysis - INFO - Instance 506: Predicted class 0
2025-01-27 04:55:54,441 - xai.nshap_analysis - INFO - Instance 507: Predicted class 0
2025-01-27 04:55:54,441 - xai.nshap_analysis - INFO - Instance 508: Predicted class 3
2025-01-27 04:55:54,441 - xai.nshap_analysis - INFO - Instance 509: Predicted class 2
2025-01-27 04:55:54,441 - xai.nshap_analysis - INFO - Instance 510: Predicted class 3
2025-01-27 04:55:54,442 - xai.nshap_analysis - INFO - Instance 511: Predicted class 0
2025-01-27 04:55:54,442 - xai.nshap_analysis - INFO - Instance 512: Predicted class 2
2025-01-27 04:55:54,442 - xai.nshap_analysis - INFO - Instance 513: Predicted class 1
2025-01-27 04:55:54,446 - xai.nshap_analysis - INFO - Instance 514: Predicted class 0
2025-01-27 04:55:54,447 - xai.nshap_analysis - INFO - Instance 515: Predicted class 0
2025-01-27 04:55:54,447 - xai.nshap_analysis - INFO - Instance 516: Predicted class 1
2025-01-27 04:55:54,447 - xai.nshap_analysis - INFO - Instance 517: Predicted class 2
2025-01-27 04:55:54,448 - xai.nshap_analysis - INFO - Instance 518: Predicted class 0
2025-01-27 04:55:54,448 - xai.nshap_analysis - INFO - Instance 519: Predicted class 3
2025-01-27 04:56:18,070 - xai.nshap_analysis - INFO - Instance 520: Predicted class 1
2025-01-27 04:56:18,071 - xai.nshap_analysis - INFO - Instance 521: Predicted class 1
2025-01-27 04:56:18,071 - xai.nshap_analysis - INFO - Instance 522: Predicted class 1
2025-01-27 04:56:18,071 - xai.nshap_analysis - INFO - Instance 523: Predicted class 1
2025-01-27 04:56:18,072 - xai.nshap_analysis - INFO - Instance 524: Predicted class 3
2025-01-27 04:56:18,072 - xai.nshap_analysis - INFO - Instance 525: Predicted class 1
2025-01-27 04:56:18,072 - xai.nshap_analysis - INFO - Instance 526: Predicted class 2
2025-01-27 04:56:18,072 - xai.nshap_analysis - INFO - Instance 527: Predicted class 1
2025-01-27 04:56:18,073 - xai.nshap_analysis - INFO - Instance 528: Predicted class 3
2025-01-27 04:56:18,073 - xai.nshap_analysis - INFO - Instance 529: Predicted class 3
2025-01-27 04:56:18,073 - xai.nshap_analysis - INFO - Instance 530: Predicted class 1
2025-01-27 04:56:18,073 - xai.nshap_analysis - INFO - Instance 531: Predicted class 0
2025-01-27 04:56:18,077 - xai.nshap_analysis - INFO - Instance 532: Predicted class 3
2025-01-27 04:56:18,078 - xai.nshap_analysis - INFO - Instance 533: Predicted class 3
2025-01-27 04:56:18,078 - xai.nshap_analysis - INFO - Instance 534: Predicted class 2
2025-01-27 04:56:18,078 - xai.nshap_analysis - INFO - Instance 535: Predicted class 1
2025-01-27 04:56:18,079 - xai.nshap_analysis - INFO - Instance 536: Predicted class 1
2025-01-27 04:56:18,079 - xai.nshap_analysis - INFO - Instance 537: Predicted class 2
2025-01-27 04:56:18,079 - xai.nshap_analysis - INFO - Instance 538: Predicted class 3
2025-01-27 04:56:18,079 - xai.nshap_analysis - INFO - Instance 539: Predicted class 0
2025-01-27 04:56:41,833 - xai.nshap_analysis - INFO - Instance 540: Predicted class 0
2025-01-27 04:56:41,833 - xai.nshap_analysis - INFO - Instance 541: Predicted class 2
2025-01-27 04:56:41,834 - xai.nshap_analysis - INFO - Instance 542: Predicted class 1
2025-01-27 04:56:41,834 - xai.nshap_analysis - INFO - Instance 543: Predicted class 3
2025-01-27 04:56:41,834 - xai.nshap_analysis - INFO - Instance 544: Predicted class 3
2025-01-27 04:56:41,835 - xai.nshap_analysis - INFO - Instance 545: Predicted class 0
2025-01-27 04:56:41,835 - xai.nshap_analysis - INFO - Instance 546: Predicted class 0
2025-01-27 04:56:41,835 - xai.nshap_analysis - INFO - Instance 547: Predicted class 0
2025-01-27 04:56:41,835 - xai.nshap_analysis - INFO - Instance 548: Predicted class 1
2025-01-27 04:56:41,835 - xai.nshap_analysis - INFO - Instance 549: Predicted class 0
2025-01-27 04:56:41,836 - xai.nshap_analysis - INFO - Instance 550: Predicted class 0
2025-01-27 04:56:41,840 - xai.nshap_analysis - INFO - Instance 551: Predicted class 0
2025-01-27 04:56:41,840 - xai.nshap_analysis - INFO - Instance 552: Predicted class 0
2025-01-27 04:56:41,840 - xai.nshap_analysis - INFO - Instance 553: Predicted class 1
2025-01-27 04:56:41,841 - xai.nshap_analysis - INFO - Instance 554: Predicted class 0
2025-01-27 04:56:41,841 - xai.nshap_analysis - INFO - Instance 555: Predicted class 3
2025-01-27 04:56:41,841 - xai.nshap_analysis - INFO - Instance 556: Predicted class 1
2025-01-27 04:56:41,841 - xai.nshap_analysis - INFO - Instance 557: Predicted class 2
2025-01-27 04:56:41,842 - xai.nshap_analysis - INFO - Instance 558: Predicted class 0
2025-01-27 04:56:41,842 - xai.nshap_analysis - INFO - Instance 559: Predicted class 0
2025-01-27 04:57:05,546 - xai.nshap_analysis - INFO - Instance 560: Predicted class 0
2025-01-27 04:57:05,547 - xai.nshap_analysis - INFO - Instance 561: Predicted class 0
2025-01-27 04:57:05,547 - xai.nshap_analysis - INFO - Instance 562: Predicted class 2
2025-01-27 04:57:05,548 - xai.nshap_analysis - INFO - Instance 563: Predicted class 1
2025-01-27 04:57:05,548 - xai.nshap_analysis - INFO - Instance 564: Predicted class 1
2025-01-27 04:57:05,548 - xai.nshap_analysis - INFO - Instance 565: Predicted class 3
2025-01-27 04:57:05,549 - xai.nshap_analysis - INFO - Instance 566: Predicted class 0
2025-01-27 04:57:05,549 - xai.nshap_analysis - INFO - Instance 567: Predicted class 0
2025-01-27 04:57:05,549 - xai.nshap_analysis - INFO - Instance 568: Predicted class 0
2025-01-27 04:57:05,549 - xai.nshap_analysis - INFO - Instance 569: Predicted class 1
2025-01-27 04:57:05,549 - xai.nshap_analysis - INFO - Instance 570: Predicted class 1
2025-01-27 04:57:05,550 - xai.nshap_analysis - INFO - Instance 571: Predicted class 2
2025-01-27 04:57:05,550 - xai.nshap_analysis - INFO - Instance 572: Predicted class 0
2025-01-27 04:57:05,550 - xai.nshap_analysis - INFO - Instance 573: Predicted class 0
2025-01-27 04:57:05,550 - xai.nshap_analysis - INFO - Instance 574: Predicted class 0
2025-01-27 04:57:05,550 - xai.nshap_analysis - INFO - Instance 575: Predicted class 1
2025-01-27 04:57:05,551 - xai.nshap_analysis - INFO - Instance 576: Predicted class 1
2025-01-27 04:57:05,551 - xai.nshap_analysis - INFO - Instance 577: Predicted class 1
2025-01-27 04:57:05,551 - xai.nshap_analysis - INFO - Instance 578: Predicted class 0
2025-01-27 04:57:05,551 - xai.nshap_analysis - INFO - Instance 579: Predicted class 1
2025-01-27 04:57:29,367 - xai.nshap_analysis - INFO - Instance 580: Predicted class 3
2025-01-27 04:57:29,368 - xai.nshap_analysis - INFO - Instance 581: Predicted class 0
2025-01-27 04:57:29,368 - xai.nshap_analysis - INFO - Instance 582: Predicted class 3
2025-01-27 04:57:29,369 - xai.nshap_analysis - INFO - Instance 583: Predicted class 2
2025-01-27 04:57:29,369 - xai.nshap_analysis - INFO - Instance 584: Predicted class 3
2025-01-27 04:57:29,369 - xai.nshap_analysis - INFO - Instance 585: Predicted class 0
2025-01-27 04:57:29,369 - xai.nshap_analysis - INFO - Instance 586: Predicted class 3
2025-01-27 04:57:29,370 - xai.nshap_analysis - INFO - Instance 587: Predicted class 0
2025-01-27 04:57:29,370 - xai.nshap_analysis - INFO - Instance 588: Predicted class 2
2025-01-27 04:57:29,370 - xai.nshap_analysis - INFO - Instance 589: Predicted class 0
2025-01-27 04:57:29,370 - xai.nshap_analysis - INFO - Instance 590: Predicted class 0
2025-01-27 04:57:29,374 - xai.nshap_analysis - INFO - Instance 591: Predicted class 1
2025-01-27 04:57:29,375 - xai.nshap_analysis - INFO - Instance 592: Predicted class 0
2025-01-27 04:57:29,375 - xai.nshap_analysis - INFO - Instance 593: Predicted class 3
2025-01-27 04:57:29,375 - xai.nshap_analysis - INFO - Instance 594: Predicted class 3
2025-01-27 04:57:29,376 - xai.nshap_analysis - INFO - Instance 595: Predicted class 1
2025-01-27 04:57:29,376 - xai.nshap_analysis - INFO - Instance 596: Predicted class 1
2025-01-27 04:57:29,376 - xai.nshap_analysis - INFO - Instance 597: Predicted class 0
2025-01-27 04:57:29,376 - xai.nshap_analysis - INFO - Instance 598: Predicted class 3
2025-01-27 04:57:29,376 - xai.nshap_analysis - INFO - Instance 599: Predicted class 2
2025-01-27 04:57:53,167 - xai.nshap_analysis - INFO - Instance 600: Predicted class 1
2025-01-27 04:57:53,167 - xai.nshap_analysis - INFO - Instance 601: Predicted class 0
2025-01-27 04:57:53,168 - xai.nshap_analysis - INFO - Instance 602: Predicted class 0
2025-01-27 04:57:53,168 - xai.nshap_analysis - INFO - Instance 603: Predicted class 0
2025-01-27 04:57:53,168 - xai.nshap_analysis - INFO - Instance 604: Predicted class 1
2025-01-27 04:57:53,169 - xai.nshap_analysis - INFO - Instance 605: Predicted class 1
2025-01-27 04:57:53,169 - xai.nshap_analysis - INFO - Instance 606: Predicted class 0
2025-01-27 04:57:53,169 - xai.nshap_analysis - INFO - Instance 607: Predicted class 1
2025-01-27 04:57:53,169 - xai.nshap_analysis - INFO - Instance 608: Predicted class 1
2025-01-27 04:57:53,170 - xai.nshap_analysis - INFO - Instance 609: Predicted class 2
2025-01-27 04:57:53,170 - xai.nshap_analysis - INFO - Instance 610: Predicted class 0
2025-01-27 04:57:53,174 - xai.nshap_analysis - INFO - Instance 611: Predicted class 3
2025-01-27 04:57:53,174 - xai.nshap_analysis - INFO - Instance 612: Predicted class 0
2025-01-27 04:57:53,175 - xai.nshap_analysis - INFO - Instance 613: Predicted class 0
2025-01-27 04:57:53,175 - xai.nshap_analysis - INFO - Instance 614: Predicted class 1
2025-01-27 04:57:53,175 - xai.nshap_analysis - INFO - Instance 615: Predicted class 2
2025-01-27 04:57:53,175 - xai.nshap_analysis - INFO - Instance 616: Predicted class 1
2025-01-27 04:57:53,176 - xai.nshap_analysis - INFO - Instance 617: Predicted class 0
2025-01-27 04:57:53,176 - xai.nshap_analysis - INFO - Instance 618: Predicted class 0
2025-01-27 04:57:53,176 - xai.nshap_analysis - INFO - Instance 619: Predicted class 1
2025-01-27 04:58:17,113 - xai.nshap_analysis - INFO - Instance 620: Predicted class 1
2025-01-27 04:58:17,114 - xai.nshap_analysis - INFO - Instance 621: Predicted class 1
2025-01-27 04:58:17,114 - xai.nshap_analysis - INFO - Instance 622: Predicted class 2
2025-01-27 04:58:17,114 - xai.nshap_analysis - INFO - Instance 623: Predicted class 2
2025-01-27 04:58:17,115 - xai.nshap_analysis - INFO - Instance 624: Predicted class 0
2025-01-27 04:58:17,115 - xai.nshap_analysis - INFO - Instance 625: Predicted class 3
2025-01-27 04:58:17,115 - xai.nshap_analysis - INFO - Instance 626: Predicted class 1
2025-01-27 04:58:17,115 - xai.nshap_analysis - INFO - Instance 627: Predicted class 1
2025-01-27 04:58:17,116 - xai.nshap_analysis - INFO - Instance 628: Predicted class 2
2025-01-27 04:58:17,116 - xai.nshap_analysis - INFO - Instance 629: Predicted class 3
2025-01-27 04:58:17,116 - xai.nshap_analysis - INFO - Instance 630: Predicted class 2
2025-01-27 04:58:17,120 - xai.nshap_analysis - INFO - Instance 631: Predicted class 3
2025-01-27 04:58:17,121 - xai.nshap_analysis - INFO - Instance 632: Predicted class 3
2025-01-27 04:58:17,121 - xai.nshap_analysis - INFO - Instance 633: Predicted class 0
2025-01-27 04:58:17,121 - xai.nshap_analysis - INFO - Instance 634: Predicted class 1
2025-01-27 04:58:17,121 - xai.nshap_analysis - INFO - Instance 635: Predicted class 0
2025-01-27 04:58:17,122 - xai.nshap_analysis - INFO - Instance 636: Predicted class 1
2025-01-27 04:58:17,122 - xai.nshap_analysis - INFO - Instance 637: Predicted class 1
2025-01-27 04:58:17,122 - xai.nshap_analysis - INFO - Instance 638: Predicted class 3
2025-01-27 04:58:17,122 - xai.nshap_analysis - INFO - Instance 639: Predicted class 2
2025-01-27 04:58:41,234 - xai.nshap_analysis - INFO - Instance 640: Predicted class 0
2025-01-27 04:58:41,234 - xai.nshap_analysis - INFO - Instance 641: Predicted class 1
2025-01-27 04:58:41,235 - xai.nshap_analysis - INFO - Instance 642: Predicted class 0
2025-01-27 04:58:41,235 - xai.nshap_analysis - INFO - Instance 643: Predicted class 1
2025-01-27 04:58:41,235 - xai.nshap_analysis - INFO - Instance 644: Predicted class 1
2025-01-27 04:58:41,235 - xai.nshap_analysis - INFO - Instance 645: Predicted class 1
2025-01-27 04:58:41,236 - xai.nshap_analysis - INFO - Instance 646: Predicted class 0
2025-01-27 04:58:41,236 - xai.nshap_analysis - INFO - Instance 647: Predicted class 2
2025-01-27 04:58:41,236 - xai.nshap_analysis - INFO - Instance 648: Predicted class 1
2025-01-27 04:58:41,236 - xai.nshap_analysis - INFO - Instance 649: Predicted class 1
2025-01-27 04:58:41,236 - xai.nshap_analysis - INFO - Instance 650: Predicted class 1
2025-01-27 04:58:41,240 - xai.nshap_analysis - INFO - Instance 651: Predicted class 0
2025-01-27 04:58:41,241 - xai.nshap_analysis - INFO - Instance 652: Predicted class 1
2025-01-27 04:58:41,241 - xai.nshap_analysis - INFO - Instance 653: Predicted class 0
2025-01-27 04:58:41,241 - xai.nshap_analysis - INFO - Instance 654: Predicted class 0
2025-01-27 04:58:41,242 - xai.nshap_analysis - INFO - Instance 655: Predicted class 1
2025-01-27 04:58:41,242 - xai.nshap_analysis - INFO - Instance 656: Predicted class 3
2025-01-27 04:58:41,242 - xai.nshap_analysis - INFO - Instance 657: Predicted class 3
2025-01-27 04:58:41,243 - xai.nshap_analysis - INFO - Instance 658: Predicted class 2
2025-01-27 04:58:41,243 - xai.nshap_analysis - INFO - Instance 659: Predicted class 0
2025-01-27 04:59:05,214 - xai.nshap_analysis - INFO - Instance 660: Predicted class 1
2025-01-27 04:59:05,214 - xai.nshap_analysis - INFO - Instance 661: Predicted class 2
2025-01-27 04:59:05,215 - xai.nshap_analysis - INFO - Instance 662: Predicted class 0
2025-01-27 04:59:05,215 - xai.nshap_analysis - INFO - Instance 663: Predicted class 1
2025-01-27 04:59:05,216 - xai.nshap_analysis - INFO - Instance 664: Predicted class 1
2025-01-27 04:59:05,216 - xai.nshap_analysis - INFO - Instance 665: Predicted class 1
2025-01-27 04:59:05,216 - xai.nshap_analysis - INFO - Instance 666: Predicted class 0
2025-01-27 04:59:05,216 - xai.nshap_analysis - INFO - Instance 667: Predicted class 3
2025-01-27 04:59:05,217 - xai.nshap_analysis - INFO - Instance 668: Predicted class 1
2025-01-27 04:59:05,217 - xai.nshap_analysis - INFO - Instance 669: Predicted class 3
2025-01-27 04:59:05,217 - xai.nshap_analysis - INFO - Instance 670: Predicted class 2
2025-01-27 04:59:05,217 - xai.nshap_analysis - INFO - Instance 671: Predicted class 0
2025-01-27 04:59:05,218 - xai.nshap_analysis - INFO - Instance 672: Predicted class 2
2025-01-27 04:59:05,218 - xai.nshap_analysis - INFO - Instance 673: Predicted class 2
2025-01-27 04:59:05,222 - xai.nshap_analysis - INFO - Instance 674: Predicted class 1
2025-01-27 04:59:05,222 - xai.nshap_analysis - INFO - Instance 675: Predicted class 0
2025-01-27 04:59:05,223 - xai.nshap_analysis - INFO - Instance 676: Predicted class 0
2025-01-27 04:59:05,223 - xai.nshap_analysis - INFO - Instance 677: Predicted class 1
2025-01-27 04:59:05,223 - xai.nshap_analysis - INFO - Instance 678: Predicted class 1
2025-01-27 04:59:05,223 - xai.nshap_analysis - INFO - Instance 679: Predicted class 0
2025-01-27 04:59:28,961 - xai.nshap_analysis - INFO - Instance 680: Predicted class 3
2025-01-27 04:59:28,962 - xai.nshap_analysis - INFO - Instance 681: Predicted class 0
2025-01-27 04:59:28,963 - xai.nshap_analysis - INFO - Instance 682: Predicted class 0
2025-01-27 04:59:28,963 - xai.nshap_analysis - INFO - Instance 683: Predicted class 2
2025-01-27 04:59:28,964 - xai.nshap_analysis - INFO - Instance 684: Predicted class 0
2025-01-27 04:59:28,964 - xai.nshap_analysis - INFO - Instance 685: Predicted class 0
2025-01-27 04:59:28,964 - xai.nshap_analysis - INFO - Instance 686: Predicted class 0
2025-01-27 04:59:28,964 - xai.nshap_analysis - INFO - Instance 687: Predicted class 0
2025-01-27 04:59:28,964 - xai.nshap_analysis - INFO - Instance 688: Predicted class 0
2025-01-27 04:59:28,965 - xai.nshap_analysis - INFO - Instance 689: Predicted class 2
2025-01-27 04:59:28,969 - xai.nshap_analysis - INFO - Instance 690: Predicted class 1
2025-01-27 04:59:28,969 - xai.nshap_analysis - INFO - Instance 691: Predicted class 2
2025-01-27 04:59:28,969 - xai.nshap_analysis - INFO - Instance 692: Predicted class 0
2025-01-27 04:59:28,970 - xai.nshap_analysis - INFO - Instance 693: Predicted class 1
2025-01-27 04:59:28,970 - xai.nshap_analysis - INFO - Instance 694: Predicted class 2
2025-01-27 04:59:28,970 - xai.nshap_analysis - INFO - Instance 695: Predicted class 3
2025-01-27 04:59:28,970 - xai.nshap_analysis - INFO - Instance 696: Predicted class 3
2025-01-27 04:59:28,970 - xai.nshap_analysis - INFO - Instance 697: Predicted class 1
2025-01-27 04:59:28,971 - xai.nshap_analysis - INFO - Instance 698: Predicted class 1
2025-01-27 04:59:28,971 - xai.nshap_analysis - INFO - Instance 699: Predicted class 0
2025-01-27 04:59:52,717 - xai.nshap_analysis - INFO - Instance 700: Predicted class 2
2025-01-27 04:59:52,717 - xai.nshap_analysis - INFO - Instance 701: Predicted class 0
2025-01-27 04:59:52,718 - xai.nshap_analysis - INFO - Instance 702: Predicted class 3
2025-01-27 04:59:52,718 - xai.nshap_analysis - INFO - Instance 703: Predicted class 1
2025-01-27 04:59:52,718 - xai.nshap_analysis - INFO - Instance 704: Predicted class 1
2025-01-27 04:59:52,719 - xai.nshap_analysis - INFO - Instance 705: Predicted class 1
2025-01-27 04:59:52,719 - xai.nshap_analysis - INFO - Instance 706: Predicted class 2
2025-01-27 04:59:52,719 - xai.nshap_analysis - INFO - Instance 707: Predicted class 3
2025-01-27 04:59:52,719 - xai.nshap_analysis - INFO - Instance 708: Predicted class 0
2025-01-27 04:59:52,719 - xai.nshap_analysis - INFO - Instance 709: Predicted class 0
2025-01-27 04:59:52,720 - xai.nshap_analysis - INFO - Instance 710: Predicted class 3
2025-01-27 04:59:52,720 - xai.nshap_analysis - INFO - Instance 711: Predicted class 0
2025-01-27 04:59:52,720 - xai.nshap_analysis - INFO - Instance 712: Predicted class 0
2025-01-27 04:59:52,724 - xai.nshap_analysis - INFO - Instance 713: Predicted class 0
2025-01-27 04:59:52,724 - xai.nshap_analysis - INFO - Instance 714: Predicted class 0
2025-01-27 04:59:52,726 - xai.nshap_analysis - INFO - Instance 715: Predicted class 2
2025-01-27 04:59:52,726 - xai.nshap_analysis - INFO - Instance 716: Predicted class 0
2025-01-27 04:59:52,726 - xai.nshap_analysis - INFO - Instance 717: Predicted class 1
2025-01-27 04:59:52,726 - xai.nshap_analysis - INFO - Instance 718: Predicted class 1
2025-01-27 04:59:52,727 - xai.nshap_analysis - INFO - Instance 719: Predicted class 3
2025-01-27 05:00:16,486 - xai.nshap_analysis - INFO - Instance 720: Predicted class 0
2025-01-27 05:00:16,487 - xai.nshap_analysis - INFO - Instance 721: Predicted class 1
2025-01-27 05:00:16,487 - xai.nshap_analysis - INFO - Instance 722: Predicted class 1
2025-01-27 05:00:16,487 - xai.nshap_analysis - INFO - Instance 723: Predicted class 2
2025-01-27 05:00:16,488 - xai.nshap_analysis - INFO - Instance 724: Predicted class 1
2025-01-27 05:00:16,488 - xai.nshap_analysis - INFO - Instance 725: Predicted class 1
2025-01-27 05:00:16,488 - xai.nshap_analysis - INFO - Instance 726: Predicted class 0
2025-01-27 05:00:16,488 - xai.nshap_analysis - INFO - Instance 727: Predicted class 1
2025-01-27 05:00:16,489 - xai.nshap_analysis - INFO - Instance 728: Predicted class 0
2025-01-27 05:00:16,489 - xai.nshap_analysis - INFO - Instance 729: Predicted class 0
2025-01-27 05:00:16,489 - xai.nshap_analysis - INFO - Instance 730: Predicted class 1
2025-01-27 05:00:16,493 - xai.nshap_analysis - INFO - Instance 731: Predicted class 3
2025-01-27 05:00:16,494 - xai.nshap_analysis - INFO - Instance 732: Predicted class 2
2025-01-27 05:00:16,494 - xai.nshap_analysis - INFO - Instance 733: Predicted class 1
2025-01-27 05:00:16,494 - xai.nshap_analysis - INFO - Instance 734: Predicted class 2
2025-01-27 05:00:16,494 - xai.nshap_analysis - INFO - Instance 735: Predicted class 0
2025-01-27 05:00:16,495 - xai.nshap_analysis - INFO - Instance 736: Predicted class 1
2025-01-27 05:00:16,495 - xai.nshap_analysis - INFO - Instance 737: Predicted class 0
2025-01-27 05:00:16,495 - xai.nshap_analysis - INFO - Instance 738: Predicted class 1
2025-01-27 05:00:16,495 - xai.nshap_analysis - INFO - Instance 739: Predicted class 1
2025-01-27 05:00:40,042 - xai.nshap_analysis - INFO - Instance 740: Predicted class 0
2025-01-27 05:00:40,042 - xai.nshap_analysis - INFO - Instance 741: Predicted class 1
2025-01-27 05:00:40,043 - xai.nshap_analysis - INFO - Instance 742: Predicted class 3
2025-01-27 05:00:40,043 - xai.nshap_analysis - INFO - Instance 743: Predicted class 0
2025-01-27 05:00:40,044 - xai.nshap_analysis - INFO - Instance 744: Predicted class 0
2025-01-27 05:00:40,044 - xai.nshap_analysis - INFO - Instance 745: Predicted class 1
2025-01-27 05:00:40,044 - xai.nshap_analysis - INFO - Instance 746: Predicted class 0
2025-01-27 05:00:40,044 - xai.nshap_analysis - INFO - Instance 747: Predicted class 1
2025-01-27 05:00:40,045 - xai.nshap_analysis - INFO - Instance 748: Predicted class 1
2025-01-27 05:00:40,045 - xai.nshap_analysis - INFO - Instance 749: Predicted class 1
2025-01-27 05:00:40,049 - xai.nshap_analysis - INFO - Instance 750: Predicted class 0
2025-01-27 05:00:40,049 - xai.nshap_analysis - INFO - Instance 751: Predicted class 0
2025-01-27 05:00:40,049 - xai.nshap_analysis - INFO - Instance 752: Predicted class 0
2025-01-27 05:00:40,050 - xai.nshap_analysis - INFO - Instance 753: Predicted class 2
2025-01-27 05:00:40,050 - xai.nshap_analysis - INFO - Instance 754: Predicted class 3
2025-01-27 05:00:40,050 - xai.nshap_analysis - INFO - Instance 755: Predicted class 0
2025-01-27 05:00:40,050 - xai.nshap_analysis - INFO - Instance 756: Predicted class 0
2025-01-27 05:00:40,051 - xai.nshap_analysis - INFO - Instance 757: Predicted class 0
2025-01-27 05:00:40,051 - xai.nshap_analysis - INFO - Instance 758: Predicted class 0
2025-01-27 05:00:40,051 - xai.nshap_analysis - INFO - Instance 759: Predicted class 3
2025-01-27 05:01:03,817 - xai.nshap_analysis - INFO - Instance 760: Predicted class 1
2025-01-27 05:01:03,818 - xai.nshap_analysis - INFO - Instance 761: Predicted class 0
2025-01-27 05:01:03,818 - xai.nshap_analysis - INFO - Instance 762: Predicted class 3
2025-01-27 05:01:03,819 - xai.nshap_analysis - INFO - Instance 763: Predicted class 1
2025-01-27 05:01:03,819 - xai.nshap_analysis - INFO - Instance 764: Predicted class 1
2025-01-27 05:01:03,819 - xai.nshap_analysis - INFO - Instance 765: Predicted class 2
2025-01-27 05:01:03,819 - xai.nshap_analysis - INFO - Instance 766: Predicted class 2
2025-01-27 05:01:03,820 - xai.nshap_analysis - INFO - Instance 767: Predicted class 1
2025-01-27 05:01:03,820 - xai.nshap_analysis - INFO - Instance 768: Predicted class 3
2025-01-27 05:01:03,820 - xai.nshap_analysis - INFO - Instance 769: Predicted class 0
2025-01-27 05:01:03,820 - xai.nshap_analysis - INFO - Instance 770: Predicted class 1
2025-01-27 05:01:03,820 - xai.nshap_analysis - INFO - Instance 771: Predicted class 0
2025-01-27 05:01:03,821 - xai.nshap_analysis - INFO - Instance 772: Predicted class 3
2025-01-27 05:01:03,821 - xai.nshap_analysis - INFO - Instance 773: Predicted class 1
2025-01-27 05:01:03,821 - xai.nshap_analysis - INFO - Instance 774: Predicted class 1
2025-01-27 05:01:03,821 - xai.nshap_analysis - INFO - Instance 775: Predicted class 1
2025-01-27 05:01:03,822 - xai.nshap_analysis - INFO - Instance 776: Predicted class 1
2025-01-27 05:01:03,826 - xai.nshap_analysis - INFO - Instance 777: Predicted class 2
2025-01-27 05:01:03,826 - xai.nshap_analysis - INFO - Instance 778: Predicted class 1
2025-01-27 05:01:03,826 - xai.nshap_analysis - INFO - Instance 779: Predicted class 1
2025-01-27 05:01:27,510 - xai.nshap_analysis - INFO - Instance 780: Predicted class 3
2025-01-27 05:01:27,511 - xai.nshap_analysis - INFO - Instance 781: Predicted class 0
2025-01-27 05:01:27,511 - xai.nshap_analysis - INFO - Instance 782: Predicted class 1
2025-01-27 05:01:27,512 - xai.nshap_analysis - INFO - Instance 783: Predicted class 1
2025-01-27 05:01:27,512 - xai.nshap_analysis - INFO - Instance 784: Predicted class 3
2025-01-27 05:01:27,512 - xai.nshap_analysis - INFO - Instance 785: Predicted class 3
2025-01-27 05:02:08,647 - xai.nshap_analysis - INFO - Computing faith shap values
2025-01-27 05:02:08,650 - xai.nshap_analysis - INFO - Instance 0: Predicted class 0
2025-01-27 05:02:08,651 - xai.nshap_analysis - INFO - Instance 1: Predicted class 3
2025-01-27 05:02:08,651 - xai.nshap_analysis - INFO - Instance 2: Predicted class 0
2025-01-27 05:02:08,651 - xai.nshap_analysis - INFO - Instance 3: Predicted class 2
2025-01-27 05:02:08,651 - xai.nshap_analysis - INFO - Instance 4: Predicted class 0
2025-01-27 05:02:08,652 - xai.nshap_analysis - INFO - Instance 5: Predicted class 0
2025-01-27 05:02:08,652 - xai.nshap_analysis - INFO - Instance 6: Predicted class 3
2025-01-27 05:02:08,652 - xai.nshap_analysis - INFO - Instance 7: Predicted class 0
2025-01-27 05:02:08,652 - xai.nshap_analysis - INFO - Instance 8: Predicted class 1
2025-01-27 05:02:08,652 - xai.nshap_analysis - INFO - Instance 9: Predicted class 2
2025-01-27 05:02:08,653 - xai.nshap_analysis - INFO - Instance 10: Predicted class 3
2025-01-27 05:02:08,653 - xai.nshap_analysis - INFO - Instance 11: Predicted class 1
2025-01-27 05:02:08,653 - xai.nshap_analysis - INFO - Instance 12: Predicted class 2
2025-01-27 05:02:08,653 - xai.nshap_analysis - INFO - Instance 13: Predicted class 0
2025-01-27 05:02:08,654 - xai.nshap_analysis - INFO - Instance 14: Predicted class 0
2025-01-27 05:02:08,654 - xai.nshap_analysis - INFO - Instance 15: Predicted class 0
2025-01-27 05:02:08,654 - xai.nshap_analysis - INFO - Instance 16: Predicted class 0
2025-01-27 05:02:08,654 - xai.nshap_analysis - INFO - Instance 17: Predicted class 3
2025-01-27 05:02:08,655 - xai.nshap_analysis - INFO - Instance 18: Predicted class 2
2025-01-27 05:02:08,655 - xai.nshap_analysis - INFO - Instance 19: Predicted class 0
2025-01-27 05:02:08,656 - xai.nshap_analysis - INFO - Instance 20: Predicted class 1
2025-01-27 05:02:08,656 - xai.nshap_analysis - INFO - Instance 21: Predicted class 2
2025-01-27 05:02:08,657 - xai.nshap_analysis - INFO - Instance 22: Predicted class 0
2025-01-27 05:02:08,658 - xai.nshap_analysis - INFO - Instance 23: Predicted class 0
2025-01-27 05:02:08,658 - xai.nshap_analysis - INFO - Instance 24: Predicted class 3
2025-01-27 05:02:08,658 - xai.nshap_analysis - INFO - Instance 25: Predicted class 1
2025-01-27 05:02:08,659 - xai.nshap_analysis - INFO - Instance 26: Predicted class 1
2025-01-27 05:02:08,659 - xai.nshap_analysis - INFO - Instance 27: Predicted class 2
2025-01-27 05:02:08,659 - xai.nshap_analysis - INFO - Instance 28: Predicted class 3
2025-01-27 05:02:08,660 - xai.nshap_analysis - INFO - Instance 29: Predicted class 3
2025-01-27 05:02:08,660 - xai.nshap_analysis - INFO - Instance 30: Predicted class 2
2025-01-27 05:02:08,661 - xai.nshap_analysis - INFO - Instance 31: Predicted class 3
2025-01-27 05:02:08,661 - xai.nshap_analysis - INFO - Instance 32: Predicted class 3
2025-01-27 05:02:08,661 - xai.nshap_analysis - INFO - Instance 33: Predicted class 1
2025-01-27 05:02:08,662 - xai.nshap_analysis - INFO - Instance 34: Predicted class 1
2025-01-27 05:02:08,662 - xai.nshap_analysis - INFO - Instance 35: Predicted class 3
2025-01-27 05:02:08,665 - xai.nshap_analysis - INFO - Instance 36: Predicted class 2
2025-01-27 05:02:08,684 - xai.nshap_analysis - INFO - Instance 37: Predicted class 1
2025-01-27 05:02:08,687 - xai.nshap_analysis - INFO - Instance 38: Predicted class 1
2025-01-27 05:02:08,687 - xai.nshap_analysis - INFO - Instance 39: Predicted class 2
2025-01-27 05:02:25,815 - xai.nshap_analysis - INFO - Instance 40: Predicted class 1
2025-01-27 05:02:25,815 - xai.nshap_analysis - INFO - Instance 41: Predicted class 2
2025-01-27 05:02:25,816 - xai.nshap_analysis - INFO - Instance 42: Predicted class 2
2025-01-27 05:02:25,816 - xai.nshap_analysis - INFO - Instance 43: Predicted class 2
2025-01-27 05:02:25,816 - xai.nshap_analysis - INFO - Instance 44: Predicted class 0
2025-01-27 05:02:25,816 - xai.nshap_analysis - INFO - Instance 45: Predicted class 0
2025-01-27 05:02:25,817 - xai.nshap_analysis - INFO - Instance 46: Predicted class 1
2025-01-27 05:02:25,817 - xai.nshap_analysis - INFO - Instance 47: Predicted class 1
2025-01-27 05:02:25,817 - xai.nshap_analysis - INFO - Instance 48: Predicted class 3
2025-01-27 05:02:25,817 - xai.nshap_analysis - INFO - Instance 49: Predicted class 0
2025-01-27 05:02:25,817 - xai.nshap_analysis - INFO - Instance 50: Predicted class 3
2025-01-27 05:02:25,818 - xai.nshap_analysis - INFO - Instance 51: Predicted class 0
2025-01-27 05:02:25,818 - xai.nshap_analysis - INFO - Instance 52: Predicted class 2
2025-01-27 05:02:25,818 - xai.nshap_analysis - INFO - Instance 53: Predicted class 0
2025-01-27 05:02:25,818 - xai.nshap_analysis - INFO - Instance 54: Predicted class 1
2025-01-27 05:02:25,819 - xai.nshap_analysis - INFO - Instance 55: Predicted class 2
2025-01-27 05:02:25,822 - xai.nshap_analysis - INFO - Instance 56: Predicted class 0
2025-01-27 05:02:25,823 - xai.nshap_analysis - INFO - Instance 57: Predicted class 1
2025-01-27 05:02:25,823 - xai.nshap_analysis - INFO - Instance 58: Predicted class 0
2025-01-27 05:02:25,824 - xai.nshap_analysis - INFO - Instance 59: Predicted class 2
2025-01-27 05:02:49,550 - xai.nshap_analysis - INFO - Instance 60: Predicted class 3
2025-01-27 05:02:49,551 - xai.nshap_analysis - INFO - Instance 61: Predicted class 0
2025-01-27 05:02:49,551 - xai.nshap_analysis - INFO - Instance 62: Predicted class 2
2025-01-27 05:02:49,552 - xai.nshap_analysis - INFO - Instance 63: Predicted class 2
2025-01-27 05:02:49,552 - xai.nshap_analysis - INFO - Instance 64: Predicted class 1
2025-01-27 05:02:49,552 - xai.nshap_analysis - INFO - Instance 65: Predicted class 1
2025-01-27 05:02:49,552 - xai.nshap_analysis - INFO - Instance 66: Predicted class 1
2025-01-27 05:02:49,552 - xai.nshap_analysis - INFO - Instance 67: Predicted class 3
2025-01-27 05:02:49,553 - xai.nshap_analysis - INFO - Instance 68: Predicted class 0
2025-01-27 05:02:49,553 - xai.nshap_analysis - INFO - Instance 69: Predicted class 2
2025-01-27 05:02:49,553 - xai.nshap_analysis - INFO - Instance 70: Predicted class 0
2025-01-27 05:02:49,553 - xai.nshap_analysis - INFO - Instance 71: Predicted class 1
2025-01-27 05:02:49,557 - xai.nshap_analysis - INFO - Instance 72: Predicted class 0
2025-01-27 05:02:49,558 - xai.nshap_analysis - INFO - Instance 73: Predicted class 3
2025-01-27 05:02:49,558 - xai.nshap_analysis - INFO - Instance 74: Predicted class 1
2025-01-27 05:02:49,559 - xai.nshap_analysis - INFO - Instance 75: Predicted class 1
2025-01-27 05:02:49,559 - xai.nshap_analysis - INFO - Instance 76: Predicted class 1
2025-01-27 05:02:49,559 - xai.nshap_analysis - INFO - Instance 77: Predicted class 3
2025-01-27 05:02:49,559 - xai.nshap_analysis - INFO - Instance 78: Predicted class 0
2025-01-27 05:02:49,559 - xai.nshap_analysis - INFO - Instance 79: Predicted class 0
2025-01-27 05:03:12,909 - xai.nshap_analysis - INFO - Instance 80: Predicted class 3
2025-01-27 05:03:12,910 - xai.nshap_analysis - INFO - Instance 81: Predicted class 0
2025-01-27 05:03:12,910 - xai.nshap_analysis - INFO - Instance 82: Predicted class 3
2025-01-27 05:03:12,911 - xai.nshap_analysis - INFO - Instance 83: Predicted class 0
2025-01-27 05:03:12,911 - xai.nshap_analysis - INFO - Instance 84: Predicted class 0
2025-01-27 05:03:12,911 - xai.nshap_analysis - INFO - Instance 85: Predicted class 0
2025-01-27 05:03:12,911 - xai.nshap_analysis - INFO - Instance 86: Predicted class 0
2025-01-27 05:03:12,912 - xai.nshap_analysis - INFO - Instance 87: Predicted class 0
2025-01-27 05:03:12,912 - xai.nshap_analysis - INFO - Instance 88: Predicted class 0
2025-01-27 05:03:12,912 - xai.nshap_analysis - INFO - Instance 89: Predicted class 3
2025-01-27 05:03:12,912 - xai.nshap_analysis - INFO - Instance 90: Predicted class 2
2025-01-27 05:03:12,912 - xai.nshap_analysis - INFO - Instance 91: Predicted class 0
2025-01-27 05:03:12,913 - xai.nshap_analysis - INFO - Instance 92: Predicted class 1
2025-01-27 05:03:12,913 - xai.nshap_analysis - INFO - Instance 93: Predicted class 0
2025-01-27 05:03:12,917 - xai.nshap_analysis - INFO - Instance 94: Predicted class 0
2025-01-27 05:03:12,917 - xai.nshap_analysis - INFO - Instance 95: Predicted class 1
2025-01-27 05:03:12,918 - xai.nshap_analysis - INFO - Instance 96: Predicted class 3
2025-01-27 05:03:12,918 - xai.nshap_analysis - INFO - Instance 97: Predicted class 1
2025-01-27 05:03:12,918 - xai.nshap_analysis - INFO - Instance 98: Predicted class 0
2025-01-27 05:03:12,919 - xai.nshap_analysis - INFO - Instance 99: Predicted class 1
2025-01-27 05:03:36,731 - xai.nshap_analysis - INFO - Instance 100: Predicted class 0
2025-01-27 05:03:36,731 - xai.nshap_analysis - INFO - Instance 101: Predicted class 1
2025-01-27 05:03:36,732 - xai.nshap_analysis - INFO - Instance 102: Predicted class 1
2025-01-27 05:03:36,732 - xai.nshap_analysis - INFO - Instance 103: Predicted class 1
2025-01-27 05:03:36,732 - xai.nshap_analysis - INFO - Instance 104: Predicted class 0
2025-01-27 05:03:36,732 - xai.nshap_analysis - INFO - Instance 105: Predicted class 0
2025-01-27 05:03:36,733 - xai.nshap_analysis - INFO - Instance 106: Predicted class 0
2025-01-27 05:03:36,733 - xai.nshap_analysis - INFO - Instance 107: Predicted class 3
2025-01-27 05:03:36,733 - xai.nshap_analysis - INFO - Instance 108: Predicted class 0
2025-01-27 05:03:36,733 - xai.nshap_analysis - INFO - Instance 109: Predicted class 1
2025-01-27 05:03:36,734 - xai.nshap_analysis - INFO - Instance 110: Predicted class 0
2025-01-27 05:03:36,734 - xai.nshap_analysis - INFO - Instance 111: Predicted class 2
2025-01-27 05:03:36,734 - xai.nshap_analysis - INFO - Instance 112: Predicted class 0
2025-01-27 05:03:36,734 - xai.nshap_analysis - INFO - Instance 113: Predicted class 0
2025-01-27 05:03:36,739 - xai.nshap_analysis - INFO - Instance 114: Predicted class 0
2025-01-27 05:03:36,739 - xai.nshap_analysis - INFO - Instance 115: Predicted class 0
2025-01-27 05:03:36,739 - xai.nshap_analysis - INFO - Instance 116: Predicted class 0
2025-01-27 05:03:36,740 - xai.nshap_analysis - INFO - Instance 117: Predicted class 3
2025-01-27 05:03:36,740 - xai.nshap_analysis - INFO - Instance 118: Predicted class 0
2025-01-27 05:03:36,740 - xai.nshap_analysis - INFO - Instance 119: Predicted class 1
2025-01-27 05:04:00,287 - xai.nshap_analysis - INFO - Instance 120: Predicted class 0
2025-01-27 05:04:00,288 - xai.nshap_analysis - INFO - Instance 121: Predicted class 2
2025-01-27 05:04:00,288 - xai.nshap_analysis - INFO - Instance 122: Predicted class 3
2025-01-27 05:04:00,289 - xai.nshap_analysis - INFO - Instance 123: Predicted class 0
2025-01-27 05:04:00,289 - xai.nshap_analysis - INFO - Instance 124: Predicted class 0
2025-01-27 05:04:00,289 - xai.nshap_analysis - INFO - Instance 125: Predicted class 1
2025-01-27 05:04:00,289 - xai.nshap_analysis - INFO - Instance 126: Predicted class 0
2025-01-27 05:04:00,290 - xai.nshap_analysis - INFO - Instance 127: Predicted class 0
2025-01-27 05:04:00,290 - xai.nshap_analysis - INFO - Instance 128: Predicted class 2
2025-01-27 05:04:00,290 - xai.nshap_analysis - INFO - Instance 129: Predicted class 2
2025-01-27 05:04:00,290 - xai.nshap_analysis - INFO - Instance 130: Predicted class 1
2025-01-27 05:04:00,290 - xai.nshap_analysis - INFO - Instance 131: Predicted class 2
2025-01-27 05:04:00,291 - xai.nshap_analysis - INFO - Instance 132: Predicted class 1
2025-01-27 05:04:00,291 - xai.nshap_analysis - INFO - Instance 133: Predicted class 1
2025-01-27 05:04:00,295 - xai.nshap_analysis - INFO - Instance 134: Predicted class 0
2025-01-27 05:04:00,295 - xai.nshap_analysis - INFO - Instance 135: Predicted class 0
2025-01-27 05:04:00,296 - xai.nshap_analysis - INFO - Instance 136: Predicted class 1
2025-01-27 05:04:00,296 - xai.nshap_analysis - INFO - Instance 137: Predicted class 1
2025-01-27 05:04:00,296 - xai.nshap_analysis - INFO - Instance 138: Predicted class 1
2025-01-27 05:04:00,297 - xai.nshap_analysis - INFO - Instance 139: Predicted class 1
2025-01-27 05:04:23,846 - xai.nshap_analysis - INFO - Instance 140: Predicted class 3
2025-01-27 05:04:23,847 - xai.nshap_analysis - INFO - Instance 141: Predicted class 3
2025-01-27 05:04:23,847 - xai.nshap_analysis - INFO - Instance 142: Predicted class 3
2025-01-27 05:04:23,847 - xai.nshap_analysis - INFO - Instance 143: Predicted class 1
2025-01-27 05:04:23,848 - xai.nshap_analysis - INFO - Instance 144: Predicted class 0
2025-01-27 05:04:23,848 - xai.nshap_analysis - INFO - Instance 145: Predicted class 2
2025-01-27 05:04:23,848 - xai.nshap_analysis - INFO - Instance 146: Predicted class 0
2025-01-27 05:04:23,848 - xai.nshap_analysis - INFO - Instance 147: Predicted class 1
2025-01-27 05:04:23,849 - xai.nshap_analysis - INFO - Instance 148: Predicted class 0
2025-01-27 05:04:23,853 - xai.nshap_analysis - INFO - Instance 149: Predicted class 2
2025-01-27 05:04:23,853 - xai.nshap_analysis - INFO - Instance 150: Predicted class 1
2025-01-27 05:04:23,854 - xai.nshap_analysis - INFO - Instance 151: Predicted class 3
2025-01-27 05:04:23,854 - xai.nshap_analysis - INFO - Instance 152: Predicted class 3
2025-01-27 05:04:23,854 - xai.nshap_analysis - INFO - Instance 153: Predicted class 1
2025-01-27 05:04:23,854 - xai.nshap_analysis - INFO - Instance 154: Predicted class 1
2025-01-27 05:04:23,854 - xai.nshap_analysis - INFO - Instance 155: Predicted class 3
2025-01-27 05:04:23,855 - xai.nshap_analysis - INFO - Instance 156: Predicted class 2
2025-01-27 05:04:23,855 - xai.nshap_analysis - INFO - Instance 157: Predicted class 1
2025-01-27 05:04:23,855 - xai.nshap_analysis - INFO - Instance 158: Predicted class 0
2025-01-27 05:04:23,855 - xai.nshap_analysis - INFO - Instance 159: Predicted class 2
2025-01-27 05:04:47,038 - xai.nshap_analysis - INFO - Instance 160: Predicted class 0
2025-01-27 05:04:47,039 - xai.nshap_analysis - INFO - Instance 161: Predicted class 1
2025-01-27 05:04:47,039 - xai.nshap_analysis - INFO - Instance 162: Predicted class 0
2025-01-27 05:04:47,039 - xai.nshap_analysis - INFO - Instance 163: Predicted class 0
2025-01-27 05:04:47,040 - xai.nshap_analysis - INFO - Instance 164: Predicted class 2
2025-01-27 05:04:47,040 - xai.nshap_analysis - INFO - Instance 165: Predicted class 1
2025-01-27 05:04:47,040 - xai.nshap_analysis - INFO - Instance 166: Predicted class 1
2025-01-27 05:04:47,040 - xai.nshap_analysis - INFO - Instance 167: Predicted class 1
2025-01-27 05:04:47,041 - xai.nshap_analysis - INFO - Instance 168: Predicted class 2
2025-01-27 05:04:47,041 - xai.nshap_analysis - INFO - Instance 169: Predicted class 1
2025-01-27 05:04:47,041 - xai.nshap_analysis - INFO - Instance 170: Predicted class 1
2025-01-27 05:04:47,041 - xai.nshap_analysis - INFO - Instance 171: Predicted class 1
2025-01-27 05:04:47,045 - xai.nshap_analysis - INFO - Instance 172: Predicted class 2
2025-01-27 05:04:47,045 - xai.nshap_analysis - INFO - Instance 173: Predicted class 2
2025-01-27 05:04:47,045 - xai.nshap_analysis - INFO - Instance 174: Predicted class 1
2025-01-27 05:04:47,046 - xai.nshap_analysis - INFO - Instance 175: Predicted class 1
2025-01-27 05:04:47,046 - xai.nshap_analysis - INFO - Instance 176: Predicted class 0
2025-01-27 05:04:47,046 - xai.nshap_analysis - INFO - Instance 177: Predicted class 1
2025-01-27 05:04:47,046 - xai.nshap_analysis - INFO - Instance 178: Predicted class 0
2025-01-27 05:04:47,047 - xai.nshap_analysis - INFO - Instance 179: Predicted class 2
2025-01-27 05:05:10,526 - xai.nshap_analysis - INFO - Instance 180: Predicted class 1
2025-01-27 05:05:10,526 - xai.nshap_analysis - INFO - Instance 181: Predicted class 1
2025-01-27 05:05:10,527 - xai.nshap_analysis - INFO - Instance 182: Predicted class 3
2025-01-27 05:05:10,527 - xai.nshap_analysis - INFO - Instance 183: Predicted class 2
2025-01-27 05:05:10,527 - xai.nshap_analysis - INFO - Instance 184: Predicted class 1
2025-01-27 05:05:10,527 - xai.nshap_analysis - INFO - Instance 185: Predicted class 1
2025-01-27 05:05:10,528 - xai.nshap_analysis - INFO - Instance 186: Predicted class 2
2025-01-27 05:05:10,528 - xai.nshap_analysis - INFO - Instance 187: Predicted class 0
2025-01-27 05:05:10,528 - xai.nshap_analysis - INFO - Instance 188: Predicted class 1
2025-01-27 05:05:10,528 - xai.nshap_analysis - INFO - Instance 189: Predicted class 0
2025-01-27 05:05:10,528 - xai.nshap_analysis - INFO - Instance 190: Predicted class 1
2025-01-27 05:05:10,529 - xai.nshap_analysis - INFO - Instance 191: Predicted class 3
2025-01-27 05:05:10,529 - xai.nshap_analysis - INFO - Instance 192: Predicted class 1
2025-01-27 05:05:10,529 - xai.nshap_analysis - INFO - Instance 193: Predicted class 3
2025-01-27 05:05:10,529 - xai.nshap_analysis - INFO - Instance 194: Predicted class 0
2025-01-27 05:05:10,530 - xai.nshap_analysis - INFO - Instance 195: Predicted class 3
2025-01-27 05:05:10,530 - xai.nshap_analysis - INFO - Instance 196: Predicted class 0
2025-01-27 05:05:10,530 - xai.nshap_analysis - INFO - Instance 197: Predicted class 1
2025-01-27 05:05:10,530 - xai.nshap_analysis - INFO - Instance 198: Predicted class 2
2025-01-27 05:05:10,530 - xai.nshap_analysis - INFO - Instance 199: Predicted class 2
2025-01-27 05:05:34,101 - xai.nshap_analysis - INFO - Instance 200: Predicted class 3
2025-01-27 05:05:34,102 - xai.nshap_analysis - INFO - Instance 201: Predicted class 1
2025-01-27 05:05:34,103 - xai.nshap_analysis - INFO - Instance 202: Predicted class 1
2025-01-27 05:05:34,103 - xai.nshap_analysis - INFO - Instance 203: Predicted class 1
2025-01-27 05:05:34,103 - xai.nshap_analysis - INFO - Instance 204: Predicted class 1
2025-01-27 05:05:34,103 - xai.nshap_analysis - INFO - Instance 205: Predicted class 1
2025-01-27 05:05:34,103 - xai.nshap_analysis - INFO - Instance 206: Predicted class 1
2025-01-27 05:05:34,104 - xai.nshap_analysis - INFO - Instance 207: Predicted class 3
2025-01-27 05:05:34,104 - xai.nshap_analysis - INFO - Instance 208: Predicted class 1
2025-01-27 05:05:34,104 - xai.nshap_analysis - INFO - Instance 209: Predicted class 2
2025-01-27 05:05:34,104 - xai.nshap_analysis - INFO - Instance 210: Predicted class 0
2025-01-27 05:05:34,108 - xai.nshap_analysis - INFO - Instance 211: Predicted class 3
2025-01-27 05:05:34,109 - xai.nshap_analysis - INFO - Instance 212: Predicted class 2
2025-01-27 05:05:34,109 - xai.nshap_analysis - INFO - Instance 213: Predicted class 1
2025-01-27 05:05:34,110 - xai.nshap_analysis - INFO - Instance 214: Predicted class 2
2025-01-27 05:05:34,110 - xai.nshap_analysis - INFO - Instance 215: Predicted class 2
2025-01-27 05:05:34,110 - xai.nshap_analysis - INFO - Instance 216: Predicted class 2
2025-01-27 05:05:34,110 - xai.nshap_analysis - INFO - Instance 217: Predicted class 1
2025-01-27 05:05:34,111 - xai.nshap_analysis - INFO - Instance 218: Predicted class 1
2025-01-27 05:05:34,111 - xai.nshap_analysis - INFO - Instance 219: Predicted class 2
2025-01-27 05:05:57,905 - xai.nshap_analysis - INFO - Instance 220: Predicted class 1
2025-01-27 05:05:57,906 - xai.nshap_analysis - INFO - Instance 221: Predicted class 3
2025-01-27 05:05:57,906 - xai.nshap_analysis - INFO - Instance 222: Predicted class 3
2025-01-27 05:05:57,907 - xai.nshap_analysis - INFO - Instance 223: Predicted class 0
2025-01-27 05:05:57,907 - xai.nshap_analysis - INFO - Instance 224: Predicted class 3
2025-01-27 05:05:57,907 - xai.nshap_analysis - INFO - Instance 225: Predicted class 2
2025-01-27 05:05:57,907 - xai.nshap_analysis - INFO - Instance 226: Predicted class 2
2025-01-27 05:05:57,908 - xai.nshap_analysis - INFO - Instance 227: Predicted class 1
2025-01-27 05:05:57,908 - xai.nshap_analysis - INFO - Instance 228: Predicted class 0
2025-01-27 05:05:57,908 - xai.nshap_analysis - INFO - Instance 229: Predicted class 3
2025-01-27 05:05:57,908 - xai.nshap_analysis - INFO - Instance 230: Predicted class 2
2025-01-27 05:05:57,909 - xai.nshap_analysis - INFO - Instance 231: Predicted class 3
2025-01-27 05:05:57,909 - xai.nshap_analysis - INFO - Instance 232: Predicted class 3
2025-01-27 05:05:57,913 - xai.nshap_analysis - INFO - Instance 233: Predicted class 0
2025-01-27 05:05:57,913 - xai.nshap_analysis - INFO - Instance 234: Predicted class 0
2025-01-27 05:05:57,914 - xai.nshap_analysis - INFO - Instance 235: Predicted class 0
2025-01-27 05:05:57,914 - xai.nshap_analysis - INFO - Instance 236: Predicted class 1
2025-01-27 05:05:57,914 - xai.nshap_analysis - INFO - Instance 237: Predicted class 3
2025-01-27 05:05:57,915 - xai.nshap_analysis - INFO - Instance 238: Predicted class 1
2025-01-27 05:05:57,915 - xai.nshap_analysis - INFO - Instance 239: Predicted class 3
2025-01-27 05:06:22,086 - xai.nshap_analysis - INFO - Instance 240: Predicted class 2
2025-01-27 05:06:22,087 - xai.nshap_analysis - INFO - Instance 241: Predicted class 1
2025-01-27 05:06:22,087 - xai.nshap_analysis - INFO - Instance 242: Predicted class 0
2025-01-27 05:06:22,088 - xai.nshap_analysis - INFO - Instance 243: Predicted class 2
2025-01-27 05:06:22,088 - xai.nshap_analysis - INFO - Instance 244: Predicted class 1
2025-01-27 05:06:22,088 - xai.nshap_analysis - INFO - Instance 245: Predicted class 0
2025-01-27 05:06:22,088 - xai.nshap_analysis - INFO - Instance 246: Predicted class 2
2025-01-27 05:06:22,089 - xai.nshap_analysis - INFO - Instance 247: Predicted class 1
2025-01-27 05:06:22,089 - xai.nshap_analysis - INFO - Instance 248: Predicted class 3
2025-01-27 05:06:22,089 - xai.nshap_analysis - INFO - Instance 249: Predicted class 2
2025-01-27 05:06:22,089 - xai.nshap_analysis - INFO - Instance 250: Predicted class 2
2025-01-27 05:06:22,089 - xai.nshap_analysis - INFO - Instance 251: Predicted class 1
2025-01-27 05:06:22,090 - xai.nshap_analysis - INFO - Instance 252: Predicted class 1
2025-01-27 05:06:22,090 - xai.nshap_analysis - INFO - Instance 253: Predicted class 0
2025-01-27 05:06:22,094 - xai.nshap_analysis - INFO - Instance 254: Predicted class 3
2025-01-27 05:06:22,094 - xai.nshap_analysis - INFO - Instance 255: Predicted class 0
2025-01-27 05:06:22,095 - xai.nshap_analysis - INFO - Instance 256: Predicted class 3
2025-01-27 05:06:22,095 - xai.nshap_analysis - INFO - Instance 257: Predicted class 0
2025-01-27 05:06:22,095 - xai.nshap_analysis - INFO - Instance 258: Predicted class 0
2025-01-27 05:06:22,095 - xai.nshap_analysis - INFO - Instance 259: Predicted class 0
2025-01-27 05:06:45,895 - xai.nshap_analysis - INFO - Instance 260: Predicted class 1
2025-01-27 05:06:45,896 - xai.nshap_analysis - INFO - Instance 261: Predicted class 3
2025-01-27 05:06:45,896 - xai.nshap_analysis - INFO - Instance 262: Predicted class 0
2025-01-27 05:06:45,896 - xai.nshap_analysis - INFO - Instance 263: Predicted class 2
2025-01-27 05:06:45,897 - xai.nshap_analysis - INFO - Instance 264: Predicted class 0
2025-01-27 05:06:45,897 - xai.nshap_analysis - INFO - Instance 265: Predicted class 1
2025-01-27 05:06:45,897 - xai.nshap_analysis - INFO - Instance 266: Predicted class 1
2025-01-27 05:06:45,897 - xai.nshap_analysis - INFO - Instance 267: Predicted class 2
2025-01-27 05:06:45,898 - xai.nshap_analysis - INFO - Instance 268: Predicted class 1
2025-01-27 05:06:45,898 - xai.nshap_analysis - INFO - Instance 269: Predicted class 0
2025-01-27 05:06:45,898 - xai.nshap_analysis - INFO - Instance 270: Predicted class 0
2025-01-27 05:06:45,898 - xai.nshap_analysis - INFO - Instance 271: Predicted class 3
2025-01-27 05:06:45,898 - xai.nshap_analysis - INFO - Instance 272: Predicted class 2
2025-01-27 05:06:45,899 - xai.nshap_analysis - INFO - Instance 273: Predicted class 0
2025-01-27 05:06:45,899 - xai.nshap_analysis - INFO - Instance 274: Predicted class 0
2025-01-27 05:06:45,899 - xai.nshap_analysis - INFO - Instance 275: Predicted class 1
2025-01-27 05:06:45,903 - xai.nshap_analysis - INFO - Instance 276: Predicted class 0
2025-01-27 05:06:45,903 - xai.nshap_analysis - INFO - Instance 277: Predicted class 0
2025-01-27 05:06:45,904 - xai.nshap_analysis - INFO - Instance 278: Predicted class 3
2025-01-27 05:06:45,904 - xai.nshap_analysis - INFO - Instance 279: Predicted class 1
2025-01-27 05:07:09,430 - xai.nshap_analysis - INFO - Instance 280: Predicted class 1
2025-01-27 05:07:09,431 - xai.nshap_analysis - INFO - Instance 281: Predicted class 3
2025-01-27 05:07:09,431 - xai.nshap_analysis - INFO - Instance 282: Predicted class 0
2025-01-27 05:07:09,431 - xai.nshap_analysis - INFO - Instance 283: Predicted class 1
2025-01-27 05:07:09,432 - xai.nshap_analysis - INFO - Instance 284: Predicted class 3
2025-01-27 05:07:09,432 - xai.nshap_analysis - INFO - Instance 285: Predicted class 1
2025-01-27 05:07:09,432 - xai.nshap_analysis - INFO - Instance 286: Predicted class 2
2025-01-27 05:07:09,432 - xai.nshap_analysis - INFO - Instance 287: Predicted class 2
2025-01-27 05:07:09,433 - xai.nshap_analysis - INFO - Instance 288: Predicted class 0
2025-01-27 05:07:09,433 - xai.nshap_analysis - INFO - Instance 289: Predicted class 1
2025-01-27 05:07:09,433 - xai.nshap_analysis - INFO - Instance 290: Predicted class 0
2025-01-27 05:07:09,433 - xai.nshap_analysis - INFO - Instance 291: Predicted class 0
2025-01-27 05:07:09,433 - xai.nshap_analysis - INFO - Instance 292: Predicted class 2
2025-01-27 05:07:09,434 - xai.nshap_analysis - INFO - Instance 293: Predicted class 2
2025-01-27 05:07:09,434 - xai.nshap_analysis - INFO - Instance 294: Predicted class 1
2025-01-27 05:07:09,434 - xai.nshap_analysis - INFO - Instance 295: Predicted class 0
2025-01-27 05:07:09,438 - xai.nshap_analysis - INFO - Instance 296: Predicted class 2
2025-01-27 05:07:09,439 - xai.nshap_analysis - INFO - Instance 297: Predicted class 0
2025-01-27 05:07:09,439 - xai.nshap_analysis - INFO - Instance 298: Predicted class 0
2025-01-27 05:07:09,440 - xai.nshap_analysis - INFO - Instance 299: Predicted class 1
2025-01-27 05:07:32,958 - xai.nshap_analysis - INFO - Instance 300: Predicted class 0
2025-01-27 05:07:32,958 - xai.nshap_analysis - INFO - Instance 301: Predicted class 1
2025-01-27 05:07:32,959 - xai.nshap_analysis - INFO - Instance 302: Predicted class 3
2025-01-27 05:07:32,959 - xai.nshap_analysis - INFO - Instance 303: Predicted class 2
2025-01-27 05:07:32,959 - xai.nshap_analysis - INFO - Instance 304: Predicted class 1
2025-01-27 05:07:32,959 - xai.nshap_analysis - INFO - Instance 305: Predicted class 0
2025-01-27 05:07:32,960 - xai.nshap_analysis - INFO - Instance 306: Predicted class 3
2025-01-27 05:07:32,960 - xai.nshap_analysis - INFO - Instance 307: Predicted class 1
2025-01-27 05:07:32,960 - xai.nshap_analysis - INFO - Instance 308: Predicted class 0
2025-01-27 05:07:32,960 - xai.nshap_analysis - INFO - Instance 309: Predicted class 0
2025-01-27 05:07:32,960 - xai.nshap_analysis - INFO - Instance 310: Predicted class 1
2025-01-27 05:07:32,961 - xai.nshap_analysis - INFO - Instance 311: Predicted class 1
2025-01-27 05:07:32,961 - xai.nshap_analysis - INFO - Instance 312: Predicted class 0
2025-01-27 05:07:32,961 - xai.nshap_analysis - INFO - Instance 313: Predicted class 0
2025-01-27 05:07:32,961 - xai.nshap_analysis - INFO - Instance 314: Predicted class 0
2025-01-27 05:07:32,962 - xai.nshap_analysis - INFO - Instance 315: Predicted class 1
2025-01-27 05:07:32,962 - xai.nshap_analysis - INFO - Instance 316: Predicted class 0
2025-01-27 05:07:32,962 - xai.nshap_analysis - INFO - Instance 317: Predicted class 0
2025-01-27 05:07:32,966 - xai.nshap_analysis - INFO - Instance 318: Predicted class 0
2025-01-27 05:07:32,966 - xai.nshap_analysis - INFO - Instance 319: Predicted class 1
2025-01-27 05:07:56,634 - xai.nshap_analysis - INFO - Instance 320: Predicted class 0
2025-01-27 05:07:56,635 - xai.nshap_analysis - INFO - Instance 321: Predicted class 2
2025-01-27 05:07:56,635 - xai.nshap_analysis - INFO - Instance 322: Predicted class 0
2025-01-27 05:07:56,635 - xai.nshap_analysis - INFO - Instance 323: Predicted class 0
2025-01-27 05:07:56,636 - xai.nshap_analysis - INFO - Instance 324: Predicted class 3
2025-01-27 05:07:56,636 - xai.nshap_analysis - INFO - Instance 325: Predicted class 2
2025-01-27 05:07:56,636 - xai.nshap_analysis - INFO - Instance 326: Predicted class 0
2025-01-27 05:07:56,636 - xai.nshap_analysis - INFO - Instance 327: Predicted class 0
2025-01-27 05:07:56,637 - xai.nshap_analysis - INFO - Instance 328: Predicted class 0
2025-01-27 05:07:56,637 - xai.nshap_analysis - INFO - Instance 329: Predicted class 3
2025-01-27 05:07:56,637 - xai.nshap_analysis - INFO - Instance 330: Predicted class 0
2025-01-27 05:07:56,637 - xai.nshap_analysis - INFO - Instance 331: Predicted class 0
2025-01-27 05:07:56,638 - xai.nshap_analysis - INFO - Instance 332: Predicted class 0
2025-01-27 05:07:56,638 - xai.nshap_analysis - INFO - Instance 333: Predicted class 1
2025-01-27 05:07:56,638 - xai.nshap_analysis - INFO - Instance 334: Predicted class 1
2025-01-27 05:07:56,638 - xai.nshap_analysis - INFO - Instance 335: Predicted class 2
2025-01-27 05:07:56,639 - xai.nshap_analysis - INFO - Instance 336: Predicted class 0
2025-01-27 05:07:56,643 - xai.nshap_analysis - INFO - Instance 337: Predicted class 0
2025-01-27 05:07:56,643 - xai.nshap_analysis - INFO - Instance 338: Predicted class 2
2025-01-27 05:07:56,643 - xai.nshap_analysis - INFO - Instance 339: Predicted class 3
2025-01-27 05:08:20,244 - xai.nshap_analysis - INFO - Instance 340: Predicted class 1
2025-01-27 05:08:20,245 - xai.nshap_analysis - INFO - Instance 341: Predicted class 3
2025-01-27 05:08:20,246 - xai.nshap_analysis - INFO - Instance 342: Predicted class 0
2025-01-27 05:08:20,246 - xai.nshap_analysis - INFO - Instance 343: Predicted class 1
2025-01-27 05:08:20,246 - xai.nshap_analysis - INFO - Instance 344: Predicted class 0
2025-01-27 05:08:20,247 - xai.nshap_analysis - INFO - Instance 345: Predicted class 1
2025-01-27 05:08:20,247 - xai.nshap_analysis - INFO - Instance 346: Predicted class 2
2025-01-27 05:08:20,247 - xai.nshap_analysis - INFO - Instance 347: Predicted class 1
2025-01-27 05:08:20,247 - xai.nshap_analysis - INFO - Instance 348: Predicted class 3
2025-01-27 05:08:20,248 - xai.nshap_analysis - INFO - Instance 349: Predicted class 1
2025-01-27 05:08:20,248 - xai.nshap_analysis - INFO - Instance 350: Predicted class 2
2025-01-27 05:08:20,248 - xai.nshap_analysis - INFO - Instance 351: Predicted class 0
2025-01-27 05:08:20,252 - xai.nshap_analysis - INFO - Instance 352: Predicted class 1
2025-01-27 05:08:20,253 - xai.nshap_analysis - INFO - Instance 353: Predicted class 0
2025-01-27 05:08:20,253 - xai.nshap_analysis - INFO - Instance 354: Predicted class 3
2025-01-27 05:08:20,253 - xai.nshap_analysis - INFO - Instance 355: Predicted class 0
2025-01-27 05:08:20,253 - xai.nshap_analysis - INFO - Instance 356: Predicted class 0
2025-01-27 05:08:20,254 - xai.nshap_analysis - INFO - Instance 357: Predicted class 2
2025-01-27 05:08:20,254 - xai.nshap_analysis - INFO - Instance 358: Predicted class 1
2025-01-27 05:08:20,254 - xai.nshap_analysis - INFO - Instance 359: Predicted class 0
2025-01-27 05:08:43,755 - xai.nshap_analysis - INFO - Instance 360: Predicted class 0
2025-01-27 05:08:43,755 - xai.nshap_analysis - INFO - Instance 361: Predicted class 0
2025-01-27 05:08:43,756 - xai.nshap_analysis - INFO - Instance 362: Predicted class 2
2025-01-27 05:08:43,756 - xai.nshap_analysis - INFO - Instance 363: Predicted class 3
2025-01-27 05:08:43,756 - xai.nshap_analysis - INFO - Instance 364: Predicted class 1
2025-01-27 05:08:43,756 - xai.nshap_analysis - INFO - Instance 365: Predicted class 0
2025-01-27 05:08:43,757 - xai.nshap_analysis - INFO - Instance 366: Predicted class 0
2025-01-27 05:08:43,757 - xai.nshap_analysis - INFO - Instance 367: Predicted class 0
2025-01-27 05:08:43,757 - xai.nshap_analysis - INFO - Instance 368: Predicted class 1
2025-01-27 05:08:43,757 - xai.nshap_analysis - INFO - Instance 369: Predicted class 1
2025-01-27 05:08:43,758 - xai.nshap_analysis - INFO - Instance 370: Predicted class 0
2025-01-27 05:08:43,758 - xai.nshap_analysis - INFO - Instance 371: Predicted class 1
2025-01-27 05:08:43,758 - xai.nshap_analysis - INFO - Instance 372: Predicted class 2
2025-01-27 05:08:43,758 - xai.nshap_analysis - INFO - Instance 373: Predicted class 1
2025-01-27 05:08:43,758 - xai.nshap_analysis - INFO - Instance 374: Predicted class 1
2025-01-27 05:08:43,759 - xai.nshap_analysis - INFO - Instance 375: Predicted class 1
2025-01-27 05:08:43,759 - xai.nshap_analysis - INFO - Instance 376: Predicted class 2
2025-01-27 05:08:43,759 - xai.nshap_analysis - INFO - Instance 377: Predicted class 0
2025-01-27 05:08:43,760 - xai.nshap_analysis - INFO - Instance 378: Predicted class 3
2025-01-27 05:08:43,760 - xai.nshap_analysis - INFO - Instance 379: Predicted class 1
2025-01-27 05:09:07,406 - xai.nshap_analysis - INFO - Instance 380: Predicted class 1
2025-01-27 05:09:07,407 - xai.nshap_analysis - INFO - Instance 381: Predicted class 3
2025-01-27 05:09:07,407 - xai.nshap_analysis - INFO - Instance 382: Predicted class 3
2025-01-27 05:09:07,407 - xai.nshap_analysis - INFO - Instance 383: Predicted class 3
2025-01-27 05:09:07,408 - xai.nshap_analysis - INFO - Instance 384: Predicted class 0
2025-01-27 05:09:07,408 - xai.nshap_analysis - INFO - Instance 385: Predicted class 1
2025-01-27 05:09:07,408 - xai.nshap_analysis - INFO - Instance 386: Predicted class 3
2025-01-27 05:09:07,408 - xai.nshap_analysis - INFO - Instance 387: Predicted class 2
2025-01-27 05:09:07,408 - xai.nshap_analysis - INFO - Instance 388: Predicted class 2
2025-01-27 05:09:07,409 - xai.nshap_analysis - INFO - Instance 389: Predicted class 0
2025-01-27 05:09:07,409 - xai.nshap_analysis - INFO - Instance 390: Predicted class 1
2025-01-27 05:09:07,409 - xai.nshap_analysis - INFO - Instance 391: Predicted class 1
2025-01-27 05:09:07,409 - xai.nshap_analysis - INFO - Instance 392: Predicted class 0
2025-01-27 05:09:07,410 - xai.nshap_analysis - INFO - Instance 393: Predicted class 0
2025-01-27 05:09:07,410 - xai.nshap_analysis - INFO - Instance 394: Predicted class 2
2025-01-27 05:09:07,414 - xai.nshap_analysis - INFO - Instance 395: Predicted class 3
2025-01-27 05:09:07,414 - xai.nshap_analysis - INFO - Instance 396: Predicted class 0
2025-01-27 05:09:07,415 - xai.nshap_analysis - INFO - Instance 397: Predicted class 1
2025-01-27 05:09:07,415 - xai.nshap_analysis - INFO - Instance 398: Predicted class 2
2025-01-27 05:09:07,415 - xai.nshap_analysis - INFO - Instance 399: Predicted class 1
2025-01-27 05:09:30,603 - xai.nshap_analysis - INFO - Instance 400: Predicted class 2
2025-01-27 05:09:30,604 - xai.nshap_analysis - INFO - Instance 401: Predicted class 3
2025-01-27 05:09:30,604 - xai.nshap_analysis - INFO - Instance 402: Predicted class 3
2025-01-27 05:09:30,605 - xai.nshap_analysis - INFO - Instance 403: Predicted class 0
2025-01-27 05:09:30,605 - xai.nshap_analysis - INFO - Instance 404: Predicted class 2
2025-01-27 05:09:30,605 - xai.nshap_analysis - INFO - Instance 405: Predicted class 0
2025-01-27 05:09:30,605 - xai.nshap_analysis - INFO - Instance 406: Predicted class 0
2025-01-27 05:09:30,606 - xai.nshap_analysis - INFO - Instance 407: Predicted class 1
2025-01-27 05:09:30,606 - xai.nshap_analysis - INFO - Instance 408: Predicted class 0
2025-01-27 05:09:30,606 - xai.nshap_analysis - INFO - Instance 409: Predicted class 1
2025-01-27 05:09:30,606 - xai.nshap_analysis - INFO - Instance 410: Predicted class 2
2025-01-27 05:09:30,607 - xai.nshap_analysis - INFO - Instance 411: Predicted class 3
2025-01-27 05:09:30,607 - xai.nshap_analysis - INFO - Instance 412: Predicted class 0
2025-01-27 05:09:30,611 - xai.nshap_analysis - INFO - Instance 413: Predicted class 0
2025-01-27 05:09:30,611 - xai.nshap_analysis - INFO - Instance 414: Predicted class 2
2025-01-27 05:09:30,612 - xai.nshap_analysis - INFO - Instance 415: Predicted class 0
2025-01-27 05:09:30,612 - xai.nshap_analysis - INFO - Instance 416: Predicted class 2
2025-01-27 05:09:30,612 - xai.nshap_analysis - INFO - Instance 417: Predicted class 0
2025-01-27 05:09:30,612 - xai.nshap_analysis - INFO - Instance 418: Predicted class 1
2025-01-27 05:09:30,613 - xai.nshap_analysis - INFO - Instance 419: Predicted class 3
2025-01-27 05:09:54,276 - xai.nshap_analysis - INFO - Instance 420: Predicted class 3
2025-01-27 05:09:54,277 - xai.nshap_analysis - INFO - Instance 421: Predicted class 3
2025-01-27 05:09:54,277 - xai.nshap_analysis - INFO - Instance 422: Predicted class 2
2025-01-27 05:09:54,278 - xai.nshap_analysis - INFO - Instance 423: Predicted class 1
2025-01-27 05:09:54,278 - xai.nshap_analysis - INFO - Instance 424: Predicted class 0
2025-01-27 05:09:54,278 - xai.nshap_analysis - INFO - Instance 425: Predicted class 0
2025-01-27 05:09:54,278 - xai.nshap_analysis - INFO - Instance 426: Predicted class 0
2025-01-27 05:09:54,278 - xai.nshap_analysis - INFO - Instance 427: Predicted class 1
2025-01-27 05:09:54,279 - xai.nshap_analysis - INFO - Instance 428: Predicted class 1
2025-01-27 05:09:54,279 - xai.nshap_analysis - INFO - Instance 429: Predicted class 0
2025-01-27 05:09:54,279 - xai.nshap_analysis - INFO - Instance 430: Predicted class 0
2025-01-27 05:09:54,279 - xai.nshap_analysis - INFO - Instance 431: Predicted class 3
2025-01-27 05:09:54,279 - xai.nshap_analysis - INFO - Instance 432: Predicted class 1
2025-01-27 05:09:54,284 - xai.nshap_analysis - INFO - Instance 433: Predicted class 1
2025-01-27 05:09:54,284 - xai.nshap_analysis - INFO - Instance 434: Predicted class 0
2025-01-27 05:09:54,285 - xai.nshap_analysis - INFO - Instance 435: Predicted class 2
2025-01-27 05:09:54,285 - xai.nshap_analysis - INFO - Instance 436: Predicted class 1
2025-01-27 05:09:54,285 - xai.nshap_analysis - INFO - Instance 437: Predicted class 0
2025-01-27 05:09:54,285 - xai.nshap_analysis - INFO - Instance 438: Predicted class 3
2025-01-27 05:09:54,286 - xai.nshap_analysis - INFO - Instance 439: Predicted class 0
2025-01-27 05:10:17,796 - xai.nshap_analysis - INFO - Instance 440: Predicted class 0
2025-01-27 05:10:17,797 - xai.nshap_analysis - INFO - Instance 441: Predicted class 1
2025-01-27 05:10:17,797 - xai.nshap_analysis - INFO - Instance 442: Predicted class 3
2025-01-27 05:10:17,797 - xai.nshap_analysis - INFO - Instance 443: Predicted class 0
2025-01-27 05:10:17,798 - xai.nshap_analysis - INFO - Instance 444: Predicted class 0
2025-01-27 05:10:17,798 - xai.nshap_analysis - INFO - Instance 445: Predicted class 2
2025-01-27 05:10:17,798 - xai.nshap_analysis - INFO - Instance 446: Predicted class 3
2025-01-27 05:10:17,798 - xai.nshap_analysis - INFO - Instance 447: Predicted class 3
2025-01-27 05:10:17,799 - xai.nshap_analysis - INFO - Instance 448: Predicted class 0
2025-01-27 05:10:17,799 - xai.nshap_analysis - INFO - Instance 449: Predicted class 1
2025-01-27 05:10:17,799 - xai.nshap_analysis - INFO - Instance 450: Predicted class 1
2025-01-27 05:10:17,799 - xai.nshap_analysis - INFO - Instance 451: Predicted class 3
2025-01-27 05:10:17,800 - xai.nshap_analysis - INFO - Instance 452: Predicted class 3
2025-01-27 05:10:17,800 - xai.nshap_analysis - INFO - Instance 453: Predicted class 3
2025-01-27 05:10:17,804 - xai.nshap_analysis - INFO - Instance 454: Predicted class 1
2025-01-27 05:10:17,804 - xai.nshap_analysis - INFO - Instance 455: Predicted class 0
2025-01-27 05:10:17,805 - xai.nshap_analysis - INFO - Instance 456: Predicted class 3
2025-01-27 05:10:17,805 - xai.nshap_analysis - INFO - Instance 457: Predicted class 0
2025-01-27 05:10:17,805 - xai.nshap_analysis - INFO - Instance 458: Predicted class 3
2025-01-27 05:10:17,805 - xai.nshap_analysis - INFO - Instance 459: Predicted class 1
2025-01-27 05:10:41,550 - xai.nshap_analysis - INFO - Instance 460: Predicted class 1
2025-01-27 05:10:41,551 - xai.nshap_analysis - INFO - Instance 461: Predicted class 0
2025-01-27 05:10:41,551 - xai.nshap_analysis - INFO - Instance 462: Predicted class 0
2025-01-27 05:10:41,552 - xai.nshap_analysis - INFO - Instance 463: Predicted class 0
2025-01-27 05:10:41,552 - xai.nshap_analysis - INFO - Instance 464: Predicted class 0
2025-01-27 05:10:41,552 - xai.nshap_analysis - INFO - Instance 465: Predicted class 2
2025-01-27 05:10:41,552 - xai.nshap_analysis - INFO - Instance 466: Predicted class 1
2025-01-27 05:10:41,552 - xai.nshap_analysis - INFO - Instance 467: Predicted class 1
2025-01-27 05:10:41,553 - xai.nshap_analysis - INFO - Instance 468: Predicted class 0
2025-01-27 05:10:41,553 - xai.nshap_analysis - INFO - Instance 469: Predicted class 0
2025-01-27 05:10:41,553 - xai.nshap_analysis - INFO - Instance 470: Predicted class 3
2025-01-27 05:10:41,553 - xai.nshap_analysis - INFO - Instance 471: Predicted class 1
2025-01-27 05:10:41,553 - xai.nshap_analysis - INFO - Instance 472: Predicted class 3
2025-01-27 05:10:41,557 - xai.nshap_analysis - INFO - Instance 473: Predicted class 0
2025-01-27 05:10:41,558 - xai.nshap_analysis - INFO - Instance 474: Predicted class 0
2025-01-27 05:10:41,558 - xai.nshap_analysis - INFO - Instance 475: Predicted class 1
2025-01-27 05:10:41,558 - xai.nshap_analysis - INFO - Instance 476: Predicted class 1
2025-01-27 05:10:41,559 - xai.nshap_analysis - INFO - Instance 477: Predicted class 1
2025-01-27 05:10:41,559 - xai.nshap_analysis - INFO - Instance 478: Predicted class 3
2025-01-27 05:10:41,559 - xai.nshap_analysis - INFO - Instance 479: Predicted class 3
2025-01-27 05:11:05,178 - xai.nshap_analysis - INFO - Instance 480: Predicted class 1
2025-01-27 05:11:05,179 - xai.nshap_analysis - INFO - Instance 481: Predicted class 2
2025-01-27 05:11:05,179 - xai.nshap_analysis - INFO - Instance 482: Predicted class 0
2025-01-27 05:11:05,179 - xai.nshap_analysis - INFO - Instance 483: Predicted class 2
2025-01-27 05:11:05,180 - xai.nshap_analysis - INFO - Instance 484: Predicted class 1
2025-01-27 05:11:05,180 - xai.nshap_analysis - INFO - Instance 485: Predicted class 1
2025-01-27 05:11:05,180 - xai.nshap_analysis - INFO - Instance 486: Predicted class 0
2025-01-27 05:11:05,180 - xai.nshap_analysis - INFO - Instance 487: Predicted class 0
2025-01-27 05:11:05,181 - xai.nshap_analysis - INFO - Instance 488: Predicted class 2
2025-01-27 05:11:05,181 - xai.nshap_analysis - INFO - Instance 489: Predicted class 1
2025-01-27 05:11:05,181 - xai.nshap_analysis - INFO - Instance 490: Predicted class 0
2025-01-27 05:11:05,181 - xai.nshap_analysis - INFO - Instance 491: Predicted class 1
2025-01-27 05:11:05,185 - xai.nshap_analysis - INFO - Instance 492: Predicted class 1
2025-01-27 05:11:05,186 - xai.nshap_analysis - INFO - Instance 493: Predicted class 0
2025-01-27 05:11:05,186 - xai.nshap_analysis - INFO - Instance 494: Predicted class 1
2025-01-27 05:11:05,186 - xai.nshap_analysis - INFO - Instance 495: Predicted class 2
2025-01-27 05:11:05,186 - xai.nshap_analysis - INFO - Instance 496: Predicted class 0
2025-01-27 05:11:05,187 - xai.nshap_analysis - INFO - Instance 497: Predicted class 3
2025-01-27 05:11:05,187 - xai.nshap_analysis - INFO - Instance 498: Predicted class 1
2025-01-27 05:11:05,187 - xai.nshap_analysis - INFO - Instance 499: Predicted class 0
2025-01-27 05:11:28,793 - xai.nshap_analysis - INFO - Instance 500: Predicted class 3
2025-01-27 05:11:28,794 - xai.nshap_analysis - INFO - Instance 501: Predicted class 2
2025-01-27 05:11:28,794 - xai.nshap_analysis - INFO - Instance 502: Predicted class 1
2025-01-27 05:11:28,794 - xai.nshap_analysis - INFO - Instance 503: Predicted class 1
2025-01-27 05:11:28,795 - xai.nshap_analysis - INFO - Instance 504: Predicted class 3
2025-01-27 05:11:28,795 - xai.nshap_analysis - INFO - Instance 505: Predicted class 2
2025-01-27 05:11:28,795 - xai.nshap_analysis - INFO - Instance 506: Predicted class 0
2025-01-27 05:11:28,795 - xai.nshap_analysis - INFO - Instance 507: Predicted class 0
2025-01-27 05:11:28,795 - xai.nshap_analysis - INFO - Instance 508: Predicted class 3
2025-01-27 05:11:28,796 - xai.nshap_analysis - INFO - Instance 509: Predicted class 2
2025-01-27 05:11:28,796 - xai.nshap_analysis - INFO - Instance 510: Predicted class 3
2025-01-27 05:11:28,796 - xai.nshap_analysis - INFO - Instance 511: Predicted class 0
2025-01-27 05:11:28,800 - xai.nshap_analysis - INFO - Instance 512: Predicted class 2
2025-01-27 05:11:28,801 - xai.nshap_analysis - INFO - Instance 513: Predicted class 1
2025-01-27 05:11:28,801 - xai.nshap_analysis - INFO - Instance 514: Predicted class 0
2025-01-27 05:11:28,801 - xai.nshap_analysis - INFO - Instance 515: Predicted class 0
2025-01-27 05:11:28,802 - xai.nshap_analysis - INFO - Instance 516: Predicted class 1
2025-01-27 05:11:28,802 - xai.nshap_analysis - INFO - Instance 517: Predicted class 2
2025-01-27 05:11:28,802 - xai.nshap_analysis - INFO - Instance 518: Predicted class 0
2025-01-27 05:11:28,802 - xai.nshap_analysis - INFO - Instance 519: Predicted class 3
2025-01-27 05:11:52,281 - xai.nshap_analysis - INFO - Instance 520: Predicted class 1
2025-01-27 05:11:52,282 - xai.nshap_analysis - INFO - Instance 521: Predicted class 1
2025-01-27 05:11:52,282 - xai.nshap_analysis - INFO - Instance 522: Predicted class 1
2025-01-27 05:11:52,283 - xai.nshap_analysis - INFO - Instance 523: Predicted class 1
2025-01-27 05:11:52,283 - xai.nshap_analysis - INFO - Instance 524: Predicted class 3
2025-01-27 05:11:52,283 - xai.nshap_analysis - INFO - Instance 525: Predicted class 1
2025-01-27 05:11:52,283 - xai.nshap_analysis - INFO - Instance 526: Predicted class 2
2025-01-27 05:11:52,283 - xai.nshap_analysis - INFO - Instance 527: Predicted class 1
2025-01-27 05:11:52,284 - xai.nshap_analysis - INFO - Instance 528: Predicted class 3
2025-01-27 05:11:52,284 - xai.nshap_analysis - INFO - Instance 529: Predicted class 3
2025-01-27 05:11:52,284 - xai.nshap_analysis - INFO - Instance 530: Predicted class 1
2025-01-27 05:11:52,284 - xai.nshap_analysis - INFO - Instance 531: Predicted class 0
2025-01-27 05:11:52,285 - xai.nshap_analysis - INFO - Instance 532: Predicted class 3
2025-01-27 05:11:52,285 - xai.nshap_analysis - INFO - Instance 533: Predicted class 3
2025-01-27 05:11:52,289 - xai.nshap_analysis - INFO - Instance 534: Predicted class 2
2025-01-27 05:11:52,289 - xai.nshap_analysis - INFO - Instance 535: Predicted class 1
2025-01-27 05:11:52,290 - xai.nshap_analysis - INFO - Instance 536: Predicted class 1
2025-01-27 05:11:52,290 - xai.nshap_analysis - INFO - Instance 537: Predicted class 2
2025-01-27 05:11:52,290 - xai.nshap_analysis - INFO - Instance 538: Predicted class 3
2025-01-27 05:11:52,291 - xai.nshap_analysis - INFO - Instance 539: Predicted class 0
2025-01-27 05:12:15,703 - xai.nshap_analysis - INFO - Instance 540: Predicted class 0
2025-01-27 05:12:15,703 - xai.nshap_analysis - INFO - Instance 541: Predicted class 2
2025-01-27 05:12:15,704 - xai.nshap_analysis - INFO - Instance 542: Predicted class 1
2025-01-27 05:12:15,704 - xai.nshap_analysis - INFO - Instance 543: Predicted class 3
2025-01-27 05:12:15,704 - xai.nshap_analysis - INFO - Instance 544: Predicted class 3
2025-01-27 05:12:15,704 - xai.nshap_analysis - INFO - Instance 545: Predicted class 0
2025-01-27 05:12:15,705 - xai.nshap_analysis - INFO - Instance 546: Predicted class 0
2025-01-27 05:12:15,705 - xai.nshap_analysis - INFO - Instance 547: Predicted class 0
2025-01-27 05:12:15,705 - xai.nshap_analysis - INFO - Instance 548: Predicted class 1
2025-01-27 05:12:15,705 - xai.nshap_analysis - INFO - Instance 549: Predicted class 0
2025-01-27 05:12:15,705 - xai.nshap_analysis - INFO - Instance 550: Predicted class 0
2025-01-27 05:12:15,706 - xai.nshap_analysis - INFO - Instance 551: Predicted class 0
2025-01-27 05:12:15,706 - xai.nshap_analysis - INFO - Instance 552: Predicted class 0
2025-01-27 05:12:15,706 - xai.nshap_analysis - INFO - Instance 553: Predicted class 1
2025-01-27 05:12:15,710 - xai.nshap_analysis - INFO - Instance 554: Predicted class 0
2025-01-27 05:12:15,710 - xai.nshap_analysis - INFO - Instance 555: Predicted class 3
2025-01-27 05:12:15,711 - xai.nshap_analysis - INFO - Instance 556: Predicted class 1
2025-01-27 05:12:15,711 - xai.nshap_analysis - INFO - Instance 557: Predicted class 2
2025-01-27 05:12:15,711 - xai.nshap_analysis - INFO - Instance 558: Predicted class 0
2025-01-27 05:12:15,712 - xai.nshap_analysis - INFO - Instance 559: Predicted class 0
2025-01-27 05:12:39,327 - xai.nshap_analysis - INFO - Instance 560: Predicted class 0
2025-01-27 05:12:39,327 - xai.nshap_analysis - INFO - Instance 561: Predicted class 0
2025-01-27 05:12:39,328 - xai.nshap_analysis - INFO - Instance 562: Predicted class 2
2025-01-27 05:12:39,328 - xai.nshap_analysis - INFO - Instance 563: Predicted class 1
2025-01-27 05:12:39,328 - xai.nshap_analysis - INFO - Instance 564: Predicted class 1
2025-01-27 05:12:39,329 - xai.nshap_analysis - INFO - Instance 565: Predicted class 3
2025-01-27 05:12:39,329 - xai.nshap_analysis - INFO - Instance 566: Predicted class 0
2025-01-27 05:12:39,329 - xai.nshap_analysis - INFO - Instance 567: Predicted class 0
2025-01-27 05:12:39,329 - xai.nshap_analysis - INFO - Instance 568: Predicted class 0
2025-01-27 05:12:39,329 - xai.nshap_analysis - INFO - Instance 569: Predicted class 1
2025-01-27 05:12:39,330 - xai.nshap_analysis - INFO - Instance 570: Predicted class 1
2025-01-27 05:12:39,334 - xai.nshap_analysis - INFO - Instance 571: Predicted class 2
2025-01-27 05:12:39,334 - xai.nshap_analysis - INFO - Instance 572: Predicted class 0
2025-01-27 05:12:39,335 - xai.nshap_analysis - INFO - Instance 573: Predicted class 0
2025-01-27 05:12:39,335 - xai.nshap_analysis - INFO - Instance 574: Predicted class 0
2025-01-27 05:12:39,335 - xai.nshap_analysis - INFO - Instance 575: Predicted class 1
2025-01-27 05:12:39,335 - xai.nshap_analysis - INFO - Instance 576: Predicted class 1
2025-01-27 05:12:39,335 - xai.nshap_analysis - INFO - Instance 577: Predicted class 1
2025-01-27 05:12:39,336 - xai.nshap_analysis - INFO - Instance 578: Predicted class 0
2025-01-27 05:12:39,336 - xai.nshap_analysis - INFO - Instance 579: Predicted class 1
2025-01-27 05:13:03,297 - xai.nshap_analysis - INFO - Instance 580: Predicted class 3
2025-01-27 05:13:03,297 - xai.nshap_analysis - INFO - Instance 581: Predicted class 0
2025-01-27 05:13:03,298 - xai.nshap_analysis - INFO - Instance 582: Predicted class 3
2025-01-27 05:13:03,298 - xai.nshap_analysis - INFO - Instance 583: Predicted class 2
2025-01-27 05:13:03,298 - xai.nshap_analysis - INFO - Instance 584: Predicted class 3
2025-01-27 05:13:03,298 - xai.nshap_analysis - INFO - Instance 585: Predicted class 0
2025-01-27 05:13:03,299 - xai.nshap_analysis - INFO - Instance 586: Predicted class 3
2025-01-27 05:13:03,299 - xai.nshap_analysis - INFO - Instance 587: Predicted class 0
2025-01-27 05:13:03,299 - xai.nshap_analysis - INFO - Instance 588: Predicted class 2
2025-01-27 05:13:03,299 - xai.nshap_analysis - INFO - Instance 589: Predicted class 0
2025-01-27 05:13:03,299 - xai.nshap_analysis - INFO - Instance 590: Predicted class 0
2025-01-27 05:13:03,300 - xai.nshap_analysis - INFO - Instance 591: Predicted class 1
2025-01-27 05:13:03,300 - xai.nshap_analysis - INFO - Instance 592: Predicted class 0
2025-01-27 05:13:03,300 - xai.nshap_analysis - INFO - Instance 593: Predicted class 3
2025-01-27 05:13:03,304 - xai.nshap_analysis - INFO - Instance 594: Predicted class 3
2025-01-27 05:13:03,305 - xai.nshap_analysis - INFO - Instance 595: Predicted class 1
2025-01-27 05:13:03,305 - xai.nshap_analysis - INFO - Instance 596: Predicted class 1
2025-01-27 05:13:03,305 - xai.nshap_analysis - INFO - Instance 597: Predicted class 0
2025-01-27 05:13:03,305 - xai.nshap_analysis - INFO - Instance 598: Predicted class 3
2025-01-27 05:13:03,306 - xai.nshap_analysis - INFO - Instance 599: Predicted class 2
2025-01-27 05:13:26,910 - xai.nshap_analysis - INFO - Instance 600: Predicted class 1
2025-01-27 05:13:26,911 - xai.nshap_analysis - INFO - Instance 601: Predicted class 0
2025-01-27 05:13:26,911 - xai.nshap_analysis - INFO - Instance 602: Predicted class 0
2025-01-27 05:13:26,911 - xai.nshap_analysis - INFO - Instance 603: Predicted class 0
2025-01-27 05:13:26,911 - xai.nshap_analysis - INFO - Instance 604: Predicted class 1
2025-01-27 05:13:26,912 - xai.nshap_analysis - INFO - Instance 605: Predicted class 1
2025-01-27 05:13:26,912 - xai.nshap_analysis - INFO - Instance 606: Predicted class 0
2025-01-27 05:13:26,912 - xai.nshap_analysis - INFO - Instance 607: Predicted class 1
2025-01-27 05:13:26,912 - xai.nshap_analysis - INFO - Instance 608: Predicted class 1
2025-01-27 05:13:26,913 - xai.nshap_analysis - INFO - Instance 609: Predicted class 2
2025-01-27 05:13:26,913 - xai.nshap_analysis - INFO - Instance 610: Predicted class 0
2025-01-27 05:13:26,913 - xai.nshap_analysis - INFO - Instance 611: Predicted class 3
2025-01-27 05:13:26,913 - xai.nshap_analysis - INFO - Instance 612: Predicted class 0
2025-01-27 05:13:26,917 - xai.nshap_analysis - INFO - Instance 613: Predicted class 0
2025-01-27 05:13:26,918 - xai.nshap_analysis - INFO - Instance 614: Predicted class 1
2025-01-27 05:13:26,918 - xai.nshap_analysis - INFO - Instance 615: Predicted class 2
2025-01-27 05:13:26,918 - xai.nshap_analysis - INFO - Instance 616: Predicted class 1
2025-01-27 05:13:26,919 - xai.nshap_analysis - INFO - Instance 617: Predicted class 0
2025-01-27 05:13:26,919 - xai.nshap_analysis - INFO - Instance 618: Predicted class 0
2025-01-27 05:13:26,919 - xai.nshap_analysis - INFO - Instance 619: Predicted class 1
2025-01-27 05:13:50,702 - xai.nshap_analysis - INFO - Instance 620: Predicted class 1
2025-01-27 05:13:50,703 - xai.nshap_analysis - INFO - Instance 621: Predicted class 1
2025-01-27 05:13:50,703 - xai.nshap_analysis - INFO - Instance 622: Predicted class 2
2025-01-27 05:13:50,704 - xai.nshap_analysis - INFO - Instance 623: Predicted class 2
2025-01-27 05:13:50,704 - xai.nshap_analysis - INFO - Instance 624: Predicted class 0
2025-01-27 05:13:50,704 - xai.nshap_analysis - INFO - Instance 625: Predicted class 3
2025-01-27 05:13:50,704 - xai.nshap_analysis - INFO - Instance 626: Predicted class 1
2025-01-27 05:13:50,704 - xai.nshap_analysis - INFO - Instance 627: Predicted class 1
2025-01-27 05:13:50,705 - xai.nshap_analysis - INFO - Instance 628: Predicted class 2
2025-01-27 05:13:50,705 - xai.nshap_analysis - INFO - Instance 629: Predicted class 3
2025-01-27 05:13:50,705 - xai.nshap_analysis - INFO - Instance 630: Predicted class 2
2025-01-27 05:13:50,705 - xai.nshap_analysis - INFO - Instance 631: Predicted class 3
2025-01-27 05:13:50,706 - xai.nshap_analysis - INFO - Instance 632: Predicted class 3
2025-01-27 05:13:50,706 - xai.nshap_analysis - INFO - Instance 633: Predicted class 0
2025-01-27 05:13:50,710 - xai.nshap_analysis - INFO - Instance 634: Predicted class 1
2025-01-27 05:13:50,710 - xai.nshap_analysis - INFO - Instance 635: Predicted class 0
2025-01-27 05:13:50,711 - xai.nshap_analysis - INFO - Instance 636: Predicted class 1
2025-01-27 05:13:50,711 - xai.nshap_analysis - INFO - Instance 637: Predicted class 1
2025-01-27 05:13:50,712 - xai.nshap_analysis - INFO - Instance 638: Predicted class 3
2025-01-27 05:13:50,712 - xai.nshap_analysis - INFO - Instance 639: Predicted class 2
2025-01-27 05:14:14,515 - xai.nshap_analysis - INFO - Instance 640: Predicted class 0
2025-01-27 05:14:14,516 - xai.nshap_analysis - INFO - Instance 641: Predicted class 1
2025-01-27 05:14:14,516 - xai.nshap_analysis - INFO - Instance 642: Predicted class 0
2025-01-27 05:14:14,516 - xai.nshap_analysis - INFO - Instance 643: Predicted class 1
2025-01-27 05:14:14,517 - xai.nshap_analysis - INFO - Instance 644: Predicted class 1
2025-01-27 05:14:14,517 - xai.nshap_analysis - INFO - Instance 645: Predicted class 1
2025-01-27 05:14:14,518 - xai.nshap_analysis - INFO - Instance 646: Predicted class 0
2025-01-27 05:14:14,518 - xai.nshap_analysis - INFO - Instance 647: Predicted class 2
2025-01-27 05:14:14,518 - xai.nshap_analysis - INFO - Instance 648: Predicted class 1
2025-01-27 05:14:14,518 - xai.nshap_analysis - INFO - Instance 649: Predicted class 1
2025-01-27 05:14:14,519 - xai.nshap_analysis - INFO - Instance 650: Predicted class 1
2025-01-27 05:14:14,519 - xai.nshap_analysis - INFO - Instance 651: Predicted class 0
2025-01-27 05:14:14,519 - xai.nshap_analysis - INFO - Instance 652: Predicted class 1
2025-01-27 05:14:14,519 - xai.nshap_analysis - INFO - Instance 653: Predicted class 0
2025-01-27 05:14:14,523 - xai.nshap_analysis - INFO - Instance 654: Predicted class 0
2025-01-27 05:14:14,524 - xai.nshap_analysis - INFO - Instance 655: Predicted class 1
2025-01-27 05:14:14,524 - xai.nshap_analysis - INFO - Instance 656: Predicted class 3
2025-01-27 05:14:14,524 - xai.nshap_analysis - INFO - Instance 657: Predicted class 3
2025-01-27 05:14:14,525 - xai.nshap_analysis - INFO - Instance 658: Predicted class 2
2025-01-27 05:14:14,525 - xai.nshap_analysis - INFO - Instance 659: Predicted class 0
2025-01-27 05:14:38,166 - xai.nshap_analysis - INFO - Instance 660: Predicted class 1
2025-01-27 05:14:38,167 - xai.nshap_analysis - INFO - Instance 661: Predicted class 2
2025-01-27 05:14:38,167 - xai.nshap_analysis - INFO - Instance 662: Predicted class 0
2025-01-27 05:14:38,167 - xai.nshap_analysis - INFO - Instance 663: Predicted class 1
2025-01-27 05:14:38,167 - xai.nshap_analysis - INFO - Instance 664: Predicted class 1
2025-01-27 05:14:38,168 - xai.nshap_analysis - INFO - Instance 665: Predicted class 1
2025-01-27 05:14:38,168 - xai.nshap_analysis - INFO - Instance 666: Predicted class 0
2025-01-27 05:14:38,168 - xai.nshap_analysis - INFO - Instance 667: Predicted class 3
2025-01-27 05:14:38,168 - xai.nshap_analysis - INFO - Instance 668: Predicted class 1
2025-01-27 05:14:38,169 - xai.nshap_analysis - INFO - Instance 669: Predicted class 3
2025-01-27 05:14:38,169 - xai.nshap_analysis - INFO - Instance 670: Predicted class 2
2025-01-27 05:14:38,169 - xai.nshap_analysis - INFO - Instance 671: Predicted class 0
2025-01-27 05:14:38,169 - xai.nshap_analysis - INFO - Instance 672: Predicted class 2
2025-01-27 05:14:38,169 - xai.nshap_analysis - INFO - Instance 673: Predicted class 2
2025-01-27 05:14:38,170 - xai.nshap_analysis - INFO - Instance 674: Predicted class 1
2025-01-27 05:14:38,170 - xai.nshap_analysis - INFO - Instance 675: Predicted class 0
2025-01-27 05:14:38,170 - xai.nshap_analysis - INFO - Instance 676: Predicted class 0
2025-01-27 05:14:38,170 - xai.nshap_analysis - INFO - Instance 677: Predicted class 1
2025-01-27 05:14:38,171 - xai.nshap_analysis - INFO - Instance 678: Predicted class 1
2025-01-27 05:14:38,175 - xai.nshap_analysis - INFO - Instance 679: Predicted class 0
2025-01-27 05:15:01,545 - xai.nshap_analysis - INFO - Instance 680: Predicted class 3
2025-01-27 05:15:01,545 - xai.nshap_analysis - INFO - Instance 681: Predicted class 0
2025-01-27 05:15:01,546 - xai.nshap_analysis - INFO - Instance 682: Predicted class 0
2025-01-27 05:15:01,546 - xai.nshap_analysis - INFO - Instance 683: Predicted class 2
2025-01-27 05:15:01,546 - xai.nshap_analysis - INFO - Instance 684: Predicted class 0
2025-01-27 05:15:01,546 - xai.nshap_analysis - INFO - Instance 685: Predicted class 0
2025-01-27 05:15:01,547 - xai.nshap_analysis - INFO - Instance 686: Predicted class 0
2025-01-27 05:15:01,547 - xai.nshap_analysis - INFO - Instance 687: Predicted class 0
2025-01-27 05:15:01,547 - xai.nshap_analysis - INFO - Instance 688: Predicted class 0
2025-01-27 05:15:01,547 - xai.nshap_analysis - INFO - Instance 689: Predicted class 2
2025-01-27 05:15:01,547 - xai.nshap_analysis - INFO - Instance 690: Predicted class 1
2025-01-27 05:15:01,547 - xai.nshap_analysis - INFO - Instance 691: Predicted class 2
2025-01-27 05:15:01,552 - xai.nshap_analysis - INFO - Instance 692: Predicted class 0
2025-01-27 05:15:01,553 - xai.nshap_analysis - INFO - Instance 693: Predicted class 1
2025-01-27 05:15:01,553 - xai.nshap_analysis - INFO - Instance 694: Predicted class 2
2025-01-27 05:15:01,554 - xai.nshap_analysis - INFO - Instance 695: Predicted class 3
2025-01-27 05:15:01,554 - xai.nshap_analysis - INFO - Instance 696: Predicted class 3
2025-01-27 05:15:01,554 - xai.nshap_analysis - INFO - Instance 697: Predicted class 1
2025-01-27 05:15:01,554 - xai.nshap_analysis - INFO - Instance 698: Predicted class 1
2025-01-27 05:15:01,554 - xai.nshap_analysis - INFO - Instance 699: Predicted class 0
2025-01-27 05:15:25,356 - xai.nshap_analysis - INFO - Instance 700: Predicted class 2
2025-01-27 05:15:25,356 - xai.nshap_analysis - INFO - Instance 701: Predicted class 0
2025-01-27 05:15:25,357 - xai.nshap_analysis - INFO - Instance 702: Predicted class 3
2025-01-27 05:15:25,357 - xai.nshap_analysis - INFO - Instance 703: Predicted class 1
2025-01-27 05:15:25,357 - xai.nshap_analysis - INFO - Instance 704: Predicted class 1
2025-01-27 05:15:25,357 - xai.nshap_analysis - INFO - Instance 705: Predicted class 1
2025-01-27 05:15:25,358 - xai.nshap_analysis - INFO - Instance 706: Predicted class 2
2025-01-27 05:15:25,358 - xai.nshap_analysis - INFO - Instance 707: Predicted class 3
2025-01-27 05:15:25,358 - xai.nshap_analysis - INFO - Instance 708: Predicted class 0
2025-01-27 05:15:25,358 - xai.nshap_analysis - INFO - Instance 709: Predicted class 0
2025-01-27 05:15:25,358 - xai.nshap_analysis - INFO - Instance 710: Predicted class 3
2025-01-27 05:15:25,359 - xai.nshap_analysis - INFO - Instance 711: Predicted class 0
2025-01-27 05:15:25,359 - xai.nshap_analysis - INFO - Instance 712: Predicted class 0
2025-01-27 05:15:25,363 - xai.nshap_analysis - INFO - Instance 713: Predicted class 0
2025-01-27 05:15:25,364 - xai.nshap_analysis - INFO - Instance 714: Predicted class 0
2025-01-27 05:15:25,364 - xai.nshap_analysis - INFO - Instance 715: Predicted class 2
2025-01-27 05:15:25,365 - xai.nshap_analysis - INFO - Instance 716: Predicted class 0
2025-01-27 05:15:25,365 - xai.nshap_analysis - INFO - Instance 717: Predicted class 1
2025-01-27 05:15:25,365 - xai.nshap_analysis - INFO - Instance 718: Predicted class 1
2025-01-27 05:15:25,365 - xai.nshap_analysis - INFO - Instance 719: Predicted class 3
2025-01-27 05:15:48,964 - xai.nshap_analysis - INFO - Instance 720: Predicted class 0
2025-01-27 05:15:48,965 - xai.nshap_analysis - INFO - Instance 721: Predicted class 1
2025-01-27 05:15:48,965 - xai.nshap_analysis - INFO - Instance 722: Predicted class 1
2025-01-27 05:15:48,965 - xai.nshap_analysis - INFO - Instance 723: Predicted class 2
2025-01-27 05:15:48,966 - xai.nshap_analysis - INFO - Instance 724: Predicted class 1
2025-01-27 05:15:48,966 - xai.nshap_analysis - INFO - Instance 725: Predicted class 1
2025-01-27 05:15:48,966 - xai.nshap_analysis - INFO - Instance 726: Predicted class 0
2025-01-27 05:15:48,966 - xai.nshap_analysis - INFO - Instance 727: Predicted class 1
2025-01-27 05:15:48,967 - xai.nshap_analysis - INFO - Instance 728: Predicted class 0
2025-01-27 05:15:48,967 - xai.nshap_analysis - INFO - Instance 729: Predicted class 0
2025-01-27 05:15:48,967 - xai.nshap_analysis - INFO - Instance 730: Predicted class 1
2025-01-27 05:15:48,967 - xai.nshap_analysis - INFO - Instance 731: Predicted class 3
2025-01-27 05:15:48,971 - xai.nshap_analysis - INFO - Instance 732: Predicted class 2
2025-01-27 05:15:48,972 - xai.nshap_analysis - INFO - Instance 733: Predicted class 1
2025-01-27 05:15:48,972 - xai.nshap_analysis - INFO - Instance 734: Predicted class 2
2025-01-27 05:15:48,972 - xai.nshap_analysis - INFO - Instance 735: Predicted class 0
2025-01-27 05:15:48,973 - xai.nshap_analysis - INFO - Instance 736: Predicted class 1
2025-01-27 05:15:48,973 - xai.nshap_analysis - INFO - Instance 737: Predicted class 0
2025-01-27 05:15:48,973 - xai.nshap_analysis - INFO - Instance 738: Predicted class 1
2025-01-27 05:15:48,973 - xai.nshap_analysis - INFO - Instance 739: Predicted class 1
2025-01-27 05:16:12,725 - xai.nshap_analysis - INFO - Instance 740: Predicted class 0
2025-01-27 05:16:12,725 - xai.nshap_analysis - INFO - Instance 741: Predicted class 1
2025-01-27 05:16:12,726 - xai.nshap_analysis - INFO - Instance 742: Predicted class 3
2025-01-27 05:16:12,726 - xai.nshap_analysis - INFO - Instance 743: Predicted class 0
2025-01-27 05:16:12,726 - xai.nshap_analysis - INFO - Instance 744: Predicted class 0
2025-01-27 05:16:12,727 - xai.nshap_analysis - INFO - Instance 745: Predicted class 1
2025-01-27 05:16:12,727 - xai.nshap_analysis - INFO - Instance 746: Predicted class 0
2025-01-27 05:16:12,727 - xai.nshap_analysis - INFO - Instance 747: Predicted class 1
2025-01-27 05:16:12,727 - xai.nshap_analysis - INFO - Instance 748: Predicted class 1
2025-01-27 05:16:12,727 - xai.nshap_analysis - INFO - Instance 749: Predicted class 1
2025-01-27 05:16:12,728 - xai.nshap_analysis - INFO - Instance 750: Predicted class 0
2025-01-27 05:16:12,731 - xai.nshap_analysis - INFO - Instance 751: Predicted class 0
2025-01-27 05:16:12,732 - xai.nshap_analysis - INFO - Instance 752: Predicted class 0
2025-01-27 05:16:12,732 - xai.nshap_analysis - INFO - Instance 753: Predicted class 2
2025-01-27 05:16:12,733 - xai.nshap_analysis - INFO - Instance 754: Predicted class 3
2025-01-27 05:16:12,733 - xai.nshap_analysis - INFO - Instance 755: Predicted class 0
2025-01-27 05:16:12,733 - xai.nshap_analysis - INFO - Instance 756: Predicted class 0
2025-01-27 05:16:12,733 - xai.nshap_analysis - INFO - Instance 757: Predicted class 0
2025-01-27 05:16:12,733 - xai.nshap_analysis - INFO - Instance 758: Predicted class 0
2025-01-27 05:16:12,734 - xai.nshap_analysis - INFO - Instance 759: Predicted class 3
2025-01-27 05:16:36,387 - xai.nshap_analysis - INFO - Instance 760: Predicted class 1
2025-01-27 05:16:36,388 - xai.nshap_analysis - INFO - Instance 761: Predicted class 0
2025-01-27 05:16:36,388 - xai.nshap_analysis - INFO - Instance 762: Predicted class 3
2025-01-27 05:16:36,389 - xai.nshap_analysis - INFO - Instance 763: Predicted class 1
2025-01-27 05:16:36,389 - xai.nshap_analysis - INFO - Instance 764: Predicted class 1
2025-01-27 05:16:36,389 - xai.nshap_analysis - INFO - Instance 765: Predicted class 2
2025-01-27 05:16:36,389 - xai.nshap_analysis - INFO - Instance 766: Predicted class 2
2025-01-27 05:16:36,389 - xai.nshap_analysis - INFO - Instance 767: Predicted class 1
2025-01-27 05:16:36,390 - xai.nshap_analysis - INFO - Instance 768: Predicted class 3
2025-01-27 05:16:36,390 - xai.nshap_analysis - INFO - Instance 769: Predicted class 0
2025-01-27 05:16:36,390 - xai.nshap_analysis - INFO - Instance 770: Predicted class 1
2025-01-27 05:16:36,390 - xai.nshap_analysis - INFO - Instance 771: Predicted class 0
2025-01-27 05:16:36,391 - xai.nshap_analysis - INFO - Instance 772: Predicted class 3
2025-01-27 05:16:36,391 - xai.nshap_analysis - INFO - Instance 773: Predicted class 1
2025-01-27 05:16:36,391 - xai.nshap_analysis - INFO - Instance 774: Predicted class 1
2025-01-27 05:16:36,395 - xai.nshap_analysis - INFO - Instance 775: Predicted class 1
2025-01-27 05:16:36,395 - xai.nshap_analysis - INFO - Instance 776: Predicted class 1
2025-01-27 05:16:36,396 - xai.nshap_analysis - INFO - Instance 777: Predicted class 2
2025-01-27 05:16:36,396 - xai.nshap_analysis - INFO - Instance 778: Predicted class 1
2025-01-27 05:16:36,396 - xai.nshap_analysis - INFO - Instance 779: Predicted class 1
2025-01-27 05:17:00,018 - xai.nshap_analysis - INFO - Instance 780: Predicted class 3
2025-01-27 05:17:00,019 - xai.nshap_analysis - INFO - Instance 781: Predicted class 0
2025-01-27 05:17:00,020 - xai.nshap_analysis - INFO - Instance 782: Predicted class 1
2025-01-27 05:17:00,020 - xai.nshap_analysis - INFO - Instance 783: Predicted class 1
2025-01-27 05:17:00,020 - xai.nshap_analysis - INFO - Instance 784: Predicted class 3
2025-01-27 05:17:00,020 - xai.nshap_analysis - INFO - Instance 785: Predicted class 3
2025-01-27 05:17:42,677 - xai.nshap_analysis - INFO - Computing shapley interaction index values
2025-01-27 05:17:42,679 - xai.nshap_analysis - INFO - Instance 0: Predicted class 0
2025-01-27 05:17:42,679 - xai.nshap_analysis - INFO - Instance 1: Predicted class 3
2025-01-27 05:17:42,679 - xai.nshap_analysis - INFO - Instance 2: Predicted class 0
2025-01-27 05:17:42,680 - xai.nshap_analysis - INFO - Instance 3: Predicted class 2
2025-01-27 05:17:42,680 - xai.nshap_analysis - INFO - Instance 4: Predicted class 0
2025-01-27 05:17:42,680 - xai.nshap_analysis - INFO - Instance 5: Predicted class 0
2025-01-27 05:17:42,681 - xai.nshap_analysis - INFO - Instance 6: Predicted class 3
2025-01-27 05:17:42,681 - xai.nshap_analysis - INFO - Instance 7: Predicted class 0
2025-01-27 05:17:42,681 - xai.nshap_analysis - INFO - Instance 8: Predicted class 1
2025-01-27 05:17:42,681 - xai.nshap_analysis - INFO - Instance 9: Predicted class 2
2025-01-27 05:17:42,681 - xai.nshap_analysis - INFO - Instance 10: Predicted class 3
2025-01-27 05:17:42,681 - xai.nshap_analysis - INFO - Instance 11: Predicted class 1
2025-01-27 05:17:42,683 - xai.nshap_analysis - INFO - Instance 12: Predicted class 2
2025-01-27 05:17:42,683 - xai.nshap_analysis - INFO - Instance 13: Predicted class 0
2025-01-27 05:17:42,683 - xai.nshap_analysis - INFO - Instance 14: Predicted class 0
2025-01-27 05:17:42,684 - xai.nshap_analysis - INFO - Instance 15: Predicted class 0
2025-01-27 05:17:42,684 - xai.nshap_analysis - INFO - Instance 16: Predicted class 0
2025-01-27 05:17:42,684 - xai.nshap_analysis - INFO - Instance 17: Predicted class 3
2025-01-27 05:17:42,684 - xai.nshap_analysis - INFO - Instance 18: Predicted class 2
2025-01-27 05:17:42,684 - xai.nshap_analysis - INFO - Instance 19: Predicted class 0
2025-01-27 05:17:42,686 - xai.nshap_analysis - INFO - Instance 20: Predicted class 1
2025-01-27 05:17:42,687 - xai.nshap_analysis - INFO - Instance 21: Predicted class 2
2025-01-27 05:17:42,687 - xai.nshap_analysis - INFO - Instance 22: Predicted class 0
2025-01-27 05:17:42,689 - xai.nshap_analysis - INFO - Instance 23: Predicted class 0
2025-01-27 05:17:42,689 - xai.nshap_analysis - INFO - Instance 24: Predicted class 3
2025-01-27 05:17:42,690 - xai.nshap_analysis - INFO - Instance 25: Predicted class 1
2025-01-27 05:17:42,690 - xai.nshap_analysis - INFO - Instance 26: Predicted class 1
2025-01-27 05:17:42,690 - xai.nshap_analysis - INFO - Instance 27: Predicted class 2
2025-01-27 05:17:42,691 - xai.nshap_analysis - INFO - Instance 28: Predicted class 3
2025-01-27 05:17:42,691 - xai.nshap_analysis - INFO - Instance 29: Predicted class 3
2025-01-27 05:17:42,691 - xai.nshap_analysis - INFO - Instance 30: Predicted class 2
2025-01-27 05:17:42,692 - xai.nshap_analysis - INFO - Instance 31: Predicted class 3
2025-01-27 05:17:42,694 - xai.nshap_analysis - INFO - Instance 32: Predicted class 3
2025-01-27 05:17:42,710 - xai.nshap_analysis - INFO - Instance 33: Predicted class 1
2025-01-27 05:17:42,717 - xai.nshap_analysis - INFO - Instance 34: Predicted class 1
2025-01-27 05:17:42,732 - xai.nshap_analysis - INFO - Instance 35: Predicted class 3
2025-01-27 05:17:42,733 - xai.nshap_analysis - INFO - Instance 36: Predicted class 2
2025-01-27 05:17:42,749 - xai.nshap_analysis - INFO - Instance 37: Predicted class 1
2025-01-27 05:17:42,758 - xai.nshap_analysis - INFO - Instance 38: Predicted class 1
2025-01-27 05:17:42,759 - xai.nshap_analysis - INFO - Instance 39: Predicted class 2
2025-01-27 05:18:01,088 - xai.nshap_analysis - INFO - Instance 40: Predicted class 1
2025-01-27 05:18:01,088 - xai.nshap_analysis - INFO - Instance 41: Predicted class 2
2025-01-27 05:18:01,089 - xai.nshap_analysis - INFO - Instance 42: Predicted class 2
2025-01-27 05:18:01,089 - xai.nshap_analysis - INFO - Instance 43: Predicted class 2
2025-01-27 05:18:01,089 - xai.nshap_analysis - INFO - Instance 44: Predicted class 0
2025-01-27 05:18:01,089 - xai.nshap_analysis - INFO - Instance 45: Predicted class 0
2025-01-27 05:18:01,090 - xai.nshap_analysis - INFO - Instance 46: Predicted class 1
2025-01-27 05:18:01,090 - xai.nshap_analysis - INFO - Instance 47: Predicted class 1
2025-01-27 05:18:01,090 - xai.nshap_analysis - INFO - Instance 48: Predicted class 3
2025-01-27 05:18:01,090 - xai.nshap_analysis - INFO - Instance 49: Predicted class 0
2025-01-27 05:18:01,090 - xai.nshap_analysis - INFO - Instance 50: Predicted class 3
2025-01-27 05:18:01,091 - xai.nshap_analysis - INFO - Instance 51: Predicted class 0
2025-01-27 05:18:01,091 - xai.nshap_analysis - INFO - Instance 52: Predicted class 2
2025-01-27 05:18:01,095 - xai.nshap_analysis - INFO - Instance 53: Predicted class 0
2025-01-27 05:18:01,096 - xai.nshap_analysis - INFO - Instance 54: Predicted class 1
2025-01-27 05:18:01,096 - xai.nshap_analysis - INFO - Instance 55: Predicted class 2
2025-01-27 05:18:01,096 - xai.nshap_analysis - INFO - Instance 56: Predicted class 0
2025-01-27 05:18:01,096 - xai.nshap_analysis - INFO - Instance 57: Predicted class 1
2025-01-27 05:18:01,097 - xai.nshap_analysis - INFO - Instance 58: Predicted class 0
2025-01-27 05:18:01,097 - xai.nshap_analysis - INFO - Instance 59: Predicted class 2
2025-01-27 05:18:24,979 - xai.nshap_analysis - INFO - Instance 60: Predicted class 3
2025-01-27 05:18:24,980 - xai.nshap_analysis - INFO - Instance 61: Predicted class 0
2025-01-27 05:18:24,980 - xai.nshap_analysis - INFO - Instance 62: Predicted class 2
2025-01-27 05:18:24,980 - xai.nshap_analysis - INFO - Instance 63: Predicted class 2
2025-01-27 05:18:24,981 - xai.nshap_analysis - INFO - Instance 64: Predicted class 1
2025-01-27 05:18:24,981 - xai.nshap_analysis - INFO - Instance 65: Predicted class 1
2025-01-27 05:18:24,981 - xai.nshap_analysis - INFO - Instance 66: Predicted class 1
2025-01-27 05:18:24,981 - xai.nshap_analysis - INFO - Instance 67: Predicted class 3
2025-01-27 05:18:24,982 - xai.nshap_analysis - INFO - Instance 68: Predicted class 0
2025-01-27 05:18:24,982 - xai.nshap_analysis - INFO - Instance 69: Predicted class 2
2025-01-27 05:18:24,982 - xai.nshap_analysis - INFO - Instance 70: Predicted class 0
2025-01-27 05:18:24,982 - xai.nshap_analysis - INFO - Instance 71: Predicted class 1
2025-01-27 05:18:24,982 - xai.nshap_analysis - INFO - Instance 72: Predicted class 0
2025-01-27 05:18:24,987 - xai.nshap_analysis - INFO - Instance 73: Predicted class 3
2025-01-27 05:18:24,987 - xai.nshap_analysis - INFO - Instance 74: Predicted class 1
2025-01-27 05:18:24,987 - xai.nshap_analysis - INFO - Instance 75: Predicted class 1
2025-01-27 05:18:24,988 - xai.nshap_analysis - INFO - Instance 76: Predicted class 1
2025-01-27 05:18:24,988 - xai.nshap_analysis - INFO - Instance 77: Predicted class 3
2025-01-27 05:18:24,988 - xai.nshap_analysis - INFO - Instance 78: Predicted class 0
2025-01-27 05:18:24,988 - xai.nshap_analysis - INFO - Instance 79: Predicted class 0
2025-01-27 05:18:48,490 - xai.nshap_analysis - INFO - Instance 80: Predicted class 3
2025-01-27 05:18:48,490 - xai.nshap_analysis - INFO - Instance 81: Predicted class 0
2025-01-27 05:18:48,491 - xai.nshap_analysis - INFO - Instance 82: Predicted class 3
2025-01-27 05:18:48,491 - xai.nshap_analysis - INFO - Instance 83: Predicted class 0
2025-01-27 05:18:48,491 - xai.nshap_analysis - INFO - Instance 84: Predicted class 0
2025-01-27 05:18:48,491 - xai.nshap_analysis - INFO - Instance 85: Predicted class 0
2025-01-27 05:18:48,492 - xai.nshap_analysis - INFO - Instance 86: Predicted class 0
2025-01-27 05:18:48,492 - xai.nshap_analysis - INFO - Instance 87: Predicted class 0
2025-01-27 05:18:48,492 - xai.nshap_analysis - INFO - Instance 88: Predicted class 0
2025-01-27 05:18:48,492 - xai.nshap_analysis - INFO - Instance 89: Predicted class 3
2025-01-27 05:18:48,492 - xai.nshap_analysis - INFO - Instance 90: Predicted class 2
2025-01-27 05:18:48,493 - xai.nshap_analysis - INFO - Instance 91: Predicted class 0
2025-01-27 05:18:48,493 - xai.nshap_analysis - INFO - Instance 92: Predicted class 1
2025-01-27 05:18:48,497 - xai.nshap_analysis - INFO - Instance 93: Predicted class 0
2025-01-27 05:18:48,497 - xai.nshap_analysis - INFO - Instance 94: Predicted class 0
2025-01-27 05:18:48,498 - xai.nshap_analysis - INFO - Instance 95: Predicted class 1
2025-01-27 05:18:48,498 - xai.nshap_analysis - INFO - Instance 96: Predicted class 3
2025-01-27 05:18:48,498 - xai.nshap_analysis - INFO - Instance 97: Predicted class 1
2025-01-27 05:18:48,498 - xai.nshap_analysis - INFO - Instance 98: Predicted class 0
2025-01-27 05:18:48,499 - xai.nshap_analysis - INFO - Instance 99: Predicted class 1
2025-01-27 05:19:12,896 - xai.nshap_analysis - INFO - Instance 100: Predicted class 0
2025-01-27 05:19:12,897 - xai.nshap_analysis - INFO - Instance 101: Predicted class 1
2025-01-27 05:19:12,897 - xai.nshap_analysis - INFO - Instance 102: Predicted class 1
2025-01-27 05:19:12,898 - xai.nshap_analysis - INFO - Instance 103: Predicted class 1
2025-01-27 05:19:12,898 - xai.nshap_analysis - INFO - Instance 104: Predicted class 0
2025-01-27 05:19:12,898 - xai.nshap_analysis - INFO - Instance 105: Predicted class 0
2025-01-27 05:19:12,898 - xai.nshap_analysis - INFO - Instance 106: Predicted class 0
2025-01-27 05:19:12,899 - xai.nshap_analysis - INFO - Instance 107: Predicted class 3
2025-01-27 05:19:12,899 - xai.nshap_analysis - INFO - Instance 108: Predicted class 0
2025-01-27 05:19:12,899 - xai.nshap_analysis - INFO - Instance 109: Predicted class 1
2025-01-27 05:19:12,899 - xai.nshap_analysis - INFO - Instance 110: Predicted class 0
2025-01-27 05:19:12,900 - xai.nshap_analysis - INFO - Instance 111: Predicted class 2
2025-01-27 05:19:12,904 - xai.nshap_analysis - INFO - Instance 112: Predicted class 0
2025-01-27 05:19:12,904 - xai.nshap_analysis - INFO - Instance 113: Predicted class 0
2025-01-27 05:19:12,905 - xai.nshap_analysis - INFO - Instance 114: Predicted class 0
2025-01-27 05:19:12,905 - xai.nshap_analysis - INFO - Instance 115: Predicted class 0
2025-01-27 05:19:12,905 - xai.nshap_analysis - INFO - Instance 116: Predicted class 0
2025-01-27 05:19:12,905 - xai.nshap_analysis - INFO - Instance 117: Predicted class 3
2025-01-27 05:19:12,905 - xai.nshap_analysis - INFO - Instance 118: Predicted class 0
2025-01-27 05:19:12,906 - xai.nshap_analysis - INFO - Instance 119: Predicted class 1
2025-01-27 05:19:36,498 - xai.nshap_analysis - INFO - Instance 120: Predicted class 0
2025-01-27 05:19:36,498 - xai.nshap_analysis - INFO - Instance 121: Predicted class 2
2025-01-27 05:19:36,499 - xai.nshap_analysis - INFO - Instance 122: Predicted class 3
2025-01-27 05:19:36,499 - xai.nshap_analysis - INFO - Instance 123: Predicted class 0
2025-01-27 05:19:36,499 - xai.nshap_analysis - INFO - Instance 124: Predicted class 0
2025-01-27 05:19:36,499 - xai.nshap_analysis - INFO - Instance 125: Predicted class 1
2025-01-27 05:19:36,500 - xai.nshap_analysis - INFO - Instance 126: Predicted class 0
2025-01-27 05:19:36,500 - xai.nshap_analysis - INFO - Instance 127: Predicted class 0
2025-01-27 05:19:36,500 - xai.nshap_analysis - INFO - Instance 128: Predicted class 2
2025-01-27 05:19:36,500 - xai.nshap_analysis - INFO - Instance 129: Predicted class 2
2025-01-27 05:19:36,501 - xai.nshap_analysis - INFO - Instance 130: Predicted class 1
2025-01-27 05:19:36,501 - xai.nshap_analysis - INFO - Instance 131: Predicted class 2
2025-01-27 05:19:36,501 - xai.nshap_analysis - INFO - Instance 132: Predicted class 1
2025-01-27 05:19:36,501 - xai.nshap_analysis - INFO - Instance 133: Predicted class 1
2025-01-27 05:19:36,501 - xai.nshap_analysis - INFO - Instance 134: Predicted class 0
2025-01-27 05:19:36,502 - xai.nshap_analysis - INFO - Instance 135: Predicted class 0
2025-01-27 05:19:36,502 - xai.nshap_analysis - INFO - Instance 136: Predicted class 1
2025-01-27 05:19:36,502 - xai.nshap_analysis - INFO - Instance 137: Predicted class 1
2025-01-27 05:19:36,502 - xai.nshap_analysis - INFO - Instance 138: Predicted class 1
2025-01-27 05:19:36,503 - xai.nshap_analysis - INFO - Instance 139: Predicted class 1
2025-01-27 05:20:00,106 - xai.nshap_analysis - INFO - Instance 140: Predicted class 3
2025-01-27 05:20:00,106 - xai.nshap_analysis - INFO - Instance 141: Predicted class 3
2025-01-27 05:20:00,107 - xai.nshap_analysis - INFO - Instance 142: Predicted class 3
2025-01-27 05:20:00,107 - xai.nshap_analysis - INFO - Instance 143: Predicted class 1
2025-01-27 05:20:00,107 - xai.nshap_analysis - INFO - Instance 144: Predicted class 0
2025-01-27 05:20:00,108 - xai.nshap_analysis - INFO - Instance 145: Predicted class 2
2025-01-27 05:20:00,108 - xai.nshap_analysis - INFO - Instance 146: Predicted class 0
2025-01-27 05:20:00,108 - xai.nshap_analysis - INFO - Instance 147: Predicted class 1
2025-01-27 05:20:00,108 - xai.nshap_analysis - INFO - Instance 148: Predicted class 0
2025-01-27 05:20:00,108 - xai.nshap_analysis - INFO - Instance 149: Predicted class 2
2025-01-27 05:20:00,109 - xai.nshap_analysis - INFO - Instance 150: Predicted class 1
2025-01-27 05:20:00,109 - xai.nshap_analysis - INFO - Instance 151: Predicted class 3
2025-01-27 05:20:00,113 - xai.nshap_analysis - INFO - Instance 152: Predicted class 3
2025-01-27 05:20:00,114 - xai.nshap_analysis - INFO - Instance 153: Predicted class 1
2025-01-27 05:20:00,114 - xai.nshap_analysis - INFO - Instance 154: Predicted class 1
2025-01-27 05:20:00,114 - xai.nshap_analysis - INFO - Instance 155: Predicted class 3
2025-01-27 05:20:00,114 - xai.nshap_analysis - INFO - Instance 156: Predicted class 2
2025-01-27 05:20:00,115 - xai.nshap_analysis - INFO - Instance 157: Predicted class 1
2025-01-27 05:20:00,115 - xai.nshap_analysis - INFO - Instance 158: Predicted class 0
2025-01-27 05:20:00,115 - xai.nshap_analysis - INFO - Instance 159: Predicted class 2
2025-01-27 05:20:23,428 - xai.nshap_analysis - INFO - Instance 160: Predicted class 0
2025-01-27 05:20:23,429 - xai.nshap_analysis - INFO - Instance 161: Predicted class 1
2025-01-27 05:20:23,430 - xai.nshap_analysis - INFO - Instance 162: Predicted class 0
2025-01-27 05:20:23,430 - xai.nshap_analysis - INFO - Instance 163: Predicted class 0
2025-01-27 05:20:23,430 - xai.nshap_analysis - INFO - Instance 164: Predicted class 2
2025-01-27 05:20:23,430 - xai.nshap_analysis - INFO - Instance 165: Predicted class 1
2025-01-27 05:20:23,430 - xai.nshap_analysis - INFO - Instance 166: Predicted class 1
2025-01-27 05:20:23,431 - xai.nshap_analysis - INFO - Instance 167: Predicted class 1
2025-01-27 05:20:23,431 - xai.nshap_analysis - INFO - Instance 168: Predicted class 2
2025-01-27 05:20:23,431 - xai.nshap_analysis - INFO - Instance 169: Predicted class 1
2025-01-27 05:20:23,431 - xai.nshap_analysis - INFO - Instance 170: Predicted class 1
2025-01-27 05:20:23,431 - xai.nshap_analysis - INFO - Instance 171: Predicted class 1
2025-01-27 05:20:23,431 - xai.nshap_analysis - INFO - Instance 172: Predicted class 2
2025-01-27 05:20:23,436 - xai.nshap_analysis - INFO - Instance 173: Predicted class 2
2025-01-27 05:20:23,437 - xai.nshap_analysis - INFO - Instance 174: Predicted class 1
2025-01-27 05:20:23,437 - xai.nshap_analysis - INFO - Instance 175: Predicted class 1
2025-01-27 05:20:23,437 - xai.nshap_analysis - INFO - Instance 176: Predicted class 0
2025-01-27 05:20:23,438 - xai.nshap_analysis - INFO - Instance 177: Predicted class 1
2025-01-27 05:20:23,438 - xai.nshap_analysis - INFO - Instance 178: Predicted class 0
2025-01-27 05:20:23,438 - xai.nshap_analysis - INFO - Instance 179: Predicted class 2
2025-01-27 05:20:47,196 - xai.nshap_analysis - INFO - Instance 180: Predicted class 1
2025-01-27 05:20:47,196 - xai.nshap_analysis - INFO - Instance 181: Predicted class 1
2025-01-27 05:20:47,197 - xai.nshap_analysis - INFO - Instance 182: Predicted class 3
2025-01-27 05:20:47,197 - xai.nshap_analysis - INFO - Instance 183: Predicted class 2
2025-01-27 05:20:47,197 - xai.nshap_analysis - INFO - Instance 184: Predicted class 1
2025-01-27 05:20:47,198 - xai.nshap_analysis - INFO - Instance 185: Predicted class 1
2025-01-27 05:20:47,198 - xai.nshap_analysis - INFO - Instance 186: Predicted class 2
2025-01-27 05:20:47,198 - xai.nshap_analysis - INFO - Instance 187: Predicted class 0
2025-01-27 05:20:47,198 - xai.nshap_analysis - INFO - Instance 188: Predicted class 1
2025-01-27 05:20:47,199 - xai.nshap_analysis - INFO - Instance 189: Predicted class 0
2025-01-27 05:20:47,199 - xai.nshap_analysis - INFO - Instance 190: Predicted class 1
2025-01-27 05:20:47,203 - xai.nshap_analysis - INFO - Instance 191: Predicted class 3
2025-01-27 05:20:47,203 - xai.nshap_analysis - INFO - Instance 192: Predicted class 1
2025-01-27 05:20:47,204 - xai.nshap_analysis - INFO - Instance 193: Predicted class 3
2025-01-27 05:20:47,204 - xai.nshap_analysis - INFO - Instance 194: Predicted class 0
2025-01-27 05:20:47,204 - xai.nshap_analysis - INFO - Instance 195: Predicted class 3
2025-01-27 05:20:47,204 - xai.nshap_analysis - INFO - Instance 196: Predicted class 0
2025-01-27 05:20:47,205 - xai.nshap_analysis - INFO - Instance 197: Predicted class 1
2025-01-27 05:20:47,205 - xai.nshap_analysis - INFO - Instance 198: Predicted class 2
2025-01-27 05:20:47,205 - xai.nshap_analysis - INFO - Instance 199: Predicted class 2
2025-01-27 05:21:10,583 - xai.nshap_analysis - INFO - Instance 200: Predicted class 3
2025-01-27 05:21:10,584 - xai.nshap_analysis - INFO - Instance 201: Predicted class 1
2025-01-27 05:21:10,584 - xai.nshap_analysis - INFO - Instance 202: Predicted class 1
2025-01-27 05:21:10,584 - xai.nshap_analysis - INFO - Instance 203: Predicted class 1
2025-01-27 05:21:10,585 - xai.nshap_analysis - INFO - Instance 204: Predicted class 1
2025-01-27 05:21:10,585 - xai.nshap_analysis - INFO - Instance 205: Predicted class 1
2025-01-27 05:21:10,585 - xai.nshap_analysis - INFO - Instance 206: Predicted class 1
2025-01-27 05:21:10,585 - xai.nshap_analysis - INFO - Instance 207: Predicted class 3
2025-01-27 05:21:10,586 - xai.nshap_analysis - INFO - Instance 208: Predicted class 1
2025-01-27 05:21:10,586 - xai.nshap_analysis - INFO - Instance 209: Predicted class 2
2025-01-27 05:21:10,586 - xai.nshap_analysis - INFO - Instance 210: Predicted class 0
2025-01-27 05:21:10,586 - xai.nshap_analysis - INFO - Instance 211: Predicted class 3
2025-01-27 05:21:10,586 - xai.nshap_analysis - INFO - Instance 212: Predicted class 2
2025-01-27 05:21:10,587 - xai.nshap_analysis - INFO - Instance 213: Predicted class 1
2025-01-27 05:21:10,591 - xai.nshap_analysis - INFO - Instance 214: Predicted class 2
2025-01-27 05:21:10,591 - xai.nshap_analysis - INFO - Instance 215: Predicted class 2
2025-01-27 05:21:10,592 - xai.nshap_analysis - INFO - Instance 216: Predicted class 2
2025-01-27 05:21:10,592 - xai.nshap_analysis - INFO - Instance 217: Predicted class 1
2025-01-27 05:21:10,592 - xai.nshap_analysis - INFO - Instance 218: Predicted class 1
2025-01-27 05:21:10,592 - xai.nshap_analysis - INFO - Instance 219: Predicted class 2
2025-01-27 05:21:34,105 - xai.nshap_analysis - INFO - Instance 220: Predicted class 1
2025-01-27 05:21:34,106 - xai.nshap_analysis - INFO - Instance 221: Predicted class 3
2025-01-27 05:21:34,106 - xai.nshap_analysis - INFO - Instance 222: Predicted class 3
2025-01-27 05:21:34,106 - xai.nshap_analysis - INFO - Instance 223: Predicted class 0
2025-01-27 05:21:34,106 - xai.nshap_analysis - INFO - Instance 224: Predicted class 3
2025-01-27 05:21:34,107 - xai.nshap_analysis - INFO - Instance 225: Predicted class 2
2025-01-27 05:21:34,107 - xai.nshap_analysis - INFO - Instance 226: Predicted class 2
2025-01-27 05:21:34,107 - xai.nshap_analysis - INFO - Instance 227: Predicted class 1
2025-01-27 05:21:34,107 - xai.nshap_analysis - INFO - Instance 228: Predicted class 0
2025-01-27 05:21:34,108 - xai.nshap_analysis - INFO - Instance 229: Predicted class 3
2025-01-27 05:21:34,108 - xai.nshap_analysis - INFO - Instance 230: Predicted class 2
2025-01-27 05:21:34,108 - xai.nshap_analysis - INFO - Instance 231: Predicted class 3
2025-01-27 05:21:34,108 - xai.nshap_analysis - INFO - Instance 232: Predicted class 3
2025-01-27 05:21:34,112 - xai.nshap_analysis - INFO - Instance 233: Predicted class 0
2025-01-27 05:21:34,113 - xai.nshap_analysis - INFO - Instance 234: Predicted class 0
2025-01-27 05:21:34,113 - xai.nshap_analysis - INFO - Instance 235: Predicted class 0
2025-01-27 05:21:34,113 - xai.nshap_analysis - INFO - Instance 236: Predicted class 1
2025-01-27 05:21:34,114 - xai.nshap_analysis - INFO - Instance 237: Predicted class 3
2025-01-27 05:21:34,114 - xai.nshap_analysis - INFO - Instance 238: Predicted class 1
2025-01-27 05:21:34,114 - xai.nshap_analysis - INFO - Instance 239: Predicted class 3
2025-01-27 05:21:57,899 - xai.nshap_analysis - INFO - Instance 240: Predicted class 2
2025-01-27 05:21:57,900 - xai.nshap_analysis - INFO - Instance 241: Predicted class 1
2025-01-27 05:21:57,900 - xai.nshap_analysis - INFO - Instance 242: Predicted class 0
2025-01-27 05:21:57,900 - xai.nshap_analysis - INFO - Instance 243: Predicted class 2
2025-01-27 05:21:57,901 - xai.nshap_analysis - INFO - Instance 244: Predicted class 1
2025-01-27 05:21:57,901 - xai.nshap_analysis - INFO - Instance 245: Predicted class 0
2025-01-27 05:21:57,901 - xai.nshap_analysis - INFO - Instance 246: Predicted class 2
2025-01-27 05:21:57,901 - xai.nshap_analysis - INFO - Instance 247: Predicted class 1
2025-01-27 05:21:57,902 - xai.nshap_analysis - INFO - Instance 248: Predicted class 3
2025-01-27 05:21:57,902 - xai.nshap_analysis - INFO - Instance 249: Predicted class 2
2025-01-27 05:21:57,902 - xai.nshap_analysis - INFO - Instance 250: Predicted class 2
2025-01-27 05:21:57,902 - xai.nshap_analysis - INFO - Instance 251: Predicted class 1
2025-01-27 05:21:57,902 - xai.nshap_analysis - INFO - Instance 252: Predicted class 1
2025-01-27 05:21:57,903 - xai.nshap_analysis - INFO - Instance 253: Predicted class 0
2025-01-27 05:21:57,907 - xai.nshap_analysis - INFO - Instance 254: Predicted class 3
2025-01-27 05:21:57,907 - xai.nshap_analysis - INFO - Instance 255: Predicted class 0
2025-01-27 05:21:57,908 - xai.nshap_analysis - INFO - Instance 256: Predicted class 3
2025-01-27 05:21:57,908 - xai.nshap_analysis - INFO - Instance 257: Predicted class 0
2025-01-27 05:21:57,908 - xai.nshap_analysis - INFO - Instance 258: Predicted class 0
2025-01-27 05:21:57,908 - xai.nshap_analysis - INFO - Instance 259: Predicted class 0
2025-01-27 05:22:21,832 - xai.nshap_analysis - INFO - Instance 260: Predicted class 1
2025-01-27 05:22:21,833 - xai.nshap_analysis - INFO - Instance 261: Predicted class 3
2025-01-27 05:22:21,833 - xai.nshap_analysis - INFO - Instance 262: Predicted class 0
2025-01-27 05:22:21,833 - xai.nshap_analysis - INFO - Instance 263: Predicted class 2
2025-01-27 05:22:21,834 - xai.nshap_analysis - INFO - Instance 264: Predicted class 0
2025-01-27 05:22:21,834 - xai.nshap_analysis - INFO - Instance 265: Predicted class 1
2025-01-27 05:22:21,834 - xai.nshap_analysis - INFO - Instance 266: Predicted class 1
2025-01-27 05:22:21,834 - xai.nshap_analysis - INFO - Instance 267: Predicted class 2
2025-01-27 05:22:21,834 - xai.nshap_analysis - INFO - Instance 268: Predicted class 1
2025-01-27 05:22:21,835 - xai.nshap_analysis - INFO - Instance 269: Predicted class 0
2025-01-27 05:22:21,835 - xai.nshap_analysis - INFO - Instance 270: Predicted class 0
2025-01-27 05:22:21,835 - xai.nshap_analysis - INFO - Instance 271: Predicted class 3
2025-01-27 05:22:21,839 - xai.nshap_analysis - INFO - Instance 272: Predicted class 2
2025-01-27 05:22:21,840 - xai.nshap_analysis - INFO - Instance 273: Predicted class 0
2025-01-27 05:22:21,840 - xai.nshap_analysis - INFO - Instance 274: Predicted class 0
2025-01-27 05:22:21,840 - xai.nshap_analysis - INFO - Instance 275: Predicted class 1
2025-01-27 05:22:21,841 - xai.nshap_analysis - INFO - Instance 276: Predicted class 0
2025-01-27 05:22:21,841 - xai.nshap_analysis - INFO - Instance 277: Predicted class 0
2025-01-27 05:22:21,841 - xai.nshap_analysis - INFO - Instance 278: Predicted class 3
2025-01-27 05:22:21,841 - xai.nshap_analysis - INFO - Instance 279: Predicted class 1
2025-01-27 05:22:45,659 - xai.nshap_analysis - INFO - Instance 280: Predicted class 1
2025-01-27 05:22:45,660 - xai.nshap_analysis - INFO - Instance 281: Predicted class 3
2025-01-27 05:22:45,660 - xai.nshap_analysis - INFO - Instance 282: Predicted class 0
2025-01-27 05:22:45,660 - xai.nshap_analysis - INFO - Instance 283: Predicted class 1
2025-01-27 05:22:45,661 - xai.nshap_analysis - INFO - Instance 284: Predicted class 3
2025-01-27 05:22:45,661 - xai.nshap_analysis - INFO - Instance 285: Predicted class 1
2025-01-27 05:22:45,661 - xai.nshap_analysis - INFO - Instance 286: Predicted class 2
2025-01-27 05:22:45,661 - xai.nshap_analysis - INFO - Instance 287: Predicted class 2
2025-01-27 05:22:45,662 - xai.nshap_analysis - INFO - Instance 288: Predicted class 0
2025-01-27 05:22:45,662 - xai.nshap_analysis - INFO - Instance 289: Predicted class 1
2025-01-27 05:22:45,662 - xai.nshap_analysis - INFO - Instance 290: Predicted class 0
2025-01-27 05:22:45,662 - xai.nshap_analysis - INFO - Instance 291: Predicted class 0
2025-01-27 05:22:45,662 - xai.nshap_analysis - INFO - Instance 292: Predicted class 2
2025-01-27 05:22:45,663 - xai.nshap_analysis - INFO - Instance 293: Predicted class 2
2025-01-27 05:22:45,667 - xai.nshap_analysis - INFO - Instance 294: Predicted class 1
2025-01-27 05:22:45,667 - xai.nshap_analysis - INFO - Instance 295: Predicted class 0
2025-01-27 05:22:45,668 - xai.nshap_analysis - INFO - Instance 296: Predicted class 2
2025-01-27 05:22:45,668 - xai.nshap_analysis - INFO - Instance 297: Predicted class 0
2025-01-27 05:22:45,668 - xai.nshap_analysis - INFO - Instance 298: Predicted class 0
2025-01-27 05:22:45,668 - xai.nshap_analysis - INFO - Instance 299: Predicted class 1
2025-01-27 05:23:09,370 - xai.nshap_analysis - INFO - Instance 300: Predicted class 0
2025-01-27 05:23:09,371 - xai.nshap_analysis - INFO - Instance 301: Predicted class 1
2025-01-27 05:23:09,371 - xai.nshap_analysis - INFO - Instance 302: Predicted class 3
2025-01-27 05:23:09,371 - xai.nshap_analysis - INFO - Instance 303: Predicted class 2
2025-01-27 05:23:09,371 - xai.nshap_analysis - INFO - Instance 304: Predicted class 1
2025-01-27 05:23:09,372 - xai.nshap_analysis - INFO - Instance 305: Predicted class 0
2025-01-27 05:23:09,372 - xai.nshap_analysis - INFO - Instance 306: Predicted class 3
2025-01-27 05:23:09,372 - xai.nshap_analysis - INFO - Instance 307: Predicted class 1
2025-01-27 05:23:09,372 - xai.nshap_analysis - INFO - Instance 308: Predicted class 0
2025-01-27 05:23:09,373 - xai.nshap_analysis - INFO - Instance 309: Predicted class 0
2025-01-27 05:23:09,373 - xai.nshap_analysis - INFO - Instance 310: Predicted class 1
2025-01-27 05:23:09,373 - xai.nshap_analysis - INFO - Instance 311: Predicted class 1
2025-01-27 05:23:09,377 - xai.nshap_analysis - INFO - Instance 312: Predicted class 0
2025-01-27 05:23:09,378 - xai.nshap_analysis - INFO - Instance 313: Predicted class 0
2025-01-27 05:23:09,378 - xai.nshap_analysis - INFO - Instance 314: Predicted class 0
2025-01-27 05:23:09,378 - xai.nshap_analysis - INFO - Instance 315: Predicted class 1
2025-01-27 05:23:09,379 - xai.nshap_analysis - INFO - Instance 316: Predicted class 0
2025-01-27 05:23:09,379 - xai.nshap_analysis - INFO - Instance 317: Predicted class 0
2025-01-27 05:23:09,379 - xai.nshap_analysis - INFO - Instance 318: Predicted class 0
2025-01-27 05:23:09,379 - xai.nshap_analysis - INFO - Instance 319: Predicted class 1
2025-01-27 05:23:33,083 - xai.nshap_analysis - INFO - Instance 320: Predicted class 0
2025-01-27 05:23:33,083 - xai.nshap_analysis - INFO - Instance 321: Predicted class 2
2025-01-27 05:23:33,084 - xai.nshap_analysis - INFO - Instance 322: Predicted class 0
2025-01-27 05:23:33,084 - xai.nshap_analysis - INFO - Instance 323: Predicted class 0
2025-01-27 05:23:33,084 - xai.nshap_analysis - INFO - Instance 324: Predicted class 3
2025-01-27 05:23:33,085 - xai.nshap_analysis - INFO - Instance 325: Predicted class 2
2025-01-27 05:23:33,085 - xai.nshap_analysis - INFO - Instance 326: Predicted class 0
2025-01-27 05:23:33,085 - xai.nshap_analysis - INFO - Instance 327: Predicted class 0
2025-01-27 05:23:33,085 - xai.nshap_analysis - INFO - Instance 328: Predicted class 0
2025-01-27 05:23:33,086 - xai.nshap_analysis - INFO - Instance 329: Predicted class 3
2025-01-27 05:23:33,086 - xai.nshap_analysis - INFO - Instance 330: Predicted class 0
2025-01-27 05:23:33,086 - xai.nshap_analysis - INFO - Instance 331: Predicted class 0
2025-01-27 05:23:33,086 - xai.nshap_analysis - INFO - Instance 332: Predicted class 0
2025-01-27 05:23:33,087 - xai.nshap_analysis - INFO - Instance 333: Predicted class 1
2025-01-27 05:23:33,087 - xai.nshap_analysis - INFO - Instance 334: Predicted class 1
2025-01-27 05:23:33,087 - xai.nshap_analysis - INFO - Instance 335: Predicted class 2
2025-01-27 05:23:33,087 - xai.nshap_analysis - INFO - Instance 336: Predicted class 0
2025-01-27 05:23:33,087 - xai.nshap_analysis - INFO - Instance 337: Predicted class 0
2025-01-27 05:23:33,088 - xai.nshap_analysis - INFO - Instance 338: Predicted class 2
2025-01-27 05:23:33,088 - xai.nshap_analysis - INFO - Instance 339: Predicted class 3
2025-01-27 05:23:56,784 - xai.nshap_analysis - INFO - Instance 340: Predicted class 1
2025-01-27 05:23:56,784 - xai.nshap_analysis - INFO - Instance 341: Predicted class 3
2025-01-27 05:23:56,785 - xai.nshap_analysis - INFO - Instance 342: Predicted class 0
2025-01-27 05:23:56,785 - xai.nshap_analysis - INFO - Instance 343: Predicted class 1
2025-01-27 05:23:56,785 - xai.nshap_analysis - INFO - Instance 344: Predicted class 0
2025-01-27 05:23:56,785 - xai.nshap_analysis - INFO - Instance 345: Predicted class 1
2025-01-27 05:23:56,786 - xai.nshap_analysis - INFO - Instance 346: Predicted class 2
2025-01-27 05:23:56,786 - xai.nshap_analysis - INFO - Instance 347: Predicted class 1
2025-01-27 05:23:56,786 - xai.nshap_analysis - INFO - Instance 348: Predicted class 3
2025-01-27 05:23:56,786 - xai.nshap_analysis - INFO - Instance 349: Predicted class 1
2025-01-27 05:23:56,786 - xai.nshap_analysis - INFO - Instance 350: Predicted class 2
2025-01-27 05:23:56,787 - xai.nshap_analysis - INFO - Instance 351: Predicted class 0
2025-01-27 05:23:56,791 - xai.nshap_analysis - INFO - Instance 352: Predicted class 1
2025-01-27 05:23:56,791 - xai.nshap_analysis - INFO - Instance 353: Predicted class 0
2025-01-27 05:23:56,792 - xai.nshap_analysis - INFO - Instance 354: Predicted class 3
2025-01-27 05:23:56,792 - xai.nshap_analysis - INFO - Instance 355: Predicted class 0
2025-01-27 05:23:56,792 - xai.nshap_analysis - INFO - Instance 356: Predicted class 0
2025-01-27 05:23:56,792 - xai.nshap_analysis - INFO - Instance 357: Predicted class 2
2025-01-27 05:23:56,792 - xai.nshap_analysis - INFO - Instance 358: Predicted class 1
2025-01-27 05:23:56,793 - xai.nshap_analysis - INFO - Instance 359: Predicted class 0
2025-01-27 05:24:20,363 - xai.nshap_analysis - INFO - Instance 360: Predicted class 0
2025-01-27 05:24:20,364 - xai.nshap_analysis - INFO - Instance 361: Predicted class 0
2025-01-27 05:24:20,364 - xai.nshap_analysis - INFO - Instance 362: Predicted class 2
2025-01-27 05:24:20,365 - xai.nshap_analysis - INFO - Instance 363: Predicted class 3
2025-01-27 05:24:20,365 - xai.nshap_analysis - INFO - Instance 364: Predicted class 1
2025-01-27 05:24:20,365 - xai.nshap_analysis - INFO - Instance 365: Predicted class 0
2025-01-27 05:24:20,365 - xai.nshap_analysis - INFO - Instance 366: Predicted class 0
2025-01-27 05:24:20,365 - xai.nshap_analysis - INFO - Instance 367: Predicted class 0
2025-01-27 05:24:20,366 - xai.nshap_analysis - INFO - Instance 368: Predicted class 1
2025-01-27 05:24:20,366 - xai.nshap_analysis - INFO - Instance 369: Predicted class 1
2025-01-27 05:24:20,366 - xai.nshap_analysis - INFO - Instance 370: Predicted class 0
2025-01-27 05:24:20,366 - xai.nshap_analysis - INFO - Instance 371: Predicted class 1
2025-01-27 05:24:20,367 - xai.nshap_analysis - INFO - Instance 372: Predicted class 2
2025-01-27 05:24:20,367 - xai.nshap_analysis - INFO - Instance 373: Predicted class 1
2025-01-27 05:24:20,367 - xai.nshap_analysis - INFO - Instance 374: Predicted class 1
2025-01-27 05:24:20,371 - xai.nshap_analysis - INFO - Instance 375: Predicted class 1
2025-01-27 05:24:20,372 - xai.nshap_analysis - INFO - Instance 376: Predicted class 2
2025-01-27 05:24:20,372 - xai.nshap_analysis - INFO - Instance 377: Predicted class 0
2025-01-27 05:24:20,372 - xai.nshap_analysis - INFO - Instance 378: Predicted class 3
2025-01-27 05:24:20,372 - xai.nshap_analysis - INFO - Instance 379: Predicted class 1
2025-01-27 05:24:44,356 - xai.nshap_analysis - INFO - Instance 380: Predicted class 1
2025-01-27 05:24:44,357 - xai.nshap_analysis - INFO - Instance 381: Predicted class 3
2025-01-27 05:24:44,357 - xai.nshap_analysis - INFO - Instance 382: Predicted class 3
2025-01-27 05:24:44,357 - xai.nshap_analysis - INFO - Instance 383: Predicted class 3
2025-01-27 05:24:44,358 - xai.nshap_analysis - INFO - Instance 384: Predicted class 0
2025-01-27 05:24:44,358 - xai.nshap_analysis - INFO - Instance 385: Predicted class 1
2025-01-27 05:24:44,358 - xai.nshap_analysis - INFO - Instance 386: Predicted class 3
2025-01-27 05:24:44,358 - xai.nshap_analysis - INFO - Instance 387: Predicted class 2
2025-01-27 05:24:44,358 - xai.nshap_analysis - INFO - Instance 388: Predicted class 2
2025-01-27 05:24:44,359 - xai.nshap_analysis - INFO - Instance 389: Predicted class 0
2025-01-27 05:24:44,359 - xai.nshap_analysis - INFO - Instance 390: Predicted class 1
2025-01-27 05:24:44,359 - xai.nshap_analysis - INFO - Instance 391: Predicted class 1
2025-01-27 05:24:44,359 - xai.nshap_analysis - INFO - Instance 392: Predicted class 0
2025-01-27 05:24:44,363 - xai.nshap_analysis - INFO - Instance 393: Predicted class 0
2025-01-27 05:24:44,364 - xai.nshap_analysis - INFO - Instance 394: Predicted class 2
2025-01-27 05:24:44,364 - xai.nshap_analysis - INFO - Instance 395: Predicted class 3
2025-01-27 05:24:44,365 - xai.nshap_analysis - INFO - Instance 396: Predicted class 0
2025-01-27 05:24:44,365 - xai.nshap_analysis - INFO - Instance 397: Predicted class 1
2025-01-27 05:24:44,365 - xai.nshap_analysis - INFO - Instance 398: Predicted class 2
2025-01-27 05:24:44,365 - xai.nshap_analysis - INFO - Instance 399: Predicted class 1
2025-01-27 05:25:08,035 - xai.nshap_analysis - INFO - Instance 400: Predicted class 2
2025-01-27 05:25:08,036 - xai.nshap_analysis - INFO - Instance 401: Predicted class 3
2025-01-27 05:25:08,036 - xai.nshap_analysis - INFO - Instance 402: Predicted class 3
2025-01-27 05:25:08,036 - xai.nshap_analysis - INFO - Instance 403: Predicted class 0
2025-01-27 05:25:08,037 - xai.nshap_analysis - INFO - Instance 404: Predicted class 2
2025-01-27 05:25:08,037 - xai.nshap_analysis - INFO - Instance 405: Predicted class 0
2025-01-27 05:25:08,037 - xai.nshap_analysis - INFO - Instance 406: Predicted class 0
2025-01-27 05:25:08,037 - xai.nshap_analysis - INFO - Instance 407: Predicted class 1
2025-01-27 05:25:08,038 - xai.nshap_analysis - INFO - Instance 408: Predicted class 0
2025-01-27 05:25:08,038 - xai.nshap_analysis - INFO - Instance 409: Predicted class 1
2025-01-27 05:25:08,038 - xai.nshap_analysis - INFO - Instance 410: Predicted class 2
2025-01-27 05:25:08,038 - xai.nshap_analysis - INFO - Instance 411: Predicted class 3
2025-01-27 05:25:08,042 - xai.nshap_analysis - INFO - Instance 412: Predicted class 0
2025-01-27 05:25:08,043 - xai.nshap_analysis - INFO - Instance 413: Predicted class 0
2025-01-27 05:25:08,043 - xai.nshap_analysis - INFO - Instance 414: Predicted class 2
2025-01-27 05:25:08,043 - xai.nshap_analysis - INFO - Instance 415: Predicted class 0
2025-01-27 05:25:08,044 - xai.nshap_analysis - INFO - Instance 416: Predicted class 2
2025-01-27 05:25:08,044 - xai.nshap_analysis - INFO - Instance 417: Predicted class 0
2025-01-27 05:25:08,044 - xai.nshap_analysis - INFO - Instance 418: Predicted class 1
2025-01-27 05:25:08,044 - xai.nshap_analysis - INFO - Instance 419: Predicted class 3
2025-01-27 05:25:31,945 - xai.nshap_analysis - INFO - Instance 420: Predicted class 3
2025-01-27 05:25:31,946 - xai.nshap_analysis - INFO - Instance 421: Predicted class 3
2025-01-27 05:25:31,946 - xai.nshap_analysis - INFO - Instance 422: Predicted class 2
2025-01-27 05:25:31,946 - xai.nshap_analysis - INFO - Instance 423: Predicted class 1
2025-01-27 05:25:31,947 - xai.nshap_analysis - INFO - Instance 424: Predicted class 0
2025-01-27 05:25:31,947 - xai.nshap_analysis - INFO - Instance 425: Predicted class 0
2025-01-27 05:25:31,947 - xai.nshap_analysis - INFO - Instance 426: Predicted class 0
2025-01-27 05:25:31,947 - xai.nshap_analysis - INFO - Instance 427: Predicted class 1
2025-01-27 05:25:31,948 - xai.nshap_analysis - INFO - Instance 428: Predicted class 1
2025-01-27 05:25:31,948 - xai.nshap_analysis - INFO - Instance 429: Predicted class 0
2025-01-27 05:25:31,948 - xai.nshap_analysis - INFO - Instance 430: Predicted class 0
2025-01-27 05:25:31,948 - xai.nshap_analysis - INFO - Instance 431: Predicted class 3
2025-01-27 05:25:31,948 - xai.nshap_analysis - INFO - Instance 432: Predicted class 1
2025-01-27 05:25:31,952 - xai.nshap_analysis - INFO - Instance 433: Predicted class 1
2025-01-27 05:25:31,953 - xai.nshap_analysis - INFO - Instance 434: Predicted class 0
2025-01-27 05:25:31,953 - xai.nshap_analysis - INFO - Instance 435: Predicted class 2
2025-01-27 05:25:31,954 - xai.nshap_analysis - INFO - Instance 436: Predicted class 1
2025-01-27 05:25:31,954 - xai.nshap_analysis - INFO - Instance 437: Predicted class 0
2025-01-27 05:25:31,954 - xai.nshap_analysis - INFO - Instance 438: Predicted class 3
2025-01-27 05:25:31,954 - xai.nshap_analysis - INFO - Instance 439: Predicted class 0
2025-01-27 05:25:55,561 - xai.nshap_analysis - INFO - Instance 440: Predicted class 0
2025-01-27 05:25:55,562 - xai.nshap_analysis - INFO - Instance 441: Predicted class 1
2025-01-27 05:25:55,562 - xai.nshap_analysis - INFO - Instance 442: Predicted class 3
2025-01-27 05:25:55,562 - xai.nshap_analysis - INFO - Instance 443: Predicted class 0
2025-01-27 05:25:55,562 - xai.nshap_analysis - INFO - Instance 444: Predicted class 0
2025-01-27 05:25:55,563 - xai.nshap_analysis - INFO - Instance 445: Predicted class 2
2025-01-27 05:25:55,563 - xai.nshap_analysis - INFO - Instance 446: Predicted class 3
2025-01-27 05:25:55,563 - xai.nshap_analysis - INFO - Instance 447: Predicted class 3
2025-01-27 05:25:55,563 - xai.nshap_analysis - INFO - Instance 448: Predicted class 0
2025-01-27 05:25:55,564 - xai.nshap_analysis - INFO - Instance 449: Predicted class 1
2025-01-27 05:25:55,564 - xai.nshap_analysis - INFO - Instance 450: Predicted class 1
2025-01-27 05:25:55,564 - xai.nshap_analysis - INFO - Instance 451: Predicted class 3
2025-01-27 05:25:55,568 - xai.nshap_analysis - INFO - Instance 452: Predicted class 3
2025-01-27 05:25:55,569 - xai.nshap_analysis - INFO - Instance 453: Predicted class 3
2025-01-27 05:25:55,569 - xai.nshap_analysis - INFO - Instance 454: Predicted class 1
2025-01-27 05:25:55,569 - xai.nshap_analysis - INFO - Instance 455: Predicted class 0
2025-01-27 05:25:55,569 - xai.nshap_analysis - INFO - Instance 456: Predicted class 3
2025-01-27 05:25:55,570 - xai.nshap_analysis - INFO - Instance 457: Predicted class 0
2025-01-27 05:25:55,570 - xai.nshap_analysis - INFO - Instance 458: Predicted class 3
2025-01-27 05:25:55,570 - xai.nshap_analysis - INFO - Instance 459: Predicted class 1
2025-01-27 05:26:19,477 - xai.nshap_analysis - INFO - Instance 460: Predicted class 1
2025-01-27 05:26:19,478 - xai.nshap_analysis - INFO - Instance 461: Predicted class 0
2025-01-27 05:26:19,478 - xai.nshap_analysis - INFO - Instance 462: Predicted class 0
2025-01-27 05:26:19,479 - xai.nshap_analysis - INFO - Instance 463: Predicted class 0
2025-01-27 05:26:19,479 - xai.nshap_analysis - INFO - Instance 464: Predicted class 0
2025-01-27 05:26:19,479 - xai.nshap_analysis - INFO - Instance 465: Predicted class 2
2025-01-27 05:26:19,479 - xai.nshap_analysis - INFO - Instance 466: Predicted class 1
2025-01-27 05:26:19,480 - xai.nshap_analysis - INFO - Instance 467: Predicted class 1
2025-01-27 05:26:19,480 - xai.nshap_analysis - INFO - Instance 468: Predicted class 0
2025-01-27 05:26:19,480 - xai.nshap_analysis - INFO - Instance 469: Predicted class 0
2025-01-27 05:26:19,480 - xai.nshap_analysis - INFO - Instance 470: Predicted class 3
2025-01-27 05:26:19,480 - xai.nshap_analysis - INFO - Instance 471: Predicted class 1
2025-01-27 05:26:19,481 - xai.nshap_analysis - INFO - Instance 472: Predicted class 3
2025-01-27 05:26:19,481 - xai.nshap_analysis - INFO - Instance 473: Predicted class 0
2025-01-27 05:26:19,481 - xai.nshap_analysis - INFO - Instance 474: Predicted class 0
2025-01-27 05:26:19,481 - xai.nshap_analysis - INFO - Instance 475: Predicted class 1
2025-01-27 05:26:19,482 - xai.nshap_analysis - INFO - Instance 476: Predicted class 1
2025-01-27 05:26:19,482 - xai.nshap_analysis - INFO - Instance 477: Predicted class 1
2025-01-27 05:26:19,486 - xai.nshap_analysis - INFO - Instance 478: Predicted class 3
2025-01-27 05:26:19,487 - xai.nshap_analysis - INFO - Instance 479: Predicted class 3
2025-01-27 05:26:43,391 - xai.nshap_analysis - INFO - Instance 480: Predicted class 1
2025-01-27 05:26:43,391 - xai.nshap_analysis - INFO - Instance 481: Predicted class 2
2025-01-27 05:26:43,392 - xai.nshap_analysis - INFO - Instance 482: Predicted class 0
2025-01-27 05:26:43,392 - xai.nshap_analysis - INFO - Instance 483: Predicted class 2
2025-01-27 05:26:43,392 - xai.nshap_analysis - INFO - Instance 484: Predicted class 1
2025-01-27 05:26:43,392 - xai.nshap_analysis - INFO - Instance 485: Predicted class 1
2025-01-27 05:26:43,393 - xai.nshap_analysis - INFO - Instance 486: Predicted class 0
2025-01-27 05:26:43,393 - xai.nshap_analysis - INFO - Instance 487: Predicted class 0
2025-01-27 05:26:43,393 - xai.nshap_analysis - INFO - Instance 488: Predicted class 2
2025-01-27 05:26:43,393 - xai.nshap_analysis - INFO - Instance 489: Predicted class 1
2025-01-27 05:26:43,393 - xai.nshap_analysis - INFO - Instance 490: Predicted class 0
2025-01-27 05:26:43,394 - xai.nshap_analysis - INFO - Instance 491: Predicted class 1
2025-01-27 05:26:43,394 - xai.nshap_analysis - INFO - Instance 492: Predicted class 1
2025-01-27 05:26:43,394 - xai.nshap_analysis - INFO - Instance 493: Predicted class 0
2025-01-27 05:26:43,394 - xai.nshap_analysis - INFO - Instance 494: Predicted class 1
2025-01-27 05:26:43,395 - xai.nshap_analysis - INFO - Instance 495: Predicted class 2
2025-01-27 05:26:43,395 - xai.nshap_analysis - INFO - Instance 496: Predicted class 0
2025-01-27 05:26:43,395 - xai.nshap_analysis - INFO - Instance 497: Predicted class 3
2025-01-27 05:26:43,399 - xai.nshap_analysis - INFO - Instance 498: Predicted class 1
2025-01-27 05:26:43,400 - xai.nshap_analysis - INFO - Instance 499: Predicted class 0
2025-01-27 05:27:07,090 - xai.nshap_analysis - INFO - Instance 500: Predicted class 3
2025-01-27 05:27:07,090 - xai.nshap_analysis - INFO - Instance 501: Predicted class 2
2025-01-27 05:27:07,091 - xai.nshap_analysis - INFO - Instance 502: Predicted class 1
2025-01-27 05:27:07,091 - xai.nshap_analysis - INFO - Instance 503: Predicted class 1
2025-01-27 05:27:07,091 - xai.nshap_analysis - INFO - Instance 504: Predicted class 3
2025-01-27 05:27:07,091 - xai.nshap_analysis - INFO - Instance 505: Predicted class 2
2025-01-27 05:27:07,092 - xai.nshap_analysis - INFO - Instance 506: Predicted class 0
2025-01-27 05:27:07,092 - xai.nshap_analysis - INFO - Instance 507: Predicted class 0
2025-01-27 05:27:07,092 - xai.nshap_analysis - INFO - Instance 508: Predicted class 3
2025-01-27 05:27:07,092 - xai.nshap_analysis - INFO - Instance 509: Predicted class 2
2025-01-27 05:27:07,092 - xai.nshap_analysis - INFO - Instance 510: Predicted class 3
2025-01-27 05:27:07,093 - xai.nshap_analysis - INFO - Instance 511: Predicted class 0
2025-01-27 05:27:07,093 - xai.nshap_analysis - INFO - Instance 512: Predicted class 2
2025-01-27 05:27:07,097 - xai.nshap_analysis - INFO - Instance 513: Predicted class 1
2025-01-27 05:27:07,097 - xai.nshap_analysis - INFO - Instance 514: Predicted class 0
2025-01-27 05:27:07,098 - xai.nshap_analysis - INFO - Instance 515: Predicted class 0
2025-01-27 05:27:07,098 - xai.nshap_analysis - INFO - Instance 516: Predicted class 1
2025-01-27 05:27:07,098 - xai.nshap_analysis - INFO - Instance 517: Predicted class 2
2025-01-27 05:27:07,098 - xai.nshap_analysis - INFO - Instance 518: Predicted class 0
2025-01-27 05:27:07,099 - xai.nshap_analysis - INFO - Instance 519: Predicted class 3
2025-01-27 05:27:30,987 - xai.nshap_analysis - INFO - Instance 520: Predicted class 1
2025-01-27 05:27:30,987 - xai.nshap_analysis - INFO - Instance 521: Predicted class 1
2025-01-27 05:27:30,988 - xai.nshap_analysis - INFO - Instance 522: Predicted class 1
2025-01-27 05:27:30,988 - xai.nshap_analysis - INFO - Instance 523: Predicted class 1
2025-01-27 05:27:30,988 - xai.nshap_analysis - INFO - Instance 524: Predicted class 3
2025-01-27 05:27:30,988 - xai.nshap_analysis - INFO - Instance 525: Predicted class 1
2025-01-27 05:27:30,989 - xai.nshap_analysis - INFO - Instance 526: Predicted class 2
2025-01-27 05:27:30,989 - xai.nshap_analysis - INFO - Instance 527: Predicted class 1
2025-01-27 05:27:30,989 - xai.nshap_analysis - INFO - Instance 528: Predicted class 3
2025-01-27 05:27:30,989 - xai.nshap_analysis - INFO - Instance 529: Predicted class 3
2025-01-27 05:27:30,990 - xai.nshap_analysis - INFO - Instance 530: Predicted class 1
2025-01-27 05:27:30,990 - xai.nshap_analysis - INFO - Instance 531: Predicted class 0
2025-01-27 05:27:30,994 - xai.nshap_analysis - INFO - Instance 532: Predicted class 3
2025-01-27 05:27:30,994 - xai.nshap_analysis - INFO - Instance 533: Predicted class 3
2025-01-27 05:27:30,995 - xai.nshap_analysis - INFO - Instance 534: Predicted class 2
2025-01-27 05:27:30,995 - xai.nshap_analysis - INFO - Instance 535: Predicted class 1
2025-01-27 05:27:30,995 - xai.nshap_analysis - INFO - Instance 536: Predicted class 1
2025-01-27 05:27:30,995 - xai.nshap_analysis - INFO - Instance 537: Predicted class 2
2025-01-27 05:27:30,996 - xai.nshap_analysis - INFO - Instance 538: Predicted class 3
2025-01-27 05:27:30,996 - xai.nshap_analysis - INFO - Instance 539: Predicted class 0
2025-01-27 05:27:54,973 - xai.nshap_analysis - INFO - Instance 540: Predicted class 0
2025-01-27 05:27:54,974 - xai.nshap_analysis - INFO - Instance 541: Predicted class 2
2025-01-27 05:27:54,974 - xai.nshap_analysis - INFO - Instance 542: Predicted class 1
2025-01-27 05:27:54,975 - xai.nshap_analysis - INFO - Instance 543: Predicted class 3
2025-01-27 05:27:54,975 - xai.nshap_analysis - INFO - Instance 544: Predicted class 3
2025-01-27 05:27:54,975 - xai.nshap_analysis - INFO - Instance 545: Predicted class 0
2025-01-27 05:27:54,975 - xai.nshap_analysis - INFO - Instance 546: Predicted class 0
2025-01-27 05:27:54,975 - xai.nshap_analysis - INFO - Instance 547: Predicted class 0
2025-01-27 05:27:54,976 - xai.nshap_analysis - INFO - Instance 548: Predicted class 1
2025-01-27 05:27:54,976 - xai.nshap_analysis - INFO - Instance 549: Predicted class 0
2025-01-27 05:27:54,976 - xai.nshap_analysis - INFO - Instance 550: Predicted class 0
2025-01-27 05:27:54,976 - xai.nshap_analysis - INFO - Instance 551: Predicted class 0
2025-01-27 05:27:54,976 - xai.nshap_analysis - INFO - Instance 552: Predicted class 0
2025-01-27 05:27:54,981 - xai.nshap_analysis - INFO - Instance 553: Predicted class 1
2025-01-27 05:27:54,981 - xai.nshap_analysis - INFO - Instance 554: Predicted class 0
2025-01-27 05:27:54,981 - xai.nshap_analysis - INFO - Instance 555: Predicted class 3
2025-01-27 05:27:54,982 - xai.nshap_analysis - INFO - Instance 556: Predicted class 1
2025-01-27 05:27:54,982 - xai.nshap_analysis - INFO - Instance 557: Predicted class 2
2025-01-27 05:27:54,982 - xai.nshap_analysis - INFO - Instance 558: Predicted class 0
2025-01-27 05:27:54,982 - xai.nshap_analysis - INFO - Instance 559: Predicted class 0
2025-01-27 05:28:18,809 - xai.nshap_analysis - INFO - Instance 560: Predicted class 0
2025-01-27 05:28:18,809 - xai.nshap_analysis - INFO - Instance 561: Predicted class 0
2025-01-27 05:28:18,810 - xai.nshap_analysis - INFO - Instance 562: Predicted class 2
2025-01-27 05:28:18,810 - xai.nshap_analysis - INFO - Instance 563: Predicted class 1
2025-01-27 05:28:18,810 - xai.nshap_analysis - INFO - Instance 564: Predicted class 1
2025-01-27 05:28:18,810 - xai.nshap_analysis - INFO - Instance 565: Predicted class 3
2025-01-27 05:28:18,811 - xai.nshap_analysis - INFO - Instance 566: Predicted class 0
2025-01-27 05:28:18,811 - xai.nshap_analysis - INFO - Instance 567: Predicted class 0
2025-01-27 05:28:18,811 - xai.nshap_analysis - INFO - Instance 568: Predicted class 0
2025-01-27 05:28:18,811 - xai.nshap_analysis - INFO - Instance 569: Predicted class 1
2025-01-27 05:28:18,811 - xai.nshap_analysis - INFO - Instance 570: Predicted class 1
2025-01-27 05:28:18,812 - xai.nshap_analysis - INFO - Instance 571: Predicted class 2
2025-01-27 05:28:18,812 - xai.nshap_analysis - INFO - Instance 572: Predicted class 0
2025-01-27 05:28:18,812 - xai.nshap_analysis - INFO - Instance 573: Predicted class 0
2025-01-27 05:28:18,812 - xai.nshap_analysis - INFO - Instance 574: Predicted class 0
2025-01-27 05:28:18,816 - xai.nshap_analysis - INFO - Instance 575: Predicted class 1
2025-01-27 05:28:18,817 - xai.nshap_analysis - INFO - Instance 576: Predicted class 1
2025-01-27 05:28:18,817 - xai.nshap_analysis - INFO - Instance 577: Predicted class 1
2025-01-27 05:28:18,818 - xai.nshap_analysis - INFO - Instance 578: Predicted class 0
2025-01-27 05:28:18,818 - xai.nshap_analysis - INFO - Instance 579: Predicted class 1
2025-01-27 05:28:42,436 - xai.nshap_analysis - INFO - Instance 580: Predicted class 3
2025-01-27 05:28:42,437 - xai.nshap_analysis - INFO - Instance 581: Predicted class 0
2025-01-27 05:28:42,437 - xai.nshap_analysis - INFO - Instance 582: Predicted class 3
2025-01-27 05:28:42,438 - xai.nshap_analysis - INFO - Instance 583: Predicted class 2
2025-01-27 05:28:42,438 - xai.nshap_analysis - INFO - Instance 584: Predicted class 3
2025-01-27 05:28:42,438 - xai.nshap_analysis - INFO - Instance 585: Predicted class 0
2025-01-27 05:28:42,438 - xai.nshap_analysis - INFO - Instance 586: Predicted class 3
2025-01-27 05:28:42,438 - xai.nshap_analysis - INFO - Instance 587: Predicted class 0
2025-01-27 05:28:42,439 - xai.nshap_analysis - INFO - Instance 588: Predicted class 2
2025-01-27 05:28:42,439 - xai.nshap_analysis - INFO - Instance 589: Predicted class 0
2025-01-27 05:28:42,439 - xai.nshap_analysis - INFO - Instance 590: Predicted class 0
2025-01-27 05:28:42,439 - xai.nshap_analysis - INFO - Instance 591: Predicted class 1
2025-01-27 05:28:42,439 - xai.nshap_analysis - INFO - Instance 592: Predicted class 0
2025-01-27 05:28:42,444 - xai.nshap_analysis - INFO - Instance 593: Predicted class 3
2025-01-27 05:28:42,444 - xai.nshap_analysis - INFO - Instance 594: Predicted class 3
2025-01-27 05:28:42,444 - xai.nshap_analysis - INFO - Instance 595: Predicted class 1
2025-01-27 05:28:42,445 - xai.nshap_analysis - INFO - Instance 596: Predicted class 1
2025-01-27 05:28:42,445 - xai.nshap_analysis - INFO - Instance 597: Predicted class 0
2025-01-27 05:28:42,445 - xai.nshap_analysis - INFO - Instance 598: Predicted class 3
2025-01-27 05:28:42,445 - xai.nshap_analysis - INFO - Instance 599: Predicted class 2
2025-01-27 05:29:06,003 - xai.nshap_analysis - INFO - Instance 600: Predicted class 1
2025-01-27 05:29:06,004 - xai.nshap_analysis - INFO - Instance 601: Predicted class 0
2025-01-27 05:29:06,004 - xai.nshap_analysis - INFO - Instance 602: Predicted class 0
2025-01-27 05:29:06,004 - xai.nshap_analysis - INFO - Instance 603: Predicted class 0
2025-01-27 05:29:06,004 - xai.nshap_analysis - INFO - Instance 604: Predicted class 1
2025-01-27 05:29:06,005 - xai.nshap_analysis - INFO - Instance 605: Predicted class 1
2025-01-27 05:29:06,005 - xai.nshap_analysis - INFO - Instance 606: Predicted class 0
2025-01-27 05:29:06,005 - xai.nshap_analysis - INFO - Instance 607: Predicted class 1
2025-01-27 05:29:06,005 - xai.nshap_analysis - INFO - Instance 608: Predicted class 1
2025-01-27 05:29:06,005 - xai.nshap_analysis - INFO - Instance 609: Predicted class 2
2025-01-27 05:29:06,006 - xai.nshap_analysis - INFO - Instance 610: Predicted class 0
2025-01-27 05:29:06,006 - xai.nshap_analysis - INFO - Instance 611: Predicted class 3
2025-01-27 05:29:06,010 - xai.nshap_analysis - INFO - Instance 612: Predicted class 0
2025-01-27 05:29:06,011 - xai.nshap_analysis - INFO - Instance 613: Predicted class 0
2025-01-27 05:29:06,011 - xai.nshap_analysis - INFO - Instance 614: Predicted class 1
2025-01-27 05:29:06,011 - xai.nshap_analysis - INFO - Instance 615: Predicted class 2
2025-01-27 05:29:06,011 - xai.nshap_analysis - INFO - Instance 616: Predicted class 1
2025-01-27 05:29:06,012 - xai.nshap_analysis - INFO - Instance 617: Predicted class 0
2025-01-27 05:29:06,012 - xai.nshap_analysis - INFO - Instance 618: Predicted class 0
2025-01-27 05:29:06,012 - xai.nshap_analysis - INFO - Instance 619: Predicted class 1
2025-01-27 05:29:30,016 - xai.nshap_analysis - INFO - Instance 620: Predicted class 1
2025-01-27 05:29:30,016 - xai.nshap_analysis - INFO - Instance 621: Predicted class 1
2025-01-27 05:29:30,017 - xai.nshap_analysis - INFO - Instance 622: Predicted class 2
2025-01-27 05:29:30,017 - xai.nshap_analysis - INFO - Instance 623: Predicted class 2
2025-01-27 05:29:30,017 - xai.nshap_analysis - INFO - Instance 624: Predicted class 0
2025-01-27 05:29:30,017 - xai.nshap_analysis - INFO - Instance 625: Predicted class 3
2025-01-27 05:29:30,017 - xai.nshap_analysis - INFO - Instance 626: Predicted class 1
2025-01-27 05:29:30,018 - xai.nshap_analysis - INFO - Instance 627: Predicted class 1
2025-01-27 05:29:30,018 - xai.nshap_analysis - INFO - Instance 628: Predicted class 2
2025-01-27 05:29:30,018 - xai.nshap_analysis - INFO - Instance 629: Predicted class 3
2025-01-27 05:29:30,018 - xai.nshap_analysis - INFO - Instance 630: Predicted class 2
2025-01-27 05:29:30,019 - xai.nshap_analysis - INFO - Instance 631: Predicted class 3
2025-01-27 05:29:30,019 - xai.nshap_analysis - INFO - Instance 632: Predicted class 3
2025-01-27 05:29:30,019 - xai.nshap_analysis - INFO - Instance 633: Predicted class 0
2025-01-27 05:29:30,019 - xai.nshap_analysis - INFO - Instance 634: Predicted class 1
2025-01-27 05:29:30,019 - xai.nshap_analysis - INFO - Instance 635: Predicted class 0
2025-01-27 05:29:30,023 - xai.nshap_analysis - INFO - Instance 636: Predicted class 1
2025-01-27 05:29:30,024 - xai.nshap_analysis - INFO - Instance 637: Predicted class 1
2025-01-27 05:29:30,024 - xai.nshap_analysis - INFO - Instance 638: Predicted class 3
2025-01-27 05:29:30,025 - xai.nshap_analysis - INFO - Instance 639: Predicted class 2
2025-01-27 05:29:54,079 - xai.nshap_analysis - INFO - Instance 640: Predicted class 0
2025-01-27 05:29:54,080 - xai.nshap_analysis - INFO - Instance 641: Predicted class 1
2025-01-27 05:29:54,080 - xai.nshap_analysis - INFO - Instance 642: Predicted class 0
2025-01-27 05:29:54,080 - xai.nshap_analysis - INFO - Instance 643: Predicted class 1
2025-01-27 05:29:54,081 - xai.nshap_analysis - INFO - Instance 644: Predicted class 1
2025-01-27 05:29:54,081 - xai.nshap_analysis - INFO - Instance 645: Predicted class 1
2025-01-27 05:29:54,081 - xai.nshap_analysis - INFO - Instance 646: Predicted class 0
2025-01-27 05:29:54,081 - xai.nshap_analysis - INFO - Instance 647: Predicted class 2
2025-01-27 05:29:54,081 - xai.nshap_analysis - INFO - Instance 648: Predicted class 1
2025-01-27 05:29:54,082 - xai.nshap_analysis - INFO - Instance 649: Predicted class 1
2025-01-27 05:29:54,082 - xai.nshap_analysis - INFO - Instance 650: Predicted class 1
2025-01-27 05:29:54,082 - xai.nshap_analysis - INFO - Instance 651: Predicted class 0
2025-01-27 05:29:54,086 - xai.nshap_analysis - INFO - Instance 652: Predicted class 1
2025-01-27 05:29:54,087 - xai.nshap_analysis - INFO - Instance 653: Predicted class 0
2025-01-27 05:29:54,087 - xai.nshap_analysis - INFO - Instance 654: Predicted class 0
2025-01-27 05:29:54,088 - xai.nshap_analysis - INFO - Instance 655: Predicted class 1
2025-01-27 05:29:54,088 - xai.nshap_analysis - INFO - Instance 656: Predicted class 3
2025-01-27 05:29:54,088 - xai.nshap_analysis - INFO - Instance 657: Predicted class 3
2025-01-27 05:29:54,088 - xai.nshap_analysis - INFO - Instance 658: Predicted class 2
2025-01-27 05:29:54,089 - xai.nshap_analysis - INFO - Instance 659: Predicted class 0
2025-01-27 05:30:17,953 - xai.nshap_analysis - INFO - Instance 660: Predicted class 1
2025-01-27 05:30:17,953 - xai.nshap_analysis - INFO - Instance 661: Predicted class 2
2025-01-27 05:30:17,954 - xai.nshap_analysis - INFO - Instance 662: Predicted class 0
2025-01-27 05:30:17,954 - xai.nshap_analysis - INFO - Instance 663: Predicted class 1
2025-01-27 05:30:17,955 - xai.nshap_analysis - INFO - Instance 664: Predicted class 1
2025-01-27 05:30:17,955 - xai.nshap_analysis - INFO - Instance 665: Predicted class 1
2025-01-27 05:30:17,955 - xai.nshap_analysis - INFO - Instance 666: Predicted class 0
2025-01-27 05:30:17,955 - xai.nshap_analysis - INFO - Instance 667: Predicted class 3
2025-01-27 05:30:17,955 - xai.nshap_analysis - INFO - Instance 668: Predicted class 1
2025-01-27 05:30:17,956 - xai.nshap_analysis - INFO - Instance 669: Predicted class 3
2025-01-27 05:30:17,956 - xai.nshap_analysis - INFO - Instance 670: Predicted class 2
2025-01-27 05:30:17,960 - xai.nshap_analysis - INFO - Instance 671: Predicted class 0
2025-01-27 05:30:17,960 - xai.nshap_analysis - INFO - Instance 672: Predicted class 2
2025-01-27 05:30:17,961 - xai.nshap_analysis - INFO - Instance 673: Predicted class 2
2025-01-27 05:30:17,961 - xai.nshap_analysis - INFO - Instance 674: Predicted class 1
2025-01-27 05:30:17,961 - xai.nshap_analysis - INFO - Instance 675: Predicted class 0
2025-01-27 05:30:17,961 - xai.nshap_analysis - INFO - Instance 676: Predicted class 0
2025-01-27 05:30:17,961 - xai.nshap_analysis - INFO - Instance 677: Predicted class 1
2025-01-27 05:30:17,962 - xai.nshap_analysis - INFO - Instance 678: Predicted class 1
2025-01-27 05:30:17,962 - xai.nshap_analysis - INFO - Instance 679: Predicted class 0
2025-01-27 05:30:41,554 - xai.nshap_analysis - INFO - Instance 680: Predicted class 3
2025-01-27 05:30:41,554 - xai.nshap_analysis - INFO - Instance 681: Predicted class 0
2025-01-27 05:30:41,555 - xai.nshap_analysis - INFO - Instance 682: Predicted class 0
2025-01-27 05:30:41,555 - xai.nshap_analysis - INFO - Instance 683: Predicted class 2
2025-01-27 05:30:41,555 - xai.nshap_analysis - INFO - Instance 684: Predicted class 0
2025-01-27 05:30:41,556 - xai.nshap_analysis - INFO - Instance 685: Predicted class 0
2025-01-27 05:30:41,556 - xai.nshap_analysis - INFO - Instance 686: Predicted class 0
2025-01-27 05:30:41,556 - xai.nshap_analysis - INFO - Instance 687: Predicted class 0
2025-01-27 05:30:41,556 - xai.nshap_analysis - INFO - Instance 688: Predicted class 0
2025-01-27 05:30:41,556 - xai.nshap_analysis - INFO - Instance 689: Predicted class 2
2025-01-27 05:30:41,557 - xai.nshap_analysis - INFO - Instance 690: Predicted class 1
2025-01-27 05:30:41,557 - xai.nshap_analysis - INFO - Instance 691: Predicted class 2
2025-01-27 05:30:41,557 - xai.nshap_analysis - INFO - Instance 692: Predicted class 0
2025-01-27 05:30:41,557 - xai.nshap_analysis - INFO - Instance 693: Predicted class 1
2025-01-27 05:30:41,558 - xai.nshap_analysis - INFO - Instance 694: Predicted class 2
2025-01-27 05:30:41,558 - xai.nshap_analysis - INFO - Instance 695: Predicted class 3
2025-01-27 05:30:41,558 - xai.nshap_analysis - INFO - Instance 696: Predicted class 3
2025-01-27 05:30:41,562 - xai.nshap_analysis - INFO - Instance 697: Predicted class 1
2025-01-27 05:30:41,563 - xai.nshap_analysis - INFO - Instance 698: Predicted class 1
2025-01-27 05:30:41,563 - xai.nshap_analysis - INFO - Instance 699: Predicted class 0
2025-01-27 05:31:05,387 - xai.nshap_analysis - INFO - Instance 700: Predicted class 2
2025-01-27 05:31:05,388 - xai.nshap_analysis - INFO - Instance 701: Predicted class 0
2025-01-27 05:31:05,388 - xai.nshap_analysis - INFO - Instance 702: Predicted class 3
2025-01-27 05:31:05,388 - xai.nshap_analysis - INFO - Instance 703: Predicted class 1
2025-01-27 05:31:05,388 - xai.nshap_analysis - INFO - Instance 704: Predicted class 1
2025-01-27 05:31:05,389 - xai.nshap_analysis - INFO - Instance 705: Predicted class 1
2025-01-27 05:31:05,389 - xai.nshap_analysis - INFO - Instance 706: Predicted class 2
2025-01-27 05:31:05,389 - xai.nshap_analysis - INFO - Instance 707: Predicted class 3
2025-01-27 05:31:05,390 - xai.nshap_analysis - INFO - Instance 708: Predicted class 0
2025-01-27 05:31:05,390 - xai.nshap_analysis - INFO - Instance 709: Predicted class 0
2025-01-27 05:31:05,394 - xai.nshap_analysis - INFO - Instance 710: Predicted class 3
2025-01-27 05:31:05,395 - xai.nshap_analysis - INFO - Instance 711: Predicted class 0
2025-01-27 05:31:05,395 - xai.nshap_analysis - INFO - Instance 712: Predicted class 0
2025-01-27 05:31:05,395 - xai.nshap_analysis - INFO - Instance 713: Predicted class 0
2025-01-27 05:31:05,396 - xai.nshap_analysis - INFO - Instance 714: Predicted class 0
2025-01-27 05:31:05,396 - xai.nshap_analysis - INFO - Instance 715: Predicted class 2
2025-01-27 05:31:05,396 - xai.nshap_analysis - INFO - Instance 716: Predicted class 0
2025-01-27 05:31:05,396 - xai.nshap_analysis - INFO - Instance 717: Predicted class 1
2025-01-27 05:31:05,396 - xai.nshap_analysis - INFO - Instance 718: Predicted class 1
2025-01-27 05:31:05,397 - xai.nshap_analysis - INFO - Instance 719: Predicted class 3
2025-01-27 05:31:28,965 - xai.nshap_analysis - INFO - Instance 720: Predicted class 0
2025-01-27 05:31:28,965 - xai.nshap_analysis - INFO - Instance 721: Predicted class 1
2025-01-27 05:31:28,965 - xai.nshap_analysis - INFO - Instance 722: Predicted class 1
2025-01-27 05:31:28,966 - xai.nshap_analysis - INFO - Instance 723: Predicted class 2
2025-01-27 05:31:28,966 - xai.nshap_analysis - INFO - Instance 724: Predicted class 1
2025-01-27 05:31:28,966 - xai.nshap_analysis - INFO - Instance 725: Predicted class 1
2025-01-27 05:31:28,966 - xai.nshap_analysis - INFO - Instance 726: Predicted class 0
2025-01-27 05:31:28,967 - xai.nshap_analysis - INFO - Instance 727: Predicted class 1
2025-01-27 05:31:28,967 - xai.nshap_analysis - INFO - Instance 728: Predicted class 0
2025-01-27 05:31:28,967 - xai.nshap_analysis - INFO - Instance 729: Predicted class 0
2025-01-27 05:31:28,967 - xai.nshap_analysis - INFO - Instance 730: Predicted class 1
2025-01-27 05:31:28,968 - xai.nshap_analysis - INFO - Instance 731: Predicted class 3
2025-01-27 05:31:28,968 - xai.nshap_analysis - INFO - Instance 732: Predicted class 2
2025-01-27 05:31:28,968 - xai.nshap_analysis - INFO - Instance 733: Predicted class 1
2025-01-27 05:31:28,968 - xai.nshap_analysis - INFO - Instance 734: Predicted class 2
2025-01-27 05:31:28,968 - xai.nshap_analysis - INFO - Instance 735: Predicted class 0
2025-01-27 05:31:28,969 - xai.nshap_analysis - INFO - Instance 736: Predicted class 1
2025-01-27 05:31:28,969 - xai.nshap_analysis - INFO - Instance 737: Predicted class 0
2025-01-27 05:31:28,969 - xai.nshap_analysis - INFO - Instance 738: Predicted class 1
2025-01-27 05:31:28,973 - xai.nshap_analysis - INFO - Instance 739: Predicted class 1
2025-01-27 05:31:52,607 - xai.nshap_analysis - INFO - Instance 740: Predicted class 0
2025-01-27 05:31:52,607 - xai.nshap_analysis - INFO - Instance 741: Predicted class 1
2025-01-27 05:31:52,608 - xai.nshap_analysis - INFO - Instance 742: Predicted class 3
2025-01-27 05:31:52,608 - xai.nshap_analysis - INFO - Instance 743: Predicted class 0
2025-01-27 05:31:52,608 - xai.nshap_analysis - INFO - Instance 744: Predicted class 0
2025-01-27 05:31:52,608 - xai.nshap_analysis - INFO - Instance 745: Predicted class 1
2025-01-27 05:31:52,609 - xai.nshap_analysis - INFO - Instance 746: Predicted class 0
2025-01-27 05:31:52,609 - xai.nshap_analysis - INFO - Instance 747: Predicted class 1
2025-01-27 05:31:52,609 - xai.nshap_analysis - INFO - Instance 748: Predicted class 1
2025-01-27 05:31:52,609 - xai.nshap_analysis - INFO - Instance 749: Predicted class 1
2025-01-27 05:31:52,610 - xai.nshap_analysis - INFO - Instance 750: Predicted class 0
2025-01-27 05:31:52,610 - xai.nshap_analysis - INFO - Instance 751: Predicted class 0
2025-01-27 05:31:52,610 - xai.nshap_analysis - INFO - Instance 752: Predicted class 0
2025-01-27 05:31:52,610 - xai.nshap_analysis - INFO - Instance 753: Predicted class 2
2025-01-27 05:31:52,611 - xai.nshap_analysis - INFO - Instance 754: Predicted class 3
2025-01-27 05:31:52,611 - xai.nshap_analysis - INFO - Instance 755: Predicted class 0
2025-01-27 05:31:52,611 - xai.nshap_analysis - INFO - Instance 756: Predicted class 0
2025-01-27 05:31:52,611 - xai.nshap_analysis - INFO - Instance 757: Predicted class 0
2025-01-27 05:31:52,611 - xai.nshap_analysis - INFO - Instance 758: Predicted class 0
2025-01-27 05:31:52,612 - xai.nshap_analysis - INFO - Instance 759: Predicted class 3
2025-01-27 05:32:16,357 - xai.nshap_analysis - INFO - Instance 760: Predicted class 1
2025-01-27 05:32:16,358 - xai.nshap_analysis - INFO - Instance 761: Predicted class 0
2025-01-27 05:32:16,358 - xai.nshap_analysis - INFO - Instance 762: Predicted class 3
2025-01-27 05:32:16,358 - xai.nshap_analysis - INFO - Instance 763: Predicted class 1
2025-01-27 05:32:16,358 - xai.nshap_analysis - INFO - Instance 764: Predicted class 1
2025-01-27 05:32:16,359 - xai.nshap_analysis - INFO - Instance 765: Predicted class 2
2025-01-27 05:32:16,359 - xai.nshap_analysis - INFO - Instance 766: Predicted class 2
2025-01-27 05:32:16,359 - xai.nshap_analysis - INFO - Instance 767: Predicted class 1
2025-01-27 05:32:16,359 - xai.nshap_analysis - INFO - Instance 768: Predicted class 3
2025-01-27 05:32:16,359 - xai.nshap_analysis - INFO - Instance 769: Predicted class 0
2025-01-27 05:32:16,359 - xai.nshap_analysis - INFO - Instance 770: Predicted class 1
2025-01-27 05:32:16,360 - xai.nshap_analysis - INFO - Instance 771: Predicted class 0
2025-01-27 05:32:16,363 - xai.nshap_analysis - INFO - Instance 772: Predicted class 3
2025-01-27 05:32:16,363 - xai.nshap_analysis - INFO - Instance 773: Predicted class 1
2025-01-27 05:32:16,364 - xai.nshap_analysis - INFO - Instance 774: Predicted class 1
2025-01-27 05:32:16,364 - xai.nshap_analysis - INFO - Instance 775: Predicted class 1
2025-01-27 05:32:16,364 - xai.nshap_analysis - INFO - Instance 776: Predicted class 1
2025-01-27 05:32:16,364 - xai.nshap_analysis - INFO - Instance 777: Predicted class 2
2025-01-27 05:32:16,364 - xai.nshap_analysis - INFO - Instance 778: Predicted class 1
2025-01-27 05:32:16,365 - xai.nshap_analysis - INFO - Instance 779: Predicted class 1
2025-01-27 05:32:39,939 - xai.nshap_analysis - INFO - Instance 780: Predicted class 3
2025-01-27 05:32:39,940 - xai.nshap_analysis - INFO - Instance 781: Predicted class 0
2025-01-27 05:32:39,940 - xai.nshap_analysis - INFO - Instance 782: Predicted class 1
2025-01-27 05:32:39,940 - xai.nshap_analysis - INFO - Instance 783: Predicted class 1
2025-01-27 05:32:39,941 - xai.nshap_analysis - INFO - Instance 784: Predicted class 3
2025-01-27 05:32:39,941 - xai.nshap_analysis - INFO - Instance 785: Predicted class 3
2025-01-27 05:33:19,637 - xai.nshap_analysis - INFO - Computing banzhaf interaction index values
2025-01-27 05:33:19,639 - xai.nshap_analysis - INFO - Instance 0: Predicted class 0
2025-01-27 05:33:19,640 - xai.nshap_analysis - INFO - Instance 1: Predicted class 3
2025-01-27 05:33:19,640 - xai.nshap_analysis - INFO - Instance 2: Predicted class 0
2025-01-27 05:33:19,640 - xai.nshap_analysis - INFO - Instance 3: Predicted class 2
2025-01-27 05:33:19,641 - xai.nshap_analysis - INFO - Instance 4: Predicted class 0
2025-01-27 05:33:19,641 - xai.nshap_analysis - INFO - Instance 5: Predicted class 0
2025-01-27 05:33:19,641 - xai.nshap_analysis - INFO - Instance 6: Predicted class 3
2025-01-27 05:33:19,641 - xai.nshap_analysis - INFO - Instance 7: Predicted class 0
2025-01-27 05:33:19,641 - xai.nshap_analysis - INFO - Instance 8: Predicted class 1
2025-01-27 05:33:19,643 - xai.nshap_analysis - INFO - Instance 9: Predicted class 2
2025-01-27 05:33:19,643 - xai.nshap_analysis - INFO - Instance 10: Predicted class 3
2025-01-27 05:33:19,643 - xai.nshap_analysis - INFO - Instance 11: Predicted class 1
2025-01-27 05:33:19,643 - xai.nshap_analysis - INFO - Instance 12: Predicted class 2
2025-01-27 05:33:19,644 - xai.nshap_analysis - INFO - Instance 13: Predicted class 0
2025-01-27 05:33:19,644 - xai.nshap_analysis - INFO - Instance 14: Predicted class 0
2025-01-27 05:33:19,644 - xai.nshap_analysis - INFO - Instance 15: Predicted class 0
2025-01-27 05:33:19,644 - xai.nshap_analysis - INFO - Instance 16: Predicted class 0
2025-01-27 05:33:19,645 - xai.nshap_analysis - INFO - Instance 17: Predicted class 3
2025-01-27 05:33:19,645 - xai.nshap_analysis - INFO - Instance 18: Predicted class 2
2025-01-27 05:33:19,645 - xai.nshap_analysis - INFO - Instance 19: Predicted class 0
2025-01-27 05:33:19,646 - xai.nshap_analysis - INFO - Instance 20: Predicted class 1
2025-01-27 05:33:19,647 - xai.nshap_analysis - INFO - Instance 21: Predicted class 2
2025-01-27 05:33:19,647 - xai.nshap_analysis - INFO - Instance 22: Predicted class 0
2025-01-27 05:33:19,647 - xai.nshap_analysis - INFO - Instance 23: Predicted class 0
2025-01-27 05:33:19,649 - xai.nshap_analysis - INFO - Instance 24: Predicted class 3
2025-01-27 05:33:19,649 - xai.nshap_analysis - INFO - Instance 25: Predicted class 1
2025-01-27 05:33:19,649 - xai.nshap_analysis - INFO - Instance 26: Predicted class 1
2025-01-27 05:33:19,649 - xai.nshap_analysis - INFO - Instance 27: Predicted class 2
2025-01-27 05:33:19,650 - xai.nshap_analysis - INFO - Instance 28: Predicted class 3
2025-01-27 05:33:19,650 - xai.nshap_analysis - INFO - Instance 29: Predicted class 3
2025-01-27 05:33:19,650 - xai.nshap_analysis - INFO - Instance 30: Predicted class 2
2025-01-27 05:33:19,650 - xai.nshap_analysis - INFO - Instance 31: Predicted class 3
2025-01-27 05:33:19,651 - xai.nshap_analysis - INFO - Instance 32: Predicted class 3
2025-01-27 05:33:19,651 - xai.nshap_analysis - INFO - Instance 33: Predicted class 1
2025-01-27 05:33:19,651 - xai.nshap_analysis - INFO - Instance 34: Predicted class 1
2025-01-27 05:33:19,655 - xai.nshap_analysis - INFO - Instance 35: Predicted class 3
2025-01-27 05:33:19,655 - xai.nshap_analysis - INFO - Instance 36: Predicted class 2
2025-01-27 05:33:19,656 - xai.nshap_analysis - INFO - Instance 37: Predicted class 1
2025-01-27 05:33:19,656 - xai.nshap_analysis - INFO - Instance 38: Predicted class 1
2025-01-27 05:33:19,657 - xai.nshap_analysis - INFO - Instance 39: Predicted class 2
2025-01-27 05:33:36,827 - xai.nshap_analysis - INFO - Instance 40: Predicted class 1
2025-01-27 05:33:36,828 - xai.nshap_analysis - INFO - Instance 41: Predicted class 2
2025-01-27 05:33:36,828 - xai.nshap_analysis - INFO - Instance 42: Predicted class 2
2025-01-27 05:33:36,828 - xai.nshap_analysis - INFO - Instance 43: Predicted class 2
2025-01-27 05:33:36,828 - xai.nshap_analysis - INFO - Instance 44: Predicted class 0
2025-01-27 05:33:36,829 - xai.nshap_analysis - INFO - Instance 45: Predicted class 0
2025-01-27 05:33:36,829 - xai.nshap_analysis - INFO - Instance 46: Predicted class 1
2025-01-27 05:33:36,829 - xai.nshap_analysis - INFO - Instance 47: Predicted class 1
2025-01-27 05:33:36,829 - xai.nshap_analysis - INFO - Instance 48: Predicted class 3
2025-01-27 05:33:36,829 - xai.nshap_analysis - INFO - Instance 49: Predicted class 0
2025-01-27 05:33:36,830 - xai.nshap_analysis - INFO - Instance 50: Predicted class 3
2025-01-27 05:33:36,830 - xai.nshap_analysis - INFO - Instance 51: Predicted class 0
2025-01-27 05:33:36,830 - xai.nshap_analysis - INFO - Instance 52: Predicted class 2
2025-01-27 05:33:36,830 - xai.nshap_analysis - INFO - Instance 53: Predicted class 0
2025-01-27 05:33:36,834 - xai.nshap_analysis - INFO - Instance 54: Predicted class 1
2025-01-27 05:33:36,835 - xai.nshap_analysis - INFO - Instance 55: Predicted class 2
2025-01-27 05:33:36,835 - xai.nshap_analysis - INFO - Instance 56: Predicted class 0
2025-01-27 05:33:36,835 - xai.nshap_analysis - INFO - Instance 57: Predicted class 1
2025-01-27 05:33:36,836 - xai.nshap_analysis - INFO - Instance 58: Predicted class 0
2025-01-27 05:33:36,836 - xai.nshap_analysis - INFO - Instance 59: Predicted class 2
2025-01-27 05:34:00,561 - xai.nshap_analysis - INFO - Instance 60: Predicted class 3
2025-01-27 05:34:00,562 - xai.nshap_analysis - INFO - Instance 61: Predicted class 0
2025-01-27 05:34:00,562 - xai.nshap_analysis - INFO - Instance 62: Predicted class 2
2025-01-27 05:34:00,563 - xai.nshap_analysis - INFO - Instance 63: Predicted class 2
2025-01-27 05:34:00,563 - xai.nshap_analysis - INFO - Instance 64: Predicted class 1
2025-01-27 05:34:00,563 - xai.nshap_analysis - INFO - Instance 65: Predicted class 1
2025-01-27 05:34:00,563 - xai.nshap_analysis - INFO - Instance 66: Predicted class 1
2025-01-27 05:34:00,563 - xai.nshap_analysis - INFO - Instance 67: Predicted class 3
2025-01-27 05:34:00,564 - xai.nshap_analysis - INFO - Instance 68: Predicted class 0
2025-01-27 05:34:00,564 - xai.nshap_analysis - INFO - Instance 69: Predicted class 2
2025-01-27 05:34:00,564 - xai.nshap_analysis - INFO - Instance 70: Predicted class 0
2025-01-27 05:34:00,568 - xai.nshap_analysis - INFO - Instance 71: Predicted class 1
2025-01-27 05:34:00,569 - xai.nshap_analysis - INFO - Instance 72: Predicted class 0
2025-01-27 05:34:00,569 - xai.nshap_analysis - INFO - Instance 73: Predicted class 3
2025-01-27 05:34:00,569 - xai.nshap_analysis - INFO - Instance 74: Predicted class 1
2025-01-27 05:34:00,569 - xai.nshap_analysis - INFO - Instance 75: Predicted class 1
2025-01-27 05:34:00,570 - xai.nshap_analysis - INFO - Instance 76: Predicted class 1
2025-01-27 05:34:00,570 - xai.nshap_analysis - INFO - Instance 77: Predicted class 3
2025-01-27 05:34:00,570 - xai.nshap_analysis - INFO - Instance 78: Predicted class 0
2025-01-27 05:34:00,570 - xai.nshap_analysis - INFO - Instance 79: Predicted class 0
2025-01-27 05:34:24,477 - xai.nshap_analysis - INFO - Instance 80: Predicted class 3
2025-01-27 05:34:24,477 - xai.nshap_analysis - INFO - Instance 81: Predicted class 0
2025-01-27 05:34:24,478 - xai.nshap_analysis - INFO - Instance 82: Predicted class 3
2025-01-27 05:34:24,478 - xai.nshap_analysis - INFO - Instance 83: Predicted class 0
2025-01-27 05:34:24,478 - xai.nshap_analysis - INFO - Instance 84: Predicted class 0
2025-01-27 05:34:24,479 - xai.nshap_analysis - INFO - Instance 85: Predicted class 0
2025-01-27 05:34:24,479 - xai.nshap_analysis - INFO - Instance 86: Predicted class 0
2025-01-27 05:34:24,479 - xai.nshap_analysis - INFO - Instance 87: Predicted class 0
2025-01-27 05:34:24,479 - xai.nshap_analysis - INFO - Instance 88: Predicted class 0
2025-01-27 05:34:24,479 - xai.nshap_analysis - INFO - Instance 89: Predicted class 3
2025-01-27 05:34:24,480 - xai.nshap_analysis - INFO - Instance 90: Predicted class 2
2025-01-27 05:34:24,480 - xai.nshap_analysis - INFO - Instance 91: Predicted class 0
2025-01-27 05:34:24,484 - xai.nshap_analysis - INFO - Instance 92: Predicted class 1
2025-01-27 05:34:24,485 - xai.nshap_analysis - INFO - Instance 93: Predicted class 0
2025-01-27 05:34:24,485 - xai.nshap_analysis - INFO - Instance 94: Predicted class 0
2025-01-27 05:34:24,485 - xai.nshap_analysis - INFO - Instance 95: Predicted class 1
2025-01-27 05:34:24,485 - xai.nshap_analysis - INFO - Instance 96: Predicted class 3
2025-01-27 05:34:24,486 - xai.nshap_analysis - INFO - Instance 97: Predicted class 1
2025-01-27 05:34:24,486 - xai.nshap_analysis - INFO - Instance 98: Predicted class 0
2025-01-27 05:34:24,486 - xai.nshap_analysis - INFO - Instance 99: Predicted class 1
2025-01-27 05:34:47,862 - xai.nshap_analysis - INFO - Instance 100: Predicted class 0
2025-01-27 05:34:47,862 - xai.nshap_analysis - INFO - Instance 101: Predicted class 1
2025-01-27 05:34:47,863 - xai.nshap_analysis - INFO - Instance 102: Predicted class 1
2025-01-27 05:34:47,863 - xai.nshap_analysis - INFO - Instance 103: Predicted class 1
2025-01-27 05:34:47,863 - xai.nshap_analysis - INFO - Instance 104: Predicted class 0
2025-01-27 05:34:47,863 - xai.nshap_analysis - INFO - Instance 105: Predicted class 0
2025-01-27 05:34:47,864 - xai.nshap_analysis - INFO - Instance 106: Predicted class 0
2025-01-27 05:34:47,864 - xai.nshap_analysis - INFO - Instance 107: Predicted class 3
2025-01-27 05:34:47,864 - xai.nshap_analysis - INFO - Instance 108: Predicted class 0
2025-01-27 05:34:47,864 - xai.nshap_analysis - INFO - Instance 109: Predicted class 1
2025-01-27 05:34:47,865 - xai.nshap_analysis - INFO - Instance 110: Predicted class 0
2025-01-27 05:34:47,865 - xai.nshap_analysis - INFO - Instance 111: Predicted class 2
2025-01-27 05:34:47,869 - xai.nshap_analysis - INFO - Instance 112: Predicted class 0
2025-01-27 05:34:47,869 - xai.nshap_analysis - INFO - Instance 113: Predicted class 0
2025-01-27 05:34:47,870 - xai.nshap_analysis - INFO - Instance 114: Predicted class 0
2025-01-27 05:34:47,870 - xai.nshap_analysis - INFO - Instance 115: Predicted class 0
2025-01-27 05:34:47,870 - xai.nshap_analysis - INFO - Instance 116: Predicted class 0
2025-01-27 05:34:47,870 - xai.nshap_analysis - INFO - Instance 117: Predicted class 3
2025-01-27 05:34:47,871 - xai.nshap_analysis - INFO - Instance 118: Predicted class 0
2025-01-27 05:34:47,871 - xai.nshap_analysis - INFO - Instance 119: Predicted class 1
2025-01-27 05:35:11,426 - xai.nshap_analysis - INFO - Instance 120: Predicted class 0
2025-01-27 05:35:11,427 - xai.nshap_analysis - INFO - Instance 121: Predicted class 2
2025-01-27 05:35:11,427 - xai.nshap_analysis - INFO - Instance 122: Predicted class 3
2025-01-27 05:35:11,428 - xai.nshap_analysis - INFO - Instance 123: Predicted class 0
2025-01-27 05:35:11,428 - xai.nshap_analysis - INFO - Instance 124: Predicted class 0
2025-01-27 05:35:11,428 - xai.nshap_analysis - INFO - Instance 125: Predicted class 1
2025-01-27 05:35:11,428 - xai.nshap_analysis - INFO - Instance 126: Predicted class 0
2025-01-27 05:35:11,428 - xai.nshap_analysis - INFO - Instance 127: Predicted class 0
2025-01-27 05:35:11,429 - xai.nshap_analysis - INFO - Instance 128: Predicted class 2
2025-01-27 05:35:11,429 - xai.nshap_analysis - INFO - Instance 129: Predicted class 2
2025-01-27 05:35:11,429 - xai.nshap_analysis - INFO - Instance 130: Predicted class 1
2025-01-27 05:35:11,429 - xai.nshap_analysis - INFO - Instance 131: Predicted class 2
2025-01-27 05:35:11,430 - xai.nshap_analysis - INFO - Instance 132: Predicted class 1
2025-01-27 05:35:11,430 - xai.nshap_analysis - INFO - Instance 133: Predicted class 1
2025-01-27 05:35:11,430 - xai.nshap_analysis - INFO - Instance 134: Predicted class 0
2025-01-27 05:35:11,430 - xai.nshap_analysis - INFO - Instance 135: Predicted class 0
2025-01-27 05:35:11,430 - xai.nshap_analysis - INFO - Instance 136: Predicted class 1
2025-01-27 05:35:11,431 - xai.nshap_analysis - INFO - Instance 137: Predicted class 1
2025-01-27 05:35:11,435 - xai.nshap_analysis - INFO - Instance 138: Predicted class 1
2025-01-27 05:35:11,435 - xai.nshap_analysis - INFO - Instance 139: Predicted class 1
2025-01-27 05:35:34,819 - xai.nshap_analysis - INFO - Instance 140: Predicted class 3
2025-01-27 05:35:34,819 - xai.nshap_analysis - INFO - Instance 141: Predicted class 3
2025-01-27 05:35:34,820 - xai.nshap_analysis - INFO - Instance 142: Predicted class 3
2025-01-27 05:35:34,820 - xai.nshap_analysis - INFO - Instance 143: Predicted class 1
2025-01-27 05:35:34,820 - xai.nshap_analysis - INFO - Instance 144: Predicted class 0
2025-01-27 05:35:34,821 - xai.nshap_analysis - INFO - Instance 145: Predicted class 2
2025-01-27 05:35:34,821 - xai.nshap_analysis - INFO - Instance 146: Predicted class 0
2025-01-27 05:35:34,821 - xai.nshap_analysis - INFO - Instance 147: Predicted class 1
2025-01-27 05:35:34,821 - xai.nshap_analysis - INFO - Instance 148: Predicted class 0
2025-01-27 05:35:34,821 - xai.nshap_analysis - INFO - Instance 149: Predicted class 2
2025-01-27 05:35:34,822 - xai.nshap_analysis - INFO - Instance 150: Predicted class 1
2025-01-27 05:35:34,822 - xai.nshap_analysis - INFO - Instance 151: Predicted class 3
2025-01-27 05:35:34,822 - xai.nshap_analysis - INFO - Instance 152: Predicted class 3
2025-01-27 05:35:34,826 - xai.nshap_analysis - INFO - Instance 153: Predicted class 1
2025-01-27 05:35:34,826 - xai.nshap_analysis - INFO - Instance 154: Predicted class 1
2025-01-27 05:35:34,827 - xai.nshap_analysis - INFO - Instance 155: Predicted class 3
2025-01-27 05:35:34,827 - xai.nshap_analysis - INFO - Instance 156: Predicted class 2
2025-01-27 05:35:34,827 - xai.nshap_analysis - INFO - Instance 157: Predicted class 1
2025-01-27 05:35:34,828 - xai.nshap_analysis - INFO - Instance 158: Predicted class 0
2025-01-27 05:35:34,828 - xai.nshap_analysis - INFO - Instance 159: Predicted class 2
2025-01-27 05:35:58,760 - xai.nshap_analysis - INFO - Instance 160: Predicted class 0
2025-01-27 05:35:58,761 - xai.nshap_analysis - INFO - Instance 161: Predicted class 1
2025-01-27 05:35:58,761 - xai.nshap_analysis - INFO - Instance 162: Predicted class 0
2025-01-27 05:35:58,761 - xai.nshap_analysis - INFO - Instance 163: Predicted class 0
2025-01-27 05:35:58,761 - xai.nshap_analysis - INFO - Instance 164: Predicted class 2
2025-01-27 05:35:58,762 - xai.nshap_analysis - INFO - Instance 165: Predicted class 1
2025-01-27 05:35:58,762 - xai.nshap_analysis - INFO - Instance 166: Predicted class 1
2025-01-27 05:35:58,762 - xai.nshap_analysis - INFO - Instance 167: Predicted class 1
2025-01-27 05:35:58,762 - xai.nshap_analysis - INFO - Instance 168: Predicted class 2
2025-01-27 05:35:58,762 - xai.nshap_analysis - INFO - Instance 169: Predicted class 1
2025-01-27 05:35:58,763 - xai.nshap_analysis - INFO - Instance 170: Predicted class 1
2025-01-27 05:35:58,763 - xai.nshap_analysis - INFO - Instance 171: Predicted class 1
2025-01-27 05:35:58,770 - xai.nshap_analysis - INFO - Instance 172: Predicted class 2
2025-01-27 05:35:58,770 - xai.nshap_analysis - INFO - Instance 173: Predicted class 2
2025-01-27 05:35:58,771 - xai.nshap_analysis - INFO - Instance 174: Predicted class 1
2025-01-27 05:35:58,771 - xai.nshap_analysis - INFO - Instance 175: Predicted class 1
2025-01-27 05:35:58,771 - xai.nshap_analysis - INFO - Instance 176: Predicted class 0
2025-01-27 05:35:58,771 - xai.nshap_analysis - INFO - Instance 177: Predicted class 1
2025-01-27 05:35:58,772 - xai.nshap_analysis - INFO - Instance 178: Predicted class 0
2025-01-27 05:35:58,772 - xai.nshap_analysis - INFO - Instance 179: Predicted class 2
2025-01-27 05:36:22,849 - xai.nshap_analysis - INFO - Instance 180: Predicted class 1
2025-01-27 05:36:22,850 - xai.nshap_analysis - INFO - Instance 181: Predicted class 1
2025-01-27 05:36:22,850 - xai.nshap_analysis - INFO - Instance 182: Predicted class 3
2025-01-27 05:36:22,851 - xai.nshap_analysis - INFO - Instance 183: Predicted class 2
2025-01-27 05:36:22,851 - xai.nshap_analysis - INFO - Instance 184: Predicted class 1
2025-01-27 05:36:22,851 - xai.nshap_analysis - INFO - Instance 185: Predicted class 1
2025-01-27 05:36:22,851 - xai.nshap_analysis - INFO - Instance 186: Predicted class 2
2025-01-27 05:36:22,852 - xai.nshap_analysis - INFO - Instance 187: Predicted class 0
2025-01-27 05:36:22,852 - xai.nshap_analysis - INFO - Instance 188: Predicted class 1
2025-01-27 05:36:22,852 - xai.nshap_analysis - INFO - Instance 189: Predicted class 0
2025-01-27 05:36:22,852 - xai.nshap_analysis - INFO - Instance 190: Predicted class 1
2025-01-27 05:36:22,852 - xai.nshap_analysis - INFO - Instance 191: Predicted class 3
2025-01-27 05:36:22,853 - xai.nshap_analysis - INFO - Instance 192: Predicted class 1
2025-01-27 05:36:22,853 - xai.nshap_analysis - INFO - Instance 193: Predicted class 3
2025-01-27 05:36:22,857 - xai.nshap_analysis - INFO - Instance 194: Predicted class 0
2025-01-27 05:36:22,857 - xai.nshap_analysis - INFO - Instance 195: Predicted class 3
2025-01-27 05:36:22,858 - xai.nshap_analysis - INFO - Instance 196: Predicted class 0
2025-01-27 05:36:22,858 - xai.nshap_analysis - INFO - Instance 197: Predicted class 1
2025-01-27 05:36:22,858 - xai.nshap_analysis - INFO - Instance 198: Predicted class 2
2025-01-27 05:36:22,859 - xai.nshap_analysis - INFO - Instance 199: Predicted class 2
2025-01-27 05:36:46,518 - xai.nshap_analysis - INFO - Instance 200: Predicted class 3
2025-01-27 05:36:46,519 - xai.nshap_analysis - INFO - Instance 201: Predicted class 1
2025-01-27 05:36:46,519 - xai.nshap_analysis - INFO - Instance 202: Predicted class 1
2025-01-27 05:36:46,520 - xai.nshap_analysis - INFO - Instance 203: Predicted class 1
2025-01-27 05:36:46,520 - xai.nshap_analysis - INFO - Instance 204: Predicted class 1
2025-01-27 05:36:46,520 - xai.nshap_analysis - INFO - Instance 205: Predicted class 1
2025-01-27 05:36:46,520 - xai.nshap_analysis - INFO - Instance 206: Predicted class 1
2025-01-27 05:36:46,521 - xai.nshap_analysis - INFO - Instance 207: Predicted class 3
2025-01-27 05:36:46,521 - xai.nshap_analysis - INFO - Instance 208: Predicted class 1
2025-01-27 05:36:46,521 - xai.nshap_analysis - INFO - Instance 209: Predicted class 2
2025-01-27 05:36:46,521 - xai.nshap_analysis - INFO - Instance 210: Predicted class 0
2025-01-27 05:36:46,521 - xai.nshap_analysis - INFO - Instance 211: Predicted class 3
2025-01-27 05:36:46,522 - xai.nshap_analysis - INFO - Instance 212: Predicted class 2
2025-01-27 05:36:46,522 - xai.nshap_analysis - INFO - Instance 213: Predicted class 1
2025-01-27 05:36:46,522 - xai.nshap_analysis - INFO - Instance 214: Predicted class 2
2025-01-27 05:36:46,526 - xai.nshap_analysis - INFO - Instance 215: Predicted class 2
2025-01-27 05:36:46,527 - xai.nshap_analysis - INFO - Instance 216: Predicted class 2
2025-01-27 05:36:46,527 - xai.nshap_analysis - INFO - Instance 217: Predicted class 1
2025-01-27 05:36:46,528 - xai.nshap_analysis - INFO - Instance 218: Predicted class 1
2025-01-27 05:36:46,528 - xai.nshap_analysis - INFO - Instance 219: Predicted class 2
2025-01-27 05:37:10,037 - xai.nshap_analysis - INFO - Instance 220: Predicted class 1
2025-01-27 05:37:10,038 - xai.nshap_analysis - INFO - Instance 221: Predicted class 3
2025-01-27 05:37:10,038 - xai.nshap_analysis - INFO - Instance 222: Predicted class 3
2025-01-27 05:37:10,039 - xai.nshap_analysis - INFO - Instance 223: Predicted class 0
2025-01-27 05:37:10,039 - xai.nshap_analysis - INFO - Instance 224: Predicted class 3
2025-01-27 05:37:10,039 - xai.nshap_analysis - INFO - Instance 225: Predicted class 2
2025-01-27 05:37:10,039 - xai.nshap_analysis - INFO - Instance 226: Predicted class 2
2025-01-27 05:37:10,039 - xai.nshap_analysis - INFO - Instance 227: Predicted class 1
2025-01-27 05:37:10,040 - xai.nshap_analysis - INFO - Instance 228: Predicted class 0
2025-01-27 05:37:10,040 - xai.nshap_analysis - INFO - Instance 229: Predicted class 3
2025-01-27 05:37:10,040 - xai.nshap_analysis - INFO - Instance 230: Predicted class 2
2025-01-27 05:37:10,040 - xai.nshap_analysis - INFO - Instance 231: Predicted class 3
2025-01-27 05:37:10,041 - xai.nshap_analysis - INFO - Instance 232: Predicted class 3
2025-01-27 05:37:10,041 - xai.nshap_analysis - INFO - Instance 233: Predicted class 0
2025-01-27 05:37:10,045 - xai.nshap_analysis - INFO - Instance 234: Predicted class 0
2025-01-27 05:37:10,045 - xai.nshap_analysis - INFO - Instance 235: Predicted class 0
2025-01-27 05:37:10,046 - xai.nshap_analysis - INFO - Instance 236: Predicted class 1
2025-01-27 05:37:10,046 - xai.nshap_analysis - INFO - Instance 237: Predicted class 3
2025-01-27 05:37:10,046 - xai.nshap_analysis - INFO - Instance 238: Predicted class 1
2025-01-27 05:37:10,046 - xai.nshap_analysis - INFO - Instance 239: Predicted class 3
2025-01-27 05:37:33,849 - xai.nshap_analysis - INFO - Instance 240: Predicted class 2
2025-01-27 05:37:33,850 - xai.nshap_analysis - INFO - Instance 241: Predicted class 1
2025-01-27 05:37:33,850 - xai.nshap_analysis - INFO - Instance 242: Predicted class 0
2025-01-27 05:37:33,851 - xai.nshap_analysis - INFO - Instance 243: Predicted class 2
2025-01-27 05:37:33,851 - xai.nshap_analysis - INFO - Instance 244: Predicted class 1
2025-01-27 05:37:33,851 - xai.nshap_analysis - INFO - Instance 245: Predicted class 0
2025-01-27 05:37:33,851 - xai.nshap_analysis - INFO - Instance 246: Predicted class 2
2025-01-27 05:37:33,852 - xai.nshap_analysis - INFO - Instance 247: Predicted class 1
2025-01-27 05:37:33,852 - xai.nshap_analysis - INFO - Instance 248: Predicted class 3
2025-01-27 05:37:33,852 - xai.nshap_analysis - INFO - Instance 249: Predicted class 2
2025-01-27 05:37:33,852 - xai.nshap_analysis - INFO - Instance 250: Predicted class 2
2025-01-27 05:37:33,853 - xai.nshap_analysis - INFO - Instance 251: Predicted class 1
2025-01-27 05:37:33,853 - xai.nshap_analysis - INFO - Instance 252: Predicted class 1
2025-01-27 05:37:33,853 - xai.nshap_analysis - INFO - Instance 253: Predicted class 0
2025-01-27 05:37:33,857 - xai.nshap_analysis - INFO - Instance 254: Predicted class 3
2025-01-27 05:37:33,857 - xai.nshap_analysis - INFO - Instance 255: Predicted class 0
2025-01-27 05:37:33,858 - xai.nshap_analysis - INFO - Instance 256: Predicted class 3
2025-01-27 05:37:33,858 - xai.nshap_analysis - INFO - Instance 257: Predicted class 0
2025-01-27 05:37:33,858 - xai.nshap_analysis - INFO - Instance 258: Predicted class 0
2025-01-27 05:37:33,859 - xai.nshap_analysis - INFO - Instance 259: Predicted class 0
2025-01-27 05:37:57,714 - xai.nshap_analysis - INFO - Instance 260: Predicted class 1
2025-01-27 05:37:57,714 - xai.nshap_analysis - INFO - Instance 261: Predicted class 3
2025-01-27 05:37:57,715 - xai.nshap_analysis - INFO - Instance 262: Predicted class 0
2025-01-27 05:37:57,715 - xai.nshap_analysis - INFO - Instance 263: Predicted class 2
2025-01-27 05:37:57,715 - xai.nshap_analysis - INFO - Instance 264: Predicted class 0
2025-01-27 05:37:57,715 - xai.nshap_analysis - INFO - Instance 265: Predicted class 1
2025-01-27 05:37:57,716 - xai.nshap_analysis - INFO - Instance 266: Predicted class 1
2025-01-27 05:37:57,716 - xai.nshap_analysis - INFO - Instance 267: Predicted class 2
2025-01-27 05:37:57,716 - xai.nshap_analysis - INFO - Instance 268: Predicted class 1
2025-01-27 05:37:57,716 - xai.nshap_analysis - INFO - Instance 269: Predicted class 0
2025-01-27 05:37:57,716 - xai.nshap_analysis - INFO - Instance 270: Predicted class 0
2025-01-27 05:37:57,717 - xai.nshap_analysis - INFO - Instance 271: Predicted class 3
2025-01-27 05:37:57,717 - xai.nshap_analysis - INFO - Instance 272: Predicted class 2
2025-01-27 05:37:57,717 - xai.nshap_analysis - INFO - Instance 273: Predicted class 0
2025-01-27 05:37:57,721 - xai.nshap_analysis - INFO - Instance 274: Predicted class 0
2025-01-27 05:37:57,722 - xai.nshap_analysis - INFO - Instance 275: Predicted class 1
2025-01-27 05:37:57,722 - xai.nshap_analysis - INFO - Instance 276: Predicted class 0
2025-01-27 05:37:57,723 - xai.nshap_analysis - INFO - Instance 277: Predicted class 0
2025-01-27 05:37:57,723 - xai.nshap_analysis - INFO - Instance 278: Predicted class 3
2025-01-27 05:37:57,723 - xai.nshap_analysis - INFO - Instance 279: Predicted class 1
2025-01-27 05:38:21,474 - xai.nshap_analysis - INFO - Instance 280: Predicted class 1
2025-01-27 05:38:21,474 - xai.nshap_analysis - INFO - Instance 281: Predicted class 3
2025-01-27 05:38:21,475 - xai.nshap_analysis - INFO - Instance 282: Predicted class 0
2025-01-27 05:38:21,475 - xai.nshap_analysis - INFO - Instance 283: Predicted class 1
2025-01-27 05:38:21,475 - xai.nshap_analysis - INFO - Instance 284: Predicted class 3
2025-01-27 05:38:21,476 - xai.nshap_analysis - INFO - Instance 285: Predicted class 1
2025-01-27 05:38:21,476 - xai.nshap_analysis - INFO - Instance 286: Predicted class 2
2025-01-27 05:38:21,476 - xai.nshap_analysis - INFO - Instance 287: Predicted class 2
2025-01-27 05:38:21,476 - xai.nshap_analysis - INFO - Instance 288: Predicted class 0
2025-01-27 05:38:21,476 - xai.nshap_analysis - INFO - Instance 289: Predicted class 1
2025-01-27 05:38:21,477 - xai.nshap_analysis - INFO - Instance 290: Predicted class 0
2025-01-27 05:38:21,477 - xai.nshap_analysis - INFO - Instance 291: Predicted class 0
2025-01-27 05:38:21,477 - xai.nshap_analysis - INFO - Instance 292: Predicted class 2
2025-01-27 05:38:21,477 - xai.nshap_analysis - INFO - Instance 293: Predicted class 2
2025-01-27 05:38:21,481 - xai.nshap_analysis - INFO - Instance 294: Predicted class 1
2025-01-27 05:38:21,482 - xai.nshap_analysis - INFO - Instance 295: Predicted class 0
2025-01-27 05:38:21,482 - xai.nshap_analysis - INFO - Instance 296: Predicted class 2
2025-01-27 05:38:21,483 - xai.nshap_analysis - INFO - Instance 297: Predicted class 0
2025-01-27 05:38:21,483 - xai.nshap_analysis - INFO - Instance 298: Predicted class 0
2025-01-27 05:38:21,483 - xai.nshap_analysis - INFO - Instance 299: Predicted class 1
2025-01-27 05:38:45,199 - xai.nshap_analysis - INFO - Instance 300: Predicted class 0
2025-01-27 05:38:45,199 - xai.nshap_analysis - INFO - Instance 301: Predicted class 1
2025-01-27 05:38:45,200 - xai.nshap_analysis - INFO - Instance 302: Predicted class 3
2025-01-27 05:38:45,200 - xai.nshap_analysis - INFO - Instance 303: Predicted class 2
2025-01-27 05:38:45,200 - xai.nshap_analysis - INFO - Instance 304: Predicted class 1
2025-01-27 05:38:45,200 - xai.nshap_analysis - INFO - Instance 305: Predicted class 0
2025-01-27 05:38:45,201 - xai.nshap_analysis - INFO - Instance 306: Predicted class 3
2025-01-27 05:38:45,201 - xai.nshap_analysis - INFO - Instance 307: Predicted class 1
2025-01-27 05:38:45,201 - xai.nshap_analysis - INFO - Instance 308: Predicted class 0
2025-01-27 05:38:45,201 - xai.nshap_analysis - INFO - Instance 309: Predicted class 0
2025-01-27 05:38:45,202 - xai.nshap_analysis - INFO - Instance 310: Predicted class 1
2025-01-27 05:38:45,202 - xai.nshap_analysis - INFO - Instance 311: Predicted class 1
2025-01-27 05:38:45,202 - xai.nshap_analysis - INFO - Instance 312: Predicted class 0
2025-01-27 05:38:45,206 - xai.nshap_analysis - INFO - Instance 313: Predicted class 0
2025-01-27 05:38:45,207 - xai.nshap_analysis - INFO - Instance 314: Predicted class 0
2025-01-27 05:38:45,207 - xai.nshap_analysis - INFO - Instance 315: Predicted class 1
2025-01-27 05:38:45,207 - xai.nshap_analysis - INFO - Instance 316: Predicted class 0
2025-01-27 05:38:45,207 - xai.nshap_analysis - INFO - Instance 317: Predicted class 0
2025-01-27 05:38:45,208 - xai.nshap_analysis - INFO - Instance 318: Predicted class 0
2025-01-27 05:38:45,208 - xai.nshap_analysis - INFO - Instance 319: Predicted class 1
2025-01-27 05:39:08,773 - xai.nshap_analysis - INFO - Instance 320: Predicted class 0
2025-01-27 05:39:08,774 - xai.nshap_analysis - INFO - Instance 321: Predicted class 2
2025-01-27 05:39:08,774 - xai.nshap_analysis - INFO - Instance 322: Predicted class 0
2025-01-27 05:39:08,774 - xai.nshap_analysis - INFO - Instance 323: Predicted class 0
2025-01-27 05:39:08,774 - xai.nshap_analysis - INFO - Instance 324: Predicted class 3
2025-01-27 05:39:08,775 - xai.nshap_analysis - INFO - Instance 325: Predicted class 2
2025-01-27 05:39:08,775 - xai.nshap_analysis - INFO - Instance 326: Predicted class 0
2025-01-27 05:39:08,775 - xai.nshap_analysis - INFO - Instance 327: Predicted class 0
2025-01-27 05:39:08,775 - xai.nshap_analysis - INFO - Instance 328: Predicted class 0
2025-01-27 05:39:08,775 - xai.nshap_analysis - INFO - Instance 329: Predicted class 3
2025-01-27 05:39:08,776 - xai.nshap_analysis - INFO - Instance 330: Predicted class 0
2025-01-27 05:39:08,776 - xai.nshap_analysis - INFO - Instance 331: Predicted class 0
2025-01-27 05:39:08,780 - xai.nshap_analysis - INFO - Instance 332: Predicted class 0
2025-01-27 05:39:08,780 - xai.nshap_analysis - INFO - Instance 333: Predicted class 1
2025-01-27 05:39:08,781 - xai.nshap_analysis - INFO - Instance 334: Predicted class 1
2025-01-27 05:39:08,781 - xai.nshap_analysis - INFO - Instance 335: Predicted class 2
2025-01-27 05:39:08,781 - xai.nshap_analysis - INFO - Instance 336: Predicted class 0
2025-01-27 05:39:08,781 - xai.nshap_analysis - INFO - Instance 337: Predicted class 0
2025-01-27 05:39:08,782 - xai.nshap_analysis - INFO - Instance 338: Predicted class 2
2025-01-27 05:39:08,782 - xai.nshap_analysis - INFO - Instance 339: Predicted class 3
2025-01-27 05:39:32,856 - xai.nshap_analysis - INFO - Instance 340: Predicted class 1
2025-01-27 05:39:32,857 - xai.nshap_analysis - INFO - Instance 341: Predicted class 3
2025-01-27 05:39:32,857 - xai.nshap_analysis - INFO - Instance 342: Predicted class 0
2025-01-27 05:39:32,858 - xai.nshap_analysis - INFO - Instance 343: Predicted class 1
2025-01-27 05:39:32,858 - xai.nshap_analysis - INFO - Instance 344: Predicted class 0
2025-01-27 05:39:32,858 - xai.nshap_analysis - INFO - Instance 345: Predicted class 1
2025-01-27 05:39:32,858 - xai.nshap_analysis - INFO - Instance 346: Predicted class 2
2025-01-27 05:39:32,859 - xai.nshap_analysis - INFO - Instance 347: Predicted class 1
2025-01-27 05:39:32,859 - xai.nshap_analysis - INFO - Instance 348: Predicted class 3
2025-01-27 05:39:32,859 - xai.nshap_analysis - INFO - Instance 349: Predicted class 1
2025-01-27 05:39:32,859 - xai.nshap_analysis - INFO - Instance 350: Predicted class 2
2025-01-27 05:39:32,859 - xai.nshap_analysis - INFO - Instance 351: Predicted class 0
2025-01-27 05:39:32,864 - xai.nshap_analysis - INFO - Instance 352: Predicted class 1
2025-01-27 05:39:32,864 - xai.nshap_analysis - INFO - Instance 353: Predicted class 0
2025-01-27 05:39:32,864 - xai.nshap_analysis - INFO - Instance 354: Predicted class 3
2025-01-27 05:39:32,865 - xai.nshap_analysis - INFO - Instance 355: Predicted class 0
2025-01-27 05:39:32,865 - xai.nshap_analysis - INFO - Instance 356: Predicted class 0
2025-01-27 05:39:32,865 - xai.nshap_analysis - INFO - Instance 357: Predicted class 2
2025-01-27 05:39:32,865 - xai.nshap_analysis - INFO - Instance 358: Predicted class 1
2025-01-27 05:39:32,866 - xai.nshap_analysis - INFO - Instance 359: Predicted class 0
2025-01-27 05:39:56,458 - xai.nshap_analysis - INFO - Instance 360: Predicted class 0
2025-01-27 05:39:56,459 - xai.nshap_analysis - INFO - Instance 361: Predicted class 0
2025-01-27 05:39:56,459 - xai.nshap_analysis - INFO - Instance 362: Predicted class 2
2025-01-27 05:39:56,460 - xai.nshap_analysis - INFO - Instance 363: Predicted class 3
2025-01-27 05:39:56,460 - xai.nshap_analysis - INFO - Instance 364: Predicted class 1
2025-01-27 05:39:56,460 - xai.nshap_analysis - INFO - Instance 365: Predicted class 0
2025-01-27 05:39:56,460 - xai.nshap_analysis - INFO - Instance 366: Predicted class 0
2025-01-27 05:39:56,461 - xai.nshap_analysis - INFO - Instance 367: Predicted class 0
2025-01-27 05:39:56,461 - xai.nshap_analysis - INFO - Instance 368: Predicted class 1
2025-01-27 05:39:56,461 - xai.nshap_analysis - INFO - Instance 369: Predicted class 1
2025-01-27 05:39:56,461 - xai.nshap_analysis - INFO - Instance 370: Predicted class 0
2025-01-27 05:39:56,462 - xai.nshap_analysis - INFO - Instance 371: Predicted class 1
2025-01-27 05:39:56,462 - xai.nshap_analysis - INFO - Instance 372: Predicted class 2
2025-01-27 05:39:56,462 - xai.nshap_analysis - INFO - Instance 373: Predicted class 1
2025-01-27 05:39:56,462 - xai.nshap_analysis - INFO - Instance 374: Predicted class 1
2025-01-27 05:39:56,463 - xai.nshap_analysis - INFO - Instance 375: Predicted class 1
2025-01-27 05:39:56,463 - xai.nshap_analysis - INFO - Instance 376: Predicted class 2
2025-01-27 05:39:56,463 - xai.nshap_analysis - INFO - Instance 377: Predicted class 0
2025-01-27 05:39:56,467 - xai.nshap_analysis - INFO - Instance 378: Predicted class 3
2025-01-27 05:39:56,468 - xai.nshap_analysis - INFO - Instance 379: Predicted class 1
2025-01-27 05:40:20,450 - xai.nshap_analysis - INFO - Instance 380: Predicted class 1
2025-01-27 05:40:20,451 - xai.nshap_analysis - INFO - Instance 381: Predicted class 3
2025-01-27 05:40:20,451 - xai.nshap_analysis - INFO - Instance 382: Predicted class 3
2025-01-27 05:40:20,451 - xai.nshap_analysis - INFO - Instance 383: Predicted class 3
2025-01-27 05:40:20,452 - xai.nshap_analysis - INFO - Instance 384: Predicted class 0
2025-01-27 05:40:20,452 - xai.nshap_analysis - INFO - Instance 385: Predicted class 1
2025-01-27 05:40:20,452 - xai.nshap_analysis - INFO - Instance 386: Predicted class 3
2025-01-27 05:40:20,452 - xai.nshap_analysis - INFO - Instance 387: Predicted class 2
2025-01-27 05:40:20,452 - xai.nshap_analysis - INFO - Instance 388: Predicted class 2
2025-01-27 05:40:20,453 - xai.nshap_analysis - INFO - Instance 389: Predicted class 0
2025-01-27 05:40:20,453 - xai.nshap_analysis - INFO - Instance 390: Predicted class 1
2025-01-27 05:40:20,453 - xai.nshap_analysis - INFO - Instance 391: Predicted class 1
2025-01-27 05:40:20,457 - xai.nshap_analysis - INFO - Instance 392: Predicted class 0
2025-01-27 05:40:20,458 - xai.nshap_analysis - INFO - Instance 393: Predicted class 0
2025-01-27 05:40:20,458 - xai.nshap_analysis - INFO - Instance 394: Predicted class 2
2025-01-27 05:40:20,458 - xai.nshap_analysis - INFO - Instance 395: Predicted class 3
2025-01-27 05:40:20,459 - xai.nshap_analysis - INFO - Instance 396: Predicted class 0
2025-01-27 05:40:20,459 - xai.nshap_analysis - INFO - Instance 397: Predicted class 1
2025-01-27 05:40:20,459 - xai.nshap_analysis - INFO - Instance 398: Predicted class 2
2025-01-27 05:40:20,459 - xai.nshap_analysis - INFO - Instance 399: Predicted class 1
2025-01-27 05:40:44,327 - xai.nshap_analysis - INFO - Instance 400: Predicted class 2
2025-01-27 05:40:44,328 - xai.nshap_analysis - INFO - Instance 401: Predicted class 3
2025-01-27 05:40:44,328 - xai.nshap_analysis - INFO - Instance 402: Predicted class 3
2025-01-27 05:40:44,329 - xai.nshap_analysis - INFO - Instance 403: Predicted class 0
2025-01-27 05:40:44,329 - xai.nshap_analysis - INFO - Instance 404: Predicted class 2
2025-01-27 05:40:44,329 - xai.nshap_analysis - INFO - Instance 405: Predicted class 0
2025-01-27 05:40:44,329 - xai.nshap_analysis - INFO - Instance 406: Predicted class 0
2025-01-27 05:40:44,329 - xai.nshap_analysis - INFO - Instance 407: Predicted class 1
2025-01-27 05:40:44,330 - xai.nshap_analysis - INFO - Instance 408: Predicted class 0
2025-01-27 05:40:44,330 - xai.nshap_analysis - INFO - Instance 409: Predicted class 1
2025-01-27 05:40:44,330 - xai.nshap_analysis - INFO - Instance 410: Predicted class 2
2025-01-27 05:40:44,330 - xai.nshap_analysis - INFO - Instance 411: Predicted class 3
2025-01-27 05:40:44,331 - xai.nshap_analysis - INFO - Instance 412: Predicted class 0
2025-01-27 05:40:44,331 - xai.nshap_analysis - INFO - Instance 413: Predicted class 0
2025-01-27 05:40:44,331 - xai.nshap_analysis - INFO - Instance 414: Predicted class 2
2025-01-27 05:40:44,331 - xai.nshap_analysis - INFO - Instance 415: Predicted class 0
2025-01-27 05:40:44,331 - xai.nshap_analysis - INFO - Instance 416: Predicted class 2
2025-01-27 05:40:44,332 - xai.nshap_analysis - INFO - Instance 417: Predicted class 0
2025-01-27 05:40:44,332 - xai.nshap_analysis - INFO - Instance 418: Predicted class 1
2025-01-27 05:40:44,336 - xai.nshap_analysis - INFO - Instance 419: Predicted class 3
2025-01-27 05:41:08,339 - xai.nshap_analysis - INFO - Instance 420: Predicted class 3
2025-01-27 05:41:08,339 - xai.nshap_analysis - INFO - Instance 421: Predicted class 3
2025-01-27 05:41:08,340 - xai.nshap_analysis - INFO - Instance 422: Predicted class 2
2025-01-27 05:41:08,340 - xai.nshap_analysis - INFO - Instance 423: Predicted class 1
2025-01-27 05:41:08,340 - xai.nshap_analysis - INFO - Instance 424: Predicted class 0
2025-01-27 05:41:08,341 - xai.nshap_analysis - INFO - Instance 425: Predicted class 0
2025-01-27 05:41:08,341 - xai.nshap_analysis - INFO - Instance 426: Predicted class 0
2025-01-27 05:41:08,341 - xai.nshap_analysis - INFO - Instance 427: Predicted class 1
2025-01-27 05:41:08,341 - xai.nshap_analysis - INFO - Instance 428: Predicted class 1
2025-01-27 05:41:08,341 - xai.nshap_analysis - INFO - Instance 429: Predicted class 0
2025-01-27 05:41:08,342 - xai.nshap_analysis - INFO - Instance 430: Predicted class 0
2025-01-27 05:41:08,342 - xai.nshap_analysis - INFO - Instance 431: Predicted class 3
2025-01-27 05:41:08,346 - xai.nshap_analysis - INFO - Instance 432: Predicted class 1
2025-01-27 05:41:08,346 - xai.nshap_analysis - INFO - Instance 433: Predicted class 1
2025-01-27 05:41:08,346 - xai.nshap_analysis - INFO - Instance 434: Predicted class 0
2025-01-27 05:41:08,347 - xai.nshap_analysis - INFO - Instance 435: Predicted class 2
2025-01-27 05:41:08,347 - xai.nshap_analysis - INFO - Instance 436: Predicted class 1
2025-01-27 05:41:08,347 - xai.nshap_analysis - INFO - Instance 437: Predicted class 0
2025-01-27 05:41:08,347 - xai.nshap_analysis - INFO - Instance 438: Predicted class 3
2025-01-27 05:41:08,347 - xai.nshap_analysis - INFO - Instance 439: Predicted class 0
2025-01-27 05:41:32,067 - xai.nshap_analysis - INFO - Instance 440: Predicted class 0
2025-01-27 05:41:32,068 - xai.nshap_analysis - INFO - Instance 441: Predicted class 1
2025-01-27 05:41:32,068 - xai.nshap_analysis - INFO - Instance 442: Predicted class 3
2025-01-27 05:41:32,068 - xai.nshap_analysis - INFO - Instance 443: Predicted class 0
2025-01-27 05:41:32,069 - xai.nshap_analysis - INFO - Instance 444: Predicted class 0
2025-01-27 05:41:32,069 - xai.nshap_analysis - INFO - Instance 445: Predicted class 2
2025-01-27 05:41:32,069 - xai.nshap_analysis - INFO - Instance 446: Predicted class 3
2025-01-27 05:41:32,069 - xai.nshap_analysis - INFO - Instance 447: Predicted class 3
2025-01-27 05:41:32,069 - xai.nshap_analysis - INFO - Instance 448: Predicted class 0
2025-01-27 05:41:32,069 - xai.nshap_analysis - INFO - Instance 449: Predicted class 1
2025-01-27 05:41:32,069 - xai.nshap_analysis - INFO - Instance 450: Predicted class 1
2025-01-27 05:41:32,071 - xai.nshap_analysis - INFO - Instance 451: Predicted class 3
2025-01-27 05:41:32,071 - xai.nshap_analysis - INFO - Instance 452: Predicted class 3
2025-01-27 05:41:32,075 - xai.nshap_analysis - INFO - Instance 453: Predicted class 3
2025-01-27 05:41:32,075 - xai.nshap_analysis - INFO - Instance 454: Predicted class 1
2025-01-27 05:41:32,076 - xai.nshap_analysis - INFO - Instance 455: Predicted class 0
2025-01-27 05:41:32,076 - xai.nshap_analysis - INFO - Instance 456: Predicted class 3
2025-01-27 05:41:32,076 - xai.nshap_analysis - INFO - Instance 457: Predicted class 0
2025-01-27 05:41:32,077 - xai.nshap_analysis - INFO - Instance 458: Predicted class 3
2025-01-27 05:41:32,077 - xai.nshap_analysis - INFO - Instance 459: Predicted class 1
2025-01-27 05:41:55,890 - xai.nshap_analysis - INFO - Instance 460: Predicted class 1
2025-01-27 05:41:55,891 - xai.nshap_analysis - INFO - Instance 461: Predicted class 0
2025-01-27 05:41:55,891 - xai.nshap_analysis - INFO - Instance 462: Predicted class 0
2025-01-27 05:41:55,891 - xai.nshap_analysis - INFO - Instance 463: Predicted class 0
2025-01-27 05:41:55,891 - xai.nshap_analysis - INFO - Instance 464: Predicted class 0
2025-01-27 05:41:55,892 - xai.nshap_analysis - INFO - Instance 465: Predicted class 2
2025-01-27 05:41:55,892 - xai.nshap_analysis - INFO - Instance 466: Predicted class 1
2025-01-27 05:41:55,892 - xai.nshap_analysis - INFO - Instance 467: Predicted class 1
2025-01-27 05:41:55,892 - xai.nshap_analysis - INFO - Instance 468: Predicted class 0
2025-01-27 05:41:55,893 - xai.nshap_analysis - INFO - Instance 469: Predicted class 0
2025-01-27 05:41:55,893 - xai.nshap_analysis - INFO - Instance 470: Predicted class 3
2025-01-27 05:41:55,893 - xai.nshap_analysis - INFO - Instance 471: Predicted class 1
2025-01-27 05:41:55,893 - xai.nshap_analysis - INFO - Instance 472: Predicted class 3
2025-01-27 05:41:55,893 - xai.nshap_analysis - INFO - Instance 473: Predicted class 0
2025-01-27 05:41:55,897 - xai.nshap_analysis - INFO - Instance 474: Predicted class 0
2025-01-27 05:41:55,898 - xai.nshap_analysis - INFO - Instance 475: Predicted class 1
2025-01-27 05:41:55,898 - xai.nshap_analysis - INFO - Instance 476: Predicted class 1
2025-01-27 05:41:55,898 - xai.nshap_analysis - INFO - Instance 477: Predicted class 1
2025-01-27 05:41:55,899 - xai.nshap_analysis - INFO - Instance 478: Predicted class 3
2025-01-27 05:41:55,899 - xai.nshap_analysis - INFO - Instance 479: Predicted class 3
2025-01-27 05:42:19,792 - xai.nshap_analysis - INFO - Instance 480: Predicted class 1
2025-01-27 05:42:19,793 - xai.nshap_analysis - INFO - Instance 481: Predicted class 2
2025-01-27 05:42:19,793 - xai.nshap_analysis - INFO - Instance 482: Predicted class 0
2025-01-27 05:42:19,793 - xai.nshap_analysis - INFO - Instance 483: Predicted class 2
2025-01-27 05:42:19,793 - xai.nshap_analysis - INFO - Instance 484: Predicted class 1
2025-01-27 05:42:19,794 - xai.nshap_analysis - INFO - Instance 485: Predicted class 1
2025-01-27 05:42:19,794 - xai.nshap_analysis - INFO - Instance 486: Predicted class 0
2025-01-27 05:42:19,794 - xai.nshap_analysis - INFO - Instance 487: Predicted class 0
2025-01-27 05:42:19,794 - xai.nshap_analysis - INFO - Instance 488: Predicted class 2
2025-01-27 05:42:19,795 - xai.nshap_analysis - INFO - Instance 489: Predicted class 1
2025-01-27 05:42:19,795 - xai.nshap_analysis - INFO - Instance 490: Predicted class 0
2025-01-27 05:42:19,795 - xai.nshap_analysis - INFO - Instance 491: Predicted class 1
2025-01-27 05:42:19,795 - xai.nshap_analysis - INFO - Instance 492: Predicted class 1
2025-01-27 05:42:19,799 - xai.nshap_analysis - INFO - Instance 493: Predicted class 0
2025-01-27 05:42:19,800 - xai.nshap_analysis - INFO - Instance 494: Predicted class 1
2025-01-27 05:42:19,800 - xai.nshap_analysis - INFO - Instance 495: Predicted class 2
2025-01-27 05:42:19,800 - xai.nshap_analysis - INFO - Instance 496: Predicted class 0
2025-01-27 05:42:19,801 - xai.nshap_analysis - INFO - Instance 497: Predicted class 3
2025-01-27 05:42:19,801 - xai.nshap_analysis - INFO - Instance 498: Predicted class 1
2025-01-27 05:42:19,801 - xai.nshap_analysis - INFO - Instance 499: Predicted class 0
2025-01-27 05:42:43,571 - xai.nshap_analysis - INFO - Instance 500: Predicted class 3
2025-01-27 05:42:43,571 - xai.nshap_analysis - INFO - Instance 501: Predicted class 2
2025-01-27 05:42:43,571 - xai.nshap_analysis - INFO - Instance 502: Predicted class 1
2025-01-27 05:42:43,572 - xai.nshap_analysis - INFO - Instance 503: Predicted class 1
2025-01-27 05:42:43,572 - xai.nshap_analysis - INFO - Instance 504: Predicted class 3
2025-01-27 05:42:43,572 - xai.nshap_analysis - INFO - Instance 505: Predicted class 2
2025-01-27 05:42:43,572 - xai.nshap_analysis - INFO - Instance 506: Predicted class 0
2025-01-27 05:42:43,573 - xai.nshap_analysis - INFO - Instance 507: Predicted class 0
2025-01-27 05:42:43,573 - xai.nshap_analysis - INFO - Instance 508: Predicted class 3
2025-01-27 05:42:43,573 - xai.nshap_analysis - INFO - Instance 509: Predicted class 2
2025-01-27 05:42:43,573 - xai.nshap_analysis - INFO - Instance 510: Predicted class 3
2025-01-27 05:42:43,574 - xai.nshap_analysis - INFO - Instance 511: Predicted class 0
2025-01-27 05:42:43,574 - xai.nshap_analysis - INFO - Instance 512: Predicted class 2
2025-01-27 05:42:43,578 - xai.nshap_analysis - INFO - Instance 513: Predicted class 1
2025-01-27 05:42:43,579 - xai.nshap_analysis - INFO - Instance 514: Predicted class 0
2025-01-27 05:42:43,579 - xai.nshap_analysis - INFO - Instance 515: Predicted class 0
2025-01-27 05:42:43,579 - xai.nshap_analysis - INFO - Instance 516: Predicted class 1
2025-01-27 05:42:43,579 - xai.nshap_analysis - INFO - Instance 517: Predicted class 2
2025-01-27 05:42:43,580 - xai.nshap_analysis - INFO - Instance 518: Predicted class 0
2025-01-27 05:42:43,580 - xai.nshap_analysis - INFO - Instance 519: Predicted class 3
2025-01-27 05:43:07,317 - xai.nshap_analysis - INFO - Instance 520: Predicted class 1
2025-01-27 05:43:07,318 - xai.nshap_analysis - INFO - Instance 521: Predicted class 1
2025-01-27 05:43:07,318 - xai.nshap_analysis - INFO - Instance 522: Predicted class 1
2025-01-27 05:43:07,318 - xai.nshap_analysis - INFO - Instance 523: Predicted class 1
2025-01-27 05:43:07,318 - xai.nshap_analysis - INFO - Instance 524: Predicted class 3
2025-01-27 05:43:07,319 - xai.nshap_analysis - INFO - Instance 525: Predicted class 1
2025-01-27 05:43:07,319 - xai.nshap_analysis - INFO - Instance 526: Predicted class 2
2025-01-27 05:43:07,319 - xai.nshap_analysis - INFO - Instance 527: Predicted class 1
2025-01-27 05:43:07,319 - xai.nshap_analysis - INFO - Instance 528: Predicted class 3
2025-01-27 05:43:07,319 - xai.nshap_analysis - INFO - Instance 529: Predicted class 3
2025-01-27 05:43:07,320 - xai.nshap_analysis - INFO - Instance 530: Predicted class 1
2025-01-27 05:43:07,320 - xai.nshap_analysis - INFO - Instance 531: Predicted class 0
2025-01-27 05:43:07,324 - xai.nshap_analysis - INFO - Instance 532: Predicted class 3
2025-01-27 05:43:07,325 - xai.nshap_analysis - INFO - Instance 533: Predicted class 3
2025-01-27 05:43:07,325 - xai.nshap_analysis - INFO - Instance 534: Predicted class 2
2025-01-27 05:43:07,325 - xai.nshap_analysis - INFO - Instance 535: Predicted class 1
2025-01-27 05:43:07,326 - xai.nshap_analysis - INFO - Instance 536: Predicted class 1
2025-01-27 05:43:07,326 - xai.nshap_analysis - INFO - Instance 537: Predicted class 2
2025-01-27 05:43:07,326 - xai.nshap_analysis - INFO - Instance 538: Predicted class 3
2025-01-27 05:43:07,326 - xai.nshap_analysis - INFO - Instance 539: Predicted class 0
2025-01-27 05:43:31,024 - xai.nshap_analysis - INFO - Instance 540: Predicted class 0
2025-01-27 05:43:31,024 - xai.nshap_analysis - INFO - Instance 541: Predicted class 2
2025-01-27 05:43:31,025 - xai.nshap_analysis - INFO - Instance 542: Predicted class 1
2025-01-27 05:43:31,025 - xai.nshap_analysis - INFO - Instance 543: Predicted class 3
2025-01-27 05:43:31,025 - xai.nshap_analysis - INFO - Instance 544: Predicted class 3
2025-01-27 05:43:31,026 - xai.nshap_analysis - INFO - Instance 545: Predicted class 0
2025-01-27 05:43:31,026 - xai.nshap_analysis - INFO - Instance 546: Predicted class 0
2025-01-27 05:43:31,026 - xai.nshap_analysis - INFO - Instance 547: Predicted class 0
2025-01-27 05:43:31,026 - xai.nshap_analysis - INFO - Instance 548: Predicted class 1
2025-01-27 05:43:31,027 - xai.nshap_analysis - INFO - Instance 549: Predicted class 0
2025-01-27 05:43:31,027 - xai.nshap_analysis - INFO - Instance 550: Predicted class 0
2025-01-27 05:43:31,027 - xai.nshap_analysis - INFO - Instance 551: Predicted class 0
2025-01-27 05:43:31,027 - xai.nshap_analysis - INFO - Instance 552: Predicted class 0
2025-01-27 05:43:31,027 - xai.nshap_analysis - INFO - Instance 553: Predicted class 1
2025-01-27 05:43:31,028 - xai.nshap_analysis - INFO - Instance 554: Predicted class 0
2025-01-27 05:43:31,028 - xai.nshap_analysis - INFO - Instance 555: Predicted class 3
2025-01-27 05:43:31,032 - xai.nshap_analysis - INFO - Instance 556: Predicted class 1
2025-01-27 05:43:31,033 - xai.nshap_analysis - INFO - Instance 557: Predicted class 2
2025-01-27 05:43:31,033 - xai.nshap_analysis - INFO - Instance 558: Predicted class 0
2025-01-27 05:43:31,033 - xai.nshap_analysis - INFO - Instance 559: Predicted class 0
2025-01-27 05:43:54,700 - xai.nshap_analysis - INFO - Instance 560: Predicted class 0
2025-01-27 05:43:54,700 - xai.nshap_analysis - INFO - Instance 561: Predicted class 0
2025-01-27 05:43:54,701 - xai.nshap_analysis - INFO - Instance 562: Predicted class 2
2025-01-27 05:43:54,701 - xai.nshap_analysis - INFO - Instance 563: Predicted class 1
2025-01-27 05:43:54,701 - xai.nshap_analysis - INFO - Instance 564: Predicted class 1
2025-01-27 05:43:54,701 - xai.nshap_analysis - INFO - Instance 565: Predicted class 3
2025-01-27 05:43:54,702 - xai.nshap_analysis - INFO - Instance 566: Predicted class 0
2025-01-27 05:43:54,702 - xai.nshap_analysis - INFO - Instance 567: Predicted class 0
2025-01-27 05:43:54,702 - xai.nshap_analysis - INFO - Instance 568: Predicted class 0
2025-01-27 05:43:54,702 - xai.nshap_analysis - INFO - Instance 569: Predicted class 1
2025-01-27 05:43:54,703 - xai.nshap_analysis - INFO - Instance 570: Predicted class 1
2025-01-27 05:43:54,703 - xai.nshap_analysis - INFO - Instance 571: Predicted class 2
2025-01-27 05:43:54,703 - xai.nshap_analysis - INFO - Instance 572: Predicted class 0
2025-01-27 05:43:54,703 - xai.nshap_analysis - INFO - Instance 573: Predicted class 0
2025-01-27 05:43:54,703 - xai.nshap_analysis - INFO - Instance 574: Predicted class 0
2025-01-27 05:43:54,704 - xai.nshap_analysis - INFO - Instance 575: Predicted class 1
2025-01-27 05:43:54,704 - xai.nshap_analysis - INFO - Instance 576: Predicted class 1
2025-01-27 05:43:54,708 - xai.nshap_analysis - INFO - Instance 577: Predicted class 1
2025-01-27 05:43:54,708 - xai.nshap_analysis - INFO - Instance 578: Predicted class 0
2025-01-27 05:43:54,709 - xai.nshap_analysis - INFO - Instance 579: Predicted class 1
2025-01-27 05:44:18,365 - xai.nshap_analysis - INFO - Instance 580: Predicted class 3
2025-01-27 05:44:18,366 - xai.nshap_analysis - INFO - Instance 581: Predicted class 0
2025-01-27 05:44:18,366 - xai.nshap_analysis - INFO - Instance 582: Predicted class 3
2025-01-27 05:44:18,367 - xai.nshap_analysis - INFO - Instance 583: Predicted class 2
2025-01-27 05:44:18,367 - xai.nshap_analysis - INFO - Instance 584: Predicted class 3
2025-01-27 05:44:18,367 - xai.nshap_analysis - INFO - Instance 585: Predicted class 0
2025-01-27 05:44:18,367 - xai.nshap_analysis - INFO - Instance 586: Predicted class 3
2025-01-27 05:44:18,367 - xai.nshap_analysis - INFO - Instance 587: Predicted class 0
2025-01-27 05:44:18,368 - xai.nshap_analysis - INFO - Instance 588: Predicted class 2
2025-01-27 05:44:18,368 - xai.nshap_analysis - INFO - Instance 589: Predicted class 0
2025-01-27 05:44:18,368 - xai.nshap_analysis - INFO - Instance 590: Predicted class 0
2025-01-27 05:44:18,368 - xai.nshap_analysis - INFO - Instance 591: Predicted class 1
2025-01-27 05:44:18,368 - xai.nshap_analysis - INFO - Instance 592: Predicted class 0
2025-01-27 05:44:18,369 - xai.nshap_analysis - INFO - Instance 593: Predicted class 3
2025-01-27 05:44:18,372 - xai.nshap_analysis - INFO - Instance 594: Predicted class 3
2025-01-27 05:44:18,372 - xai.nshap_analysis - INFO - Instance 595: Predicted class 1
2025-01-27 05:44:18,373 - xai.nshap_analysis - INFO - Instance 596: Predicted class 1
2025-01-27 05:44:18,373 - xai.nshap_analysis - INFO - Instance 597: Predicted class 0
2025-01-27 05:44:18,373 - xai.nshap_analysis - INFO - Instance 598: Predicted class 3
2025-01-27 05:44:18,373 - xai.nshap_analysis - INFO - Instance 599: Predicted class 2
2025-01-27 05:44:42,061 - xai.nshap_analysis - INFO - Instance 600: Predicted class 1
2025-01-27 05:44:42,062 - xai.nshap_analysis - INFO - Instance 601: Predicted class 0
2025-01-27 05:44:42,062 - xai.nshap_analysis - INFO - Instance 602: Predicted class 0
2025-01-27 05:44:42,062 - xai.nshap_analysis - INFO - Instance 603: Predicted class 0
2025-01-27 05:44:42,063 - xai.nshap_analysis - INFO - Instance 604: Predicted class 1
2025-01-27 05:44:42,063 - xai.nshap_analysis - INFO - Instance 605: Predicted class 1
2025-01-27 05:44:42,063 - xai.nshap_analysis - INFO - Instance 606: Predicted class 0
2025-01-27 05:44:42,063 - xai.nshap_analysis - INFO - Instance 607: Predicted class 1
2025-01-27 05:44:42,064 - xai.nshap_analysis - INFO - Instance 608: Predicted class 1
2025-01-27 05:44:42,064 - xai.nshap_analysis - INFO - Instance 609: Predicted class 2
2025-01-27 05:44:42,064 - xai.nshap_analysis - INFO - Instance 610: Predicted class 0
2025-01-27 05:44:42,064 - xai.nshap_analysis - INFO - Instance 611: Predicted class 3
2025-01-27 05:44:42,068 - xai.nshap_analysis - INFO - Instance 612: Predicted class 0
2025-01-27 05:44:42,069 - xai.nshap_analysis - INFO - Instance 613: Predicted class 0
2025-01-27 05:44:42,069 - xai.nshap_analysis - INFO - Instance 614: Predicted class 1
2025-01-27 05:44:42,069 - xai.nshap_analysis - INFO - Instance 615: Predicted class 2
2025-01-27 05:44:42,070 - xai.nshap_analysis - INFO - Instance 616: Predicted class 1
2025-01-27 05:44:42,070 - xai.nshap_analysis - INFO - Instance 617: Predicted class 0
2025-01-27 05:44:42,070 - xai.nshap_analysis - INFO - Instance 618: Predicted class 0
2025-01-27 05:44:42,070 - xai.nshap_analysis - INFO - Instance 619: Predicted class 1
2025-01-27 05:45:05,815 - xai.nshap_analysis - INFO - Instance 620: Predicted class 1
2025-01-27 05:45:05,816 - xai.nshap_analysis - INFO - Instance 621: Predicted class 1
2025-01-27 05:45:05,816 - xai.nshap_analysis - INFO - Instance 622: Predicted class 2
2025-01-27 05:45:05,817 - xai.nshap_analysis - INFO - Instance 623: Predicted class 2
2025-01-27 05:45:05,817 - xai.nshap_analysis - INFO - Instance 624: Predicted class 0
2025-01-27 05:45:05,817 - xai.nshap_analysis - INFO - Instance 625: Predicted class 3
2025-01-27 05:45:05,817 - xai.nshap_analysis - INFO - Instance 626: Predicted class 1
2025-01-27 05:45:05,817 - xai.nshap_analysis - INFO - Instance 627: Predicted class 1
2025-01-27 05:45:05,818 - xai.nshap_analysis - INFO - Instance 628: Predicted class 2
2025-01-27 05:45:05,818 - xai.nshap_analysis - INFO - Instance 629: Predicted class 3
2025-01-27 05:45:05,818 - xai.nshap_analysis - INFO - Instance 630: Predicted class 2
2025-01-27 05:45:05,818 - xai.nshap_analysis - INFO - Instance 631: Predicted class 3
2025-01-27 05:45:05,818 - xai.nshap_analysis - INFO - Instance 632: Predicted class 3
2025-01-27 05:45:05,819 - xai.nshap_analysis - INFO - Instance 633: Predicted class 0
2025-01-27 05:45:05,819 - xai.nshap_analysis - INFO - Instance 634: Predicted class 1
2025-01-27 05:45:05,819 - xai.nshap_analysis - INFO - Instance 635: Predicted class 0
2025-01-27 05:45:05,819 - xai.nshap_analysis - INFO - Instance 636: Predicted class 1
2025-01-27 05:45:05,820 - xai.nshap_analysis - INFO - Instance 637: Predicted class 1
2025-01-27 05:45:05,824 - xai.nshap_analysis - INFO - Instance 638: Predicted class 3
2025-01-27 05:45:05,824 - xai.nshap_analysis - INFO - Instance 639: Predicted class 2
2025-01-27 05:45:29,521 - xai.nshap_analysis - INFO - Instance 640: Predicted class 0
2025-01-27 05:45:29,522 - xai.nshap_analysis - INFO - Instance 641: Predicted class 1
2025-01-27 05:45:29,522 - xai.nshap_analysis - INFO - Instance 642: Predicted class 0
2025-01-27 05:45:29,522 - xai.nshap_analysis - INFO - Instance 643: Predicted class 1
2025-01-27 05:45:29,523 - xai.nshap_analysis - INFO - Instance 644: Predicted class 1
2025-01-27 05:45:29,523 - xai.nshap_analysis - INFO - Instance 645: Predicted class 1
2025-01-27 05:45:29,524 - xai.nshap_analysis - INFO - Instance 646: Predicted class 0
2025-01-27 05:45:29,524 - xai.nshap_analysis - INFO - Instance 647: Predicted class 2
2025-01-27 05:45:29,524 - xai.nshap_analysis - INFO - Instance 648: Predicted class 1
2025-01-27 05:45:29,524 - xai.nshap_analysis - INFO - Instance 649: Predicted class 1
2025-01-27 05:45:29,525 - xai.nshap_analysis - INFO - Instance 650: Predicted class 1
2025-01-27 05:45:29,525 - xai.nshap_analysis - INFO - Instance 651: Predicted class 0
2025-01-27 05:45:29,525 - xai.nshap_analysis - INFO - Instance 652: Predicted class 1
2025-01-27 05:45:29,526 - xai.nshap_analysis - INFO - Instance 653: Predicted class 0
2025-01-27 05:45:29,530 - xai.nshap_analysis - INFO - Instance 654: Predicted class 0
2025-01-27 05:45:29,531 - xai.nshap_analysis - INFO - Instance 655: Predicted class 1
2025-01-27 05:45:29,531 - xai.nshap_analysis - INFO - Instance 656: Predicted class 3
2025-01-27 05:45:29,531 - xai.nshap_analysis - INFO - Instance 657: Predicted class 3
2025-01-27 05:45:29,532 - xai.nshap_analysis - INFO - Instance 658: Predicted class 2
2025-01-27 05:45:29,532 - xai.nshap_analysis - INFO - Instance 659: Predicted class 0
2025-01-27 05:45:53,087 - xai.nshap_analysis - INFO - Instance 660: Predicted class 1
2025-01-27 05:45:53,087 - xai.nshap_analysis - INFO - Instance 661: Predicted class 2
2025-01-27 05:45:53,088 - xai.nshap_analysis - INFO - Instance 662: Predicted class 0
2025-01-27 05:45:53,088 - xai.nshap_analysis - INFO - Instance 663: Predicted class 1
2025-01-27 05:45:53,088 - xai.nshap_analysis - INFO - Instance 664: Predicted class 1
2025-01-27 05:45:53,088 - xai.nshap_analysis - INFO - Instance 665: Predicted class 1
2025-01-27 05:45:53,089 - xai.nshap_analysis - INFO - Instance 666: Predicted class 0
2025-01-27 05:45:53,089 - xai.nshap_analysis - INFO - Instance 667: Predicted class 3
2025-01-27 05:45:53,089 - xai.nshap_analysis - INFO - Instance 668: Predicted class 1
2025-01-27 05:45:53,089 - xai.nshap_analysis - INFO - Instance 669: Predicted class 3
2025-01-27 05:45:53,089 - xai.nshap_analysis - INFO - Instance 670: Predicted class 2
2025-01-27 05:45:53,090 - xai.nshap_analysis - INFO - Instance 671: Predicted class 0
2025-01-27 05:45:53,090 - xai.nshap_analysis - INFO - Instance 672: Predicted class 2
2025-01-27 05:45:53,094 - xai.nshap_analysis - INFO - Instance 673: Predicted class 2
2025-01-27 05:45:53,094 - xai.nshap_analysis - INFO - Instance 674: Predicted class 1
2025-01-27 05:45:53,095 - xai.nshap_analysis - INFO - Instance 675: Predicted class 0
2025-01-27 05:45:53,095 - xai.nshap_analysis - INFO - Instance 676: Predicted class 0
2025-01-27 05:45:53,095 - xai.nshap_analysis - INFO - Instance 677: Predicted class 1
2025-01-27 05:45:53,095 - xai.nshap_analysis - INFO - Instance 678: Predicted class 1
2025-01-27 05:45:53,096 - xai.nshap_analysis - INFO - Instance 679: Predicted class 0
2025-01-27 05:46:16,635 - xai.nshap_analysis - INFO - Instance 680: Predicted class 3
2025-01-27 05:46:16,636 - xai.nshap_analysis - INFO - Instance 681: Predicted class 0
2025-01-27 05:46:16,636 - xai.nshap_analysis - INFO - Instance 682: Predicted class 0
2025-01-27 05:46:16,637 - xai.nshap_analysis - INFO - Instance 683: Predicted class 2
2025-01-27 05:46:16,637 - xai.nshap_analysis - INFO - Instance 684: Predicted class 0
2025-01-27 05:46:16,637 - xai.nshap_analysis - INFO - Instance 685: Predicted class 0
2025-01-27 05:46:16,637 - xai.nshap_analysis - INFO - Instance 686: Predicted class 0
2025-01-27 05:46:16,638 - xai.nshap_analysis - INFO - Instance 687: Predicted class 0
2025-01-27 05:46:16,638 - xai.nshap_analysis - INFO - Instance 688: Predicted class 0
2025-01-27 05:46:16,638 - xai.nshap_analysis - INFO - Instance 689: Predicted class 2
2025-01-27 05:46:16,638 - xai.nshap_analysis - INFO - Instance 690: Predicted class 1
2025-01-27 05:46:16,639 - xai.nshap_analysis - INFO - Instance 691: Predicted class 2
2025-01-27 05:46:16,639 - xai.nshap_analysis - INFO - Instance 692: Predicted class 0
2025-01-27 05:46:16,639 - xai.nshap_analysis - INFO - Instance 693: Predicted class 1
2025-01-27 05:46:16,639 - xai.nshap_analysis - INFO - Instance 694: Predicted class 2
2025-01-27 05:46:16,639 - xai.nshap_analysis - INFO - Instance 695: Predicted class 3
2025-01-27 05:46:16,640 - xai.nshap_analysis - INFO - Instance 696: Predicted class 3
2025-01-27 05:46:16,640 - xai.nshap_analysis - INFO - Instance 697: Predicted class 1
2025-01-27 05:46:16,640 - xai.nshap_analysis - INFO - Instance 698: Predicted class 1
2025-01-27 05:46:16,640 - xai.nshap_analysis - INFO - Instance 699: Predicted class 0
2025-01-27 05:46:40,666 - xai.nshap_analysis - INFO - Instance 700: Predicted class 2
2025-01-27 05:46:40,666 - xai.nshap_analysis - INFO - Instance 701: Predicted class 0
2025-01-27 05:46:40,666 - xai.nshap_analysis - INFO - Instance 702: Predicted class 3
2025-01-27 05:46:40,666 - xai.nshap_analysis - INFO - Instance 703: Predicted class 1
2025-01-27 05:46:40,668 - xai.nshap_analysis - INFO - Instance 704: Predicted class 1
2025-01-27 05:46:40,668 - xai.nshap_analysis - INFO - Instance 705: Predicted class 1
2025-01-27 05:46:40,668 - xai.nshap_analysis - INFO - Instance 706: Predicted class 2
2025-01-27 05:46:40,668 - xai.nshap_analysis - INFO - Instance 707: Predicted class 3
2025-01-27 05:46:40,668 - xai.nshap_analysis - INFO - Instance 708: Predicted class 0
2025-01-27 05:46:40,668 - xai.nshap_analysis - INFO - Instance 709: Predicted class 0
2025-01-27 05:46:40,668 - xai.nshap_analysis - INFO - Instance 710: Predicted class 3
2025-01-27 05:46:40,668 - xai.nshap_analysis - INFO - Instance 711: Predicted class 0
2025-01-27 05:46:40,670 - xai.nshap_analysis - INFO - Instance 712: Predicted class 0
2025-01-27 05:46:40,674 - xai.nshap_analysis - INFO - Instance 713: Predicted class 0
2025-01-27 05:46:40,674 - xai.nshap_analysis - INFO - Instance 714: Predicted class 0
2025-01-27 05:46:40,674 - xai.nshap_analysis - INFO - Instance 715: Predicted class 2
2025-01-27 05:46:40,674 - xai.nshap_analysis - INFO - Instance 716: Predicted class 0
2025-01-27 05:46:40,674 - xai.nshap_analysis - INFO - Instance 717: Predicted class 1
2025-01-27 05:46:40,674 - xai.nshap_analysis - INFO - Instance 718: Predicted class 1
2025-01-27 05:46:40,674 - xai.nshap_analysis - INFO - Instance 719: Predicted class 3
2025-01-27 05:47:04,283 - xai.nshap_analysis - INFO - Instance 720: Predicted class 0
2025-01-27 05:47:04,283 - xai.nshap_analysis - INFO - Instance 721: Predicted class 1
2025-01-27 05:47:04,284 - xai.nshap_analysis - INFO - Instance 722: Predicted class 1
2025-01-27 05:47:04,284 - xai.nshap_analysis - INFO - Instance 723: Predicted class 2
2025-01-27 05:47:04,284 - xai.nshap_analysis - INFO - Instance 724: Predicted class 1
2025-01-27 05:47:04,284 - xai.nshap_analysis - INFO - Instance 725: Predicted class 1
2025-01-27 05:47:04,285 - xai.nshap_analysis - INFO - Instance 726: Predicted class 0
2025-01-27 05:47:04,285 - xai.nshap_analysis - INFO - Instance 727: Predicted class 1
2025-01-27 05:47:04,285 - xai.nshap_analysis - INFO - Instance 728: Predicted class 0
2025-01-27 05:47:04,285 - xai.nshap_analysis - INFO - Instance 729: Predicted class 0
2025-01-27 05:47:04,285 - xai.nshap_analysis - INFO - Instance 730: Predicted class 1
2025-01-27 05:47:04,289 - xai.nshap_analysis - INFO - Instance 731: Predicted class 3
2025-01-27 05:47:04,290 - xai.nshap_analysis - INFO - Instance 732: Predicted class 2
2025-01-27 05:47:04,290 - xai.nshap_analysis - INFO - Instance 733: Predicted class 1
2025-01-27 05:47:04,291 - xai.nshap_analysis - INFO - Instance 734: Predicted class 2
2025-01-27 05:47:04,291 - xai.nshap_analysis - INFO - Instance 735: Predicted class 0
2025-01-27 05:47:04,291 - xai.nshap_analysis - INFO - Instance 736: Predicted class 1
2025-01-27 05:47:04,291 - xai.nshap_analysis - INFO - Instance 737: Predicted class 0
2025-01-27 05:47:04,291 - xai.nshap_analysis - INFO - Instance 738: Predicted class 1
2025-01-27 05:47:04,292 - xai.nshap_analysis - INFO - Instance 739: Predicted class 1
2025-01-27 05:47:28,038 - xai.nshap_analysis - INFO - Instance 740: Predicted class 0
2025-01-27 05:47:28,039 - xai.nshap_analysis - INFO - Instance 741: Predicted class 1
2025-01-27 05:47:28,040 - xai.nshap_analysis - INFO - Instance 742: Predicted class 3
2025-01-27 05:47:28,040 - xai.nshap_analysis - INFO - Instance 743: Predicted class 0
2025-01-27 05:47:28,040 - xai.nshap_analysis - INFO - Instance 744: Predicted class 0
2025-01-27 05:47:28,040 - xai.nshap_analysis - INFO - Instance 745: Predicted class 1
2025-01-27 05:47:28,040 - xai.nshap_analysis - INFO - Instance 746: Predicted class 0
2025-01-27 05:47:28,041 - xai.nshap_analysis - INFO - Instance 747: Predicted class 1
2025-01-27 05:47:28,041 - xai.nshap_analysis - INFO - Instance 748: Predicted class 1
2025-01-27 05:47:28,041 - xai.nshap_analysis - INFO - Instance 749: Predicted class 1
2025-01-27 05:47:28,041 - xai.nshap_analysis - INFO - Instance 750: Predicted class 0
2025-01-27 05:47:28,045 - xai.nshap_analysis - INFO - Instance 751: Predicted class 0
2025-01-27 05:47:28,046 - xai.nshap_analysis - INFO - Instance 752: Predicted class 0
2025-01-27 05:47:28,046 - xai.nshap_analysis - INFO - Instance 753: Predicted class 2
2025-01-27 05:47:28,046 - xai.nshap_analysis - INFO - Instance 754: Predicted class 3
2025-01-27 05:47:28,047 - xai.nshap_analysis - INFO - Instance 755: Predicted class 0
2025-01-27 05:47:28,047 - xai.nshap_analysis - INFO - Instance 756: Predicted class 0
2025-01-27 05:47:28,047 - xai.nshap_analysis - INFO - Instance 757: Predicted class 0
2025-01-27 05:47:28,047 - xai.nshap_analysis - INFO - Instance 758: Predicted class 0
2025-01-27 05:47:28,048 - xai.nshap_analysis - INFO - Instance 759: Predicted class 3
2025-01-27 05:47:52,020 - xai.nshap_analysis - INFO - Instance 760: Predicted class 1
2025-01-27 05:47:52,021 - xai.nshap_analysis - INFO - Instance 761: Predicted class 0
2025-01-27 05:47:52,021 - xai.nshap_analysis - INFO - Instance 762: Predicted class 3
2025-01-27 05:47:52,022 - xai.nshap_analysis - INFO - Instance 763: Predicted class 1
2025-01-27 05:47:52,022 - xai.nshap_analysis - INFO - Instance 764: Predicted class 1
2025-01-27 05:47:52,022 - xai.nshap_analysis - INFO - Instance 765: Predicted class 2
2025-01-27 05:47:52,022 - xai.nshap_analysis - INFO - Instance 766: Predicted class 2
2025-01-27 05:47:52,023 - xai.nshap_analysis - INFO - Instance 767: Predicted class 1
2025-01-27 05:47:52,023 - xai.nshap_analysis - INFO - Instance 768: Predicted class 3
2025-01-27 05:47:52,023 - xai.nshap_analysis - INFO - Instance 769: Predicted class 0
2025-01-27 05:47:52,023 - xai.nshap_analysis - INFO - Instance 770: Predicted class 1
2025-01-27 05:47:52,027 - xai.nshap_analysis - INFO - Instance 771: Predicted class 0
2025-01-27 05:47:52,028 - xai.nshap_analysis - INFO - Instance 772: Predicted class 3
2025-01-27 05:47:52,028 - xai.nshap_analysis - INFO - Instance 773: Predicted class 1
2025-01-27 05:47:52,029 - xai.nshap_analysis - INFO - Instance 774: Predicted class 1
2025-01-27 05:47:52,029 - xai.nshap_analysis - INFO - Instance 775: Predicted class 1
2025-01-27 05:47:52,029 - xai.nshap_analysis - INFO - Instance 776: Predicted class 1
2025-01-27 05:47:52,029 - xai.nshap_analysis - INFO - Instance 777: Predicted class 2
2025-01-27 05:47:52,029 - xai.nshap_analysis - INFO - Instance 778: Predicted class 1
2025-01-27 05:47:52,030 - xai.nshap_analysis - INFO - Instance 779: Predicted class 1
2025-01-27 05:48:15,825 - xai.nshap_analysis - INFO - Instance 780: Predicted class 3
2025-01-27 05:48:15,826 - xai.nshap_analysis - INFO - Instance 781: Predicted class 0
2025-01-27 05:48:15,826 - xai.nshap_analysis - INFO - Instance 782: Predicted class 1
2025-01-27 05:48:15,827 - xai.nshap_analysis - INFO - Instance 783: Predicted class 1
2025-01-27 05:48:15,827 - xai.nshap_analysis - INFO - Instance 784: Predicted class 3
2025-01-27 05:48:15,827 - xai.nshap_analysis - INFO - Instance 785: Predicted class 3
2025-01-27 05:48:56,170 - xai.nshap_analysis - INFO - Computing faith banzhaf values
2025-01-27 05:48:56,172 - xai.nshap_analysis - INFO - Instance 0: Predicted class 0
2025-01-27 05:48:56,172 - xai.nshap_analysis - INFO - Instance 1: Predicted class 3
2025-01-27 05:48:56,172 - xai.nshap_analysis - INFO - Instance 2: Predicted class 0
2025-01-27 05:48:56,174 - xai.nshap_analysis - INFO - Instance 3: Predicted class 2
2025-01-27 05:48:56,174 - xai.nshap_analysis - INFO - Instance 4: Predicted class 0
2025-01-27 05:48:56,174 - xai.nshap_analysis - INFO - Instance 5: Predicted class 0
2025-01-27 05:48:56,174 - xai.nshap_analysis - INFO - Instance 6: Predicted class 3
2025-01-27 05:48:56,174 - xai.nshap_analysis - INFO - Instance 7: Predicted class 0
2025-01-27 05:48:56,174 - xai.nshap_analysis - INFO - Instance 8: Predicted class 1
2025-01-27 05:48:56,174 - xai.nshap_analysis - INFO - Instance 9: Predicted class 2
2025-01-27 05:48:56,175 - xai.nshap_analysis - INFO - Instance 10: Predicted class 3
2025-01-27 05:48:56,175 - xai.nshap_analysis - INFO - Instance 11: Predicted class 1
2025-01-27 05:48:56,175 - xai.nshap_analysis - INFO - Instance 12: Predicted class 2
2025-01-27 05:48:56,175 - xai.nshap_analysis - INFO - Instance 13: Predicted class 0
2025-01-27 05:48:56,175 - xai.nshap_analysis - INFO - Instance 14: Predicted class 0
2025-01-27 05:48:56,176 - xai.nshap_analysis - INFO - Instance 15: Predicted class 0
2025-01-27 05:48:56,176 - xai.nshap_analysis - INFO - Instance 16: Predicted class 0
2025-01-27 05:48:56,176 - xai.nshap_analysis - INFO - Instance 17: Predicted class 3
2025-01-27 05:48:56,176 - xai.nshap_analysis - INFO - Instance 18: Predicted class 2
2025-01-27 05:48:56,176 - xai.nshap_analysis - INFO - Instance 19: Predicted class 0
2025-01-27 05:48:56,178 - xai.nshap_analysis - INFO - Instance 20: Predicted class 1
2025-01-27 05:48:56,178 - xai.nshap_analysis - INFO - Instance 21: Predicted class 2
2025-01-27 05:48:56,179 - xai.nshap_analysis - INFO - Instance 22: Predicted class 0
2025-01-27 05:48:56,179 - xai.nshap_analysis - INFO - Instance 23: Predicted class 0
2025-01-27 05:48:56,180 - xai.nshap_analysis - INFO - Instance 24: Predicted class 3
2025-01-27 05:48:56,180 - xai.nshap_analysis - INFO - Instance 25: Predicted class 1
2025-01-27 05:48:56,181 - xai.nshap_analysis - INFO - Instance 26: Predicted class 1
2025-01-27 05:48:56,181 - xai.nshap_analysis - INFO - Instance 27: Predicted class 2
2025-01-27 05:48:56,181 - xai.nshap_analysis - INFO - Instance 28: Predicted class 3
2025-01-27 05:48:56,182 - xai.nshap_analysis - INFO - Instance 29: Predicted class 3
2025-01-27 05:48:56,182 - xai.nshap_analysis - INFO - Instance 30: Predicted class 2
2025-01-27 05:48:56,186 - xai.nshap_analysis - INFO - Instance 31: Predicted class 3
2025-01-27 05:48:56,194 - xai.nshap_analysis - INFO - Instance 32: Predicted class 3
2025-01-27 05:48:56,195 - xai.nshap_analysis - INFO - Instance 33: Predicted class 1
2025-01-27 05:48:56,198 - xai.nshap_analysis - INFO - Instance 34: Predicted class 1
2025-01-27 05:48:56,198 - xai.nshap_analysis - INFO - Instance 35: Predicted class 3
2025-01-27 05:48:56,199 - xai.nshap_analysis - INFO - Instance 36: Predicted class 2
2025-01-27 05:48:56,199 - xai.nshap_analysis - INFO - Instance 37: Predicted class 1
2025-01-27 05:48:56,199 - xai.nshap_analysis - INFO - Instance 38: Predicted class 1
2025-01-27 05:48:56,200 - xai.nshap_analysis - INFO - Instance 39: Predicted class 2
2025-01-27 05:49:13,673 - xai.nshap_analysis - INFO - Instance 40: Predicted class 1
2025-01-27 05:49:13,674 - xai.nshap_analysis - INFO - Instance 41: Predicted class 2
2025-01-27 05:49:13,674 - xai.nshap_analysis - INFO - Instance 42: Predicted class 2
2025-01-27 05:49:13,674 - xai.nshap_analysis - INFO - Instance 43: Predicted class 2
2025-01-27 05:49:13,674 - xai.nshap_analysis - INFO - Instance 44: Predicted class 0
2025-01-27 05:49:13,675 - xai.nshap_analysis - INFO - Instance 45: Predicted class 0
2025-01-27 05:49:13,675 - xai.nshap_analysis - INFO - Instance 46: Predicted class 1
2025-01-27 05:49:13,675 - xai.nshap_analysis - INFO - Instance 47: Predicted class 1
2025-01-27 05:49:13,675 - xai.nshap_analysis - INFO - Instance 48: Predicted class 3
2025-01-27 05:49:13,676 - xai.nshap_analysis - INFO - Instance 49: Predicted class 0
2025-01-27 05:49:13,676 - xai.nshap_analysis - INFO - Instance 50: Predicted class 3
2025-01-27 05:49:13,676 - xai.nshap_analysis - INFO - Instance 51: Predicted class 0
2025-01-27 05:49:13,676 - xai.nshap_analysis - INFO - Instance 52: Predicted class 2
2025-01-27 05:49:13,676 - xai.nshap_analysis - INFO - Instance 53: Predicted class 0
2025-01-27 05:49:13,677 - xai.nshap_analysis - INFO - Instance 54: Predicted class 1
2025-01-27 05:49:13,677 - xai.nshap_analysis - INFO - Instance 55: Predicted class 2
2025-01-27 05:49:13,681 - xai.nshap_analysis - INFO - Instance 56: Predicted class 0
2025-01-27 05:49:13,682 - xai.nshap_analysis - INFO - Instance 57: Predicted class 1
2025-01-27 05:49:13,682 - xai.nshap_analysis - INFO - Instance 58: Predicted class 0
2025-01-27 05:49:13,682 - xai.nshap_analysis - INFO - Instance 59: Predicted class 2
2025-01-27 05:49:37,351 - xai.nshap_analysis - INFO - Instance 60: Predicted class 3
2025-01-27 05:49:37,351 - xai.nshap_analysis - INFO - Instance 61: Predicted class 0
2025-01-27 05:49:37,352 - xai.nshap_analysis - INFO - Instance 62: Predicted class 2
2025-01-27 05:49:37,352 - xai.nshap_analysis - INFO - Instance 63: Predicted class 2
2025-01-27 05:49:37,352 - xai.nshap_analysis - INFO - Instance 64: Predicted class 1
2025-01-27 05:49:37,353 - xai.nshap_analysis - INFO - Instance 65: Predicted class 1
2025-01-27 05:49:37,353 - xai.nshap_analysis - INFO - Instance 66: Predicted class 1
2025-01-27 05:49:37,353 - xai.nshap_analysis - INFO - Instance 67: Predicted class 3
2025-01-27 05:49:37,353 - xai.nshap_analysis - INFO - Instance 68: Predicted class 0
2025-01-27 05:49:37,353 - xai.nshap_analysis - INFO - Instance 69: Predicted class 2
2025-01-27 05:49:37,354 - xai.nshap_analysis - INFO - Instance 70: Predicted class 0
2025-01-27 05:49:37,354 - xai.nshap_analysis - INFO - Instance 71: Predicted class 1
2025-01-27 05:49:37,358 - xai.nshap_analysis - INFO - Instance 72: Predicted class 0
2025-01-27 05:49:37,358 - xai.nshap_analysis - INFO - Instance 73: Predicted class 3
2025-01-27 05:49:37,359 - xai.nshap_analysis - INFO - Instance 74: Predicted class 1
2025-01-27 05:49:37,359 - xai.nshap_analysis - INFO - Instance 75: Predicted class 1
2025-01-27 05:49:37,359 - xai.nshap_analysis - INFO - Instance 76: Predicted class 1
2025-01-27 05:49:37,359 - xai.nshap_analysis - INFO - Instance 77: Predicted class 3
2025-01-27 05:49:37,360 - xai.nshap_analysis - INFO - Instance 78: Predicted class 0
2025-01-27 05:49:37,360 - xai.nshap_analysis - INFO - Instance 79: Predicted class 0
2025-01-27 05:50:01,183 - xai.nshap_analysis - INFO - Instance 80: Predicted class 3
2025-01-27 05:50:01,184 - xai.nshap_analysis - INFO - Instance 81: Predicted class 0
2025-01-27 05:50:01,184 - xai.nshap_analysis - INFO - Instance 82: Predicted class 3
2025-01-27 05:50:01,185 - xai.nshap_analysis - INFO - Instance 83: Predicted class 0
2025-01-27 05:50:01,185 - xai.nshap_analysis - INFO - Instance 84: Predicted class 0
2025-01-27 05:50:01,185 - xai.nshap_analysis - INFO - Instance 85: Predicted class 0
2025-01-27 05:50:01,185 - xai.nshap_analysis - INFO - Instance 86: Predicted class 0
2025-01-27 05:50:01,186 - xai.nshap_analysis - INFO - Instance 87: Predicted class 0
2025-01-27 05:50:01,186 - xai.nshap_analysis - INFO - Instance 88: Predicted class 0
2025-01-27 05:50:01,186 - xai.nshap_analysis - INFO - Instance 89: Predicted class 3
2025-01-27 05:50:01,186 - xai.nshap_analysis - INFO - Instance 90: Predicted class 2
2025-01-27 05:50:01,186 - xai.nshap_analysis - INFO - Instance 91: Predicted class 0
2025-01-27 05:50:01,187 - xai.nshap_analysis - INFO - Instance 92: Predicted class 1
2025-01-27 05:50:01,187 - xai.nshap_analysis - INFO - Instance 93: Predicted class 0
2025-01-27 05:50:01,191 - xai.nshap_analysis - INFO - Instance 94: Predicted class 0
2025-01-27 05:50:01,191 - xai.nshap_analysis - INFO - Instance 95: Predicted class 1
2025-01-27 05:50:01,192 - xai.nshap_analysis - INFO - Instance 96: Predicted class 3
2025-01-27 05:50:01,192 - xai.nshap_analysis - INFO - Instance 97: Predicted class 1
2025-01-27 05:50:01,192 - xai.nshap_analysis - INFO - Instance 98: Predicted class 0
2025-01-27 05:50:01,193 - xai.nshap_analysis - INFO - Instance 99: Predicted class 1
2025-01-27 05:50:25,413 - xai.nshap_analysis - INFO - Instance 100: Predicted class 0
2025-01-27 05:50:25,413 - xai.nshap_analysis - INFO - Instance 101: Predicted class 1
2025-01-27 05:50:25,414 - xai.nshap_analysis - INFO - Instance 102: Predicted class 1
2025-01-27 05:50:25,414 - xai.nshap_analysis - INFO - Instance 103: Predicted class 1
2025-01-27 05:50:25,414 - xai.nshap_analysis - INFO - Instance 104: Predicted class 0
2025-01-27 05:50:25,414 - xai.nshap_analysis - INFO - Instance 105: Predicted class 0
2025-01-27 05:50:25,415 - xai.nshap_analysis - INFO - Instance 106: Predicted class 0
2025-01-27 05:50:25,415 - xai.nshap_analysis - INFO - Instance 107: Predicted class 3
2025-01-27 05:50:25,415 - xai.nshap_analysis - INFO - Instance 108: Predicted class 0
2025-01-27 05:50:25,415 - xai.nshap_analysis - INFO - Instance 109: Predicted class 1
2025-01-27 05:50:25,416 - xai.nshap_analysis - INFO - Instance 110: Predicted class 0
2025-01-27 05:50:25,416 - xai.nshap_analysis - INFO - Instance 111: Predicted class 2
2025-01-27 05:50:25,416 - xai.nshap_analysis - INFO - Instance 112: Predicted class 0
2025-01-27 05:50:25,416 - xai.nshap_analysis - INFO - Instance 113: Predicted class 0
2025-01-27 05:50:25,420 - xai.nshap_analysis - INFO - Instance 114: Predicted class 0
2025-01-27 05:50:25,421 - xai.nshap_analysis - INFO - Instance 115: Predicted class 0
2025-01-27 05:50:25,421 - xai.nshap_analysis - INFO - Instance 116: Predicted class 0
2025-01-27 05:50:25,422 - xai.nshap_analysis - INFO - Instance 117: Predicted class 3
2025-01-27 05:50:25,422 - xai.nshap_analysis - INFO - Instance 118: Predicted class 0
2025-01-27 05:50:25,422 - xai.nshap_analysis - INFO - Instance 119: Predicted class 1
2025-01-27 05:50:49,648 - xai.nshap_analysis - INFO - Instance 120: Predicted class 0
2025-01-27 05:50:49,649 - xai.nshap_analysis - INFO - Instance 121: Predicted class 2
2025-01-27 05:50:49,649 - xai.nshap_analysis - INFO - Instance 122: Predicted class 3
2025-01-27 05:50:49,649 - xai.nshap_analysis - INFO - Instance 123: Predicted class 0
2025-01-27 05:50:49,650 - xai.nshap_analysis - INFO - Instance 124: Predicted class 0
2025-01-27 05:50:49,650 - xai.nshap_analysis - INFO - Instance 125: Predicted class 1
2025-01-27 05:50:49,650 - xai.nshap_analysis - INFO - Instance 126: Predicted class 0
2025-01-27 05:50:49,650 - xai.nshap_analysis - INFO - Instance 127: Predicted class 0
2025-01-27 05:50:49,651 - xai.nshap_analysis - INFO - Instance 128: Predicted class 2
2025-01-27 05:50:49,651 - xai.nshap_analysis - INFO - Instance 129: Predicted class 2
2025-01-27 05:50:49,651 - xai.nshap_analysis - INFO - Instance 130: Predicted class 1
2025-01-27 05:50:49,651 - xai.nshap_analysis - INFO - Instance 131: Predicted class 2
2025-01-27 05:50:49,652 - xai.nshap_analysis - INFO - Instance 132: Predicted class 1
2025-01-27 05:50:49,652 - xai.nshap_analysis - INFO - Instance 133: Predicted class 1
2025-01-27 05:50:49,652 - xai.nshap_analysis - INFO - Instance 134: Predicted class 0
2025-01-27 05:50:49,652 - xai.nshap_analysis - INFO - Instance 135: Predicted class 0
2025-01-27 05:50:49,652 - xai.nshap_analysis - INFO - Instance 136: Predicted class 1
2025-01-27 05:50:49,653 - xai.nshap_analysis - INFO - Instance 137: Predicted class 1
2025-01-27 05:50:49,653 - xai.nshap_analysis - INFO - Instance 138: Predicted class 1
2025-01-27 05:50:49,653 - xai.nshap_analysis - INFO - Instance 139: Predicted class 1
2025-01-27 05:51:13,469 - xai.nshap_analysis - INFO - Instance 140: Predicted class 3
2025-01-27 05:51:13,469 - xai.nshap_analysis - INFO - Instance 141: Predicted class 3
2025-01-27 05:51:13,470 - xai.nshap_analysis - INFO - Instance 142: Predicted class 3
2025-01-27 05:51:13,470 - xai.nshap_analysis - INFO - Instance 143: Predicted class 1
2025-01-27 05:51:13,470 - xai.nshap_analysis - INFO - Instance 144: Predicted class 0
2025-01-27 05:51:13,470 - xai.nshap_analysis - INFO - Instance 145: Predicted class 2
2025-01-27 05:51:13,471 - xai.nshap_analysis - INFO - Instance 146: Predicted class 0
2025-01-27 05:51:13,471 - xai.nshap_analysis - INFO - Instance 147: Predicted class 1
2025-01-27 05:51:13,471 - xai.nshap_analysis - INFO - Instance 148: Predicted class 0
2025-01-27 05:51:13,471 - xai.nshap_analysis - INFO - Instance 149: Predicted class 2
2025-01-27 05:51:13,471 - xai.nshap_analysis - INFO - Instance 150: Predicted class 1
2025-01-27 05:51:13,475 - xai.nshap_analysis - INFO - Instance 151: Predicted class 3
2025-01-27 05:51:13,476 - xai.nshap_analysis - INFO - Instance 152: Predicted class 3
2025-01-27 05:51:13,476 - xai.nshap_analysis - INFO - Instance 153: Predicted class 1
2025-01-27 05:51:13,477 - xai.nshap_analysis - INFO - Instance 154: Predicted class 1
2025-01-27 05:51:13,477 - xai.nshap_analysis - INFO - Instance 155: Predicted class 3
2025-01-27 05:51:13,477 - xai.nshap_analysis - INFO - Instance 156: Predicted class 2
2025-01-27 05:51:13,477 - xai.nshap_analysis - INFO - Instance 157: Predicted class 1
2025-01-27 05:51:13,477 - xai.nshap_analysis - INFO - Instance 158: Predicted class 0
2025-01-27 05:51:13,478 - xai.nshap_analysis - INFO - Instance 159: Predicted class 2
2025-01-27 05:51:37,119 - xai.nshap_analysis - INFO - Instance 160: Predicted class 0
2025-01-27 05:51:37,120 - xai.nshap_analysis - INFO - Instance 161: Predicted class 1
2025-01-27 05:51:37,120 - xai.nshap_analysis - INFO - Instance 162: Predicted class 0
2025-01-27 05:51:37,120 - xai.nshap_analysis - INFO - Instance 163: Predicted class 0
2025-01-27 05:51:37,120 - xai.nshap_analysis - INFO - Instance 164: Predicted class 2
2025-01-27 05:51:37,121 - xai.nshap_analysis - INFO - Instance 165: Predicted class 1
2025-01-27 05:51:37,121 - xai.nshap_analysis - INFO - Instance 166: Predicted class 1
2025-01-27 05:51:37,121 - xai.nshap_analysis - INFO - Instance 167: Predicted class 1
2025-01-27 05:51:37,121 - xai.nshap_analysis - INFO - Instance 168: Predicted class 2
2025-01-27 05:51:37,122 - xai.nshap_analysis - INFO - Instance 169: Predicted class 1
2025-01-27 05:51:37,122 - xai.nshap_analysis - INFO - Instance 170: Predicted class 1
2025-01-27 05:51:37,122 - xai.nshap_analysis - INFO - Instance 171: Predicted class 1
2025-01-27 05:51:37,122 - xai.nshap_analysis - INFO - Instance 172: Predicted class 2
2025-01-27 05:51:37,126 - xai.nshap_analysis - INFO - Instance 173: Predicted class 2
2025-01-27 05:51:37,127 - xai.nshap_analysis - INFO - Instance 174: Predicted class 1
2025-01-27 05:51:37,127 - xai.nshap_analysis - INFO - Instance 175: Predicted class 1
2025-01-27 05:51:37,127 - xai.nshap_analysis - INFO - Instance 176: Predicted class 0
2025-01-27 05:51:37,128 - xai.nshap_analysis - INFO - Instance 177: Predicted class 1
2025-01-27 05:51:37,128 - xai.nshap_analysis - INFO - Instance 178: Predicted class 0
2025-01-27 05:51:37,128 - xai.nshap_analysis - INFO - Instance 179: Predicted class 2
2025-01-27 05:52:00,973 - xai.nshap_analysis - INFO - Instance 180: Predicted class 1
2025-01-27 05:52:00,974 - xai.nshap_analysis - INFO - Instance 181: Predicted class 1
2025-01-27 05:52:00,974 - xai.nshap_analysis - INFO - Instance 182: Predicted class 3
2025-01-27 05:52:00,975 - xai.nshap_analysis - INFO - Instance 183: Predicted class 2
2025-01-27 05:52:00,975 - xai.nshap_analysis - INFO - Instance 184: Predicted class 1
2025-01-27 05:52:00,975 - xai.nshap_analysis - INFO - Instance 185: Predicted class 1
2025-01-27 05:52:00,975 - xai.nshap_analysis - INFO - Instance 186: Predicted class 2
2025-01-27 05:52:00,975 - xai.nshap_analysis - INFO - Instance 187: Predicted class 0
2025-01-27 05:52:00,976 - xai.nshap_analysis - INFO - Instance 188: Predicted class 1
2025-01-27 05:52:00,976 - xai.nshap_analysis - INFO - Instance 189: Predicted class 0
2025-01-27 05:52:00,976 - xai.nshap_analysis - INFO - Instance 190: Predicted class 1
2025-01-27 05:52:00,976 - xai.nshap_analysis - INFO - Instance 191: Predicted class 3
2025-01-27 05:52:00,977 - xai.nshap_analysis - INFO - Instance 192: Predicted class 1
2025-01-27 05:52:00,977 - xai.nshap_analysis - INFO - Instance 193: Predicted class 3
2025-01-27 05:52:00,977 - xai.nshap_analysis - INFO - Instance 194: Predicted class 0
2025-01-27 05:52:00,981 - xai.nshap_analysis - INFO - Instance 195: Predicted class 3
2025-01-27 05:52:00,982 - xai.nshap_analysis - INFO - Instance 196: Predicted class 0
2025-01-27 05:52:00,982 - xai.nshap_analysis - INFO - Instance 197: Predicted class 1
2025-01-27 05:52:00,982 - xai.nshap_analysis - INFO - Instance 198: Predicted class 2
2025-01-27 05:52:00,982 - xai.nshap_analysis - INFO - Instance 199: Predicted class 2
2025-01-27 05:52:24,458 - xai.nshap_analysis - INFO - Instance 200: Predicted class 3
2025-01-27 05:52:24,459 - xai.nshap_analysis - INFO - Instance 201: Predicted class 1
2025-01-27 05:52:24,459 - xai.nshap_analysis - INFO - Instance 202: Predicted class 1
2025-01-27 05:52:24,459 - xai.nshap_analysis - INFO - Instance 203: Predicted class 1
2025-01-27 05:52:24,459 - xai.nshap_analysis - INFO - Instance 204: Predicted class 1
2025-01-27 05:52:24,460 - xai.nshap_analysis - INFO - Instance 205: Predicted class 1
2025-01-27 05:52:24,460 - xai.nshap_analysis - INFO - Instance 206: Predicted class 1
2025-01-27 05:52:24,460 - xai.nshap_analysis - INFO - Instance 207: Predicted class 3
2025-01-27 05:52:24,461 - xai.nshap_analysis - INFO - Instance 208: Predicted class 1
2025-01-27 05:52:24,461 - xai.nshap_analysis - INFO - Instance 209: Predicted class 2
2025-01-27 05:52:24,461 - xai.nshap_analysis - INFO - Instance 210: Predicted class 0
2025-01-27 05:52:24,465 - xai.nshap_analysis - INFO - Instance 211: Predicted class 3
2025-01-27 05:52:24,466 - xai.nshap_analysis - INFO - Instance 212: Predicted class 2
2025-01-27 05:52:24,466 - xai.nshap_analysis - INFO - Instance 213: Predicted class 1
2025-01-27 05:52:24,466 - xai.nshap_analysis - INFO - Instance 214: Predicted class 2
2025-01-27 05:52:24,466 - xai.nshap_analysis - INFO - Instance 215: Predicted class 2
2025-01-27 05:52:24,467 - xai.nshap_analysis - INFO - Instance 216: Predicted class 2
2025-01-27 05:52:24,467 - xai.nshap_analysis - INFO - Instance 217: Predicted class 1
2025-01-27 05:52:24,467 - xai.nshap_analysis - INFO - Instance 218: Predicted class 1
2025-01-27 05:52:24,467 - xai.nshap_analysis - INFO - Instance 219: Predicted class 2
2025-01-27 05:52:48,064 - xai.nshap_analysis - INFO - Instance 220: Predicted class 1
2025-01-27 05:52:48,064 - xai.nshap_analysis - INFO - Instance 221: Predicted class 3
2025-01-27 05:52:48,065 - xai.nshap_analysis - INFO - Instance 222: Predicted class 3
2025-01-27 05:52:48,065 - xai.nshap_analysis - INFO - Instance 223: Predicted class 0
2025-01-27 05:52:48,065 - xai.nshap_analysis - INFO - Instance 224: Predicted class 3
2025-01-27 05:52:48,066 - xai.nshap_analysis - INFO - Instance 225: Predicted class 2
2025-01-27 05:52:48,066 - xai.nshap_analysis - INFO - Instance 226: Predicted class 2
2025-01-27 05:52:48,066 - xai.nshap_analysis - INFO - Instance 227: Predicted class 1
2025-01-27 05:52:48,066 - xai.nshap_analysis - INFO - Instance 228: Predicted class 0
2025-01-27 05:52:48,066 - xai.nshap_analysis - INFO - Instance 229: Predicted class 3
2025-01-27 05:52:48,067 - xai.nshap_analysis - INFO - Instance 230: Predicted class 2
2025-01-27 05:52:48,067 - xai.nshap_analysis - INFO - Instance 231: Predicted class 3
2025-01-27 05:52:48,067 - xai.nshap_analysis - INFO - Instance 232: Predicted class 3
2025-01-27 05:52:48,067 - xai.nshap_analysis - INFO - Instance 233: Predicted class 0
2025-01-27 05:52:48,067 - xai.nshap_analysis - INFO - Instance 234: Predicted class 0
2025-01-27 05:52:48,068 - xai.nshap_analysis - INFO - Instance 235: Predicted class 0
2025-01-27 05:52:48,068 - xai.nshap_analysis - INFO - Instance 236: Predicted class 1
2025-01-27 05:52:48,072 - xai.nshap_analysis - INFO - Instance 237: Predicted class 3
2025-01-27 05:52:48,072 - xai.nshap_analysis - INFO - Instance 238: Predicted class 1
2025-01-27 05:52:48,072 - xai.nshap_analysis - INFO - Instance 239: Predicted class 3
2025-01-27 05:53:11,961 - xai.nshap_analysis - INFO - Instance 240: Predicted class 2
2025-01-27 05:53:11,962 - xai.nshap_analysis - INFO - Instance 241: Predicted class 1
2025-01-27 05:53:11,962 - xai.nshap_analysis - INFO - Instance 242: Predicted class 0
2025-01-27 05:53:11,962 - xai.nshap_analysis - INFO - Instance 243: Predicted class 2
2025-01-27 05:53:11,963 - xai.nshap_analysis - INFO - Instance 244: Predicted class 1
2025-01-27 05:53:11,963 - xai.nshap_analysis - INFO - Instance 245: Predicted class 0
2025-01-27 05:53:11,963 - xai.nshap_analysis - INFO - Instance 246: Predicted class 2
2025-01-27 05:53:11,964 - xai.nshap_analysis - INFO - Instance 247: Predicted class 1
2025-01-27 05:53:11,964 - xai.nshap_analysis - INFO - Instance 248: Predicted class 3
2025-01-27 05:53:11,964 - xai.nshap_analysis - INFO - Instance 249: Predicted class 2
2025-01-27 05:53:11,965 - xai.nshap_analysis - INFO - Instance 250: Predicted class 2
2025-01-27 05:53:11,965 - xai.nshap_analysis - INFO - Instance 251: Predicted class 1
2025-01-27 05:53:11,969 - xai.nshap_analysis - INFO - Instance 252: Predicted class 1
2025-01-27 05:53:11,970 - xai.nshap_analysis - INFO - Instance 253: Predicted class 0
2025-01-27 05:53:11,970 - xai.nshap_analysis - INFO - Instance 254: Predicted class 3
2025-01-27 05:53:11,970 - xai.nshap_analysis - INFO - Instance 255: Predicted class 0
2025-01-27 05:53:11,970 - xai.nshap_analysis - INFO - Instance 256: Predicted class 3
2025-01-27 05:53:11,971 - xai.nshap_analysis - INFO - Instance 257: Predicted class 0
2025-01-27 05:53:11,971 - xai.nshap_analysis - INFO - Instance 258: Predicted class 0
2025-01-27 05:53:11,971 - xai.nshap_analysis - INFO - Instance 259: Predicted class 0
2025-01-27 05:53:36,030 - xai.nshap_analysis - INFO - Instance 260: Predicted class 1
2025-01-27 05:53:36,031 - xai.nshap_analysis - INFO - Instance 261: Predicted class 3
2025-01-27 05:53:36,031 - xai.nshap_analysis - INFO - Instance 262: Predicted class 0
2025-01-27 05:53:36,031 - xai.nshap_analysis - INFO - Instance 263: Predicted class 2
2025-01-27 05:53:36,032 - xai.nshap_analysis - INFO - Instance 264: Predicted class 0
2025-01-27 05:53:36,032 - xai.nshap_analysis - INFO - Instance 265: Predicted class 1
2025-01-27 05:53:36,032 - xai.nshap_analysis - INFO - Instance 266: Predicted class 1
2025-01-27 05:53:36,032 - xai.nshap_analysis - INFO - Instance 267: Predicted class 2
2025-01-27 05:53:36,032 - xai.nshap_analysis - INFO - Instance 268: Predicted class 1
2025-01-27 05:53:36,033 - xai.nshap_analysis - INFO - Instance 269: Predicted class 0
2025-01-27 05:53:36,033 - xai.nshap_analysis - INFO - Instance 270: Predicted class 0
2025-01-27 05:53:36,033 - xai.nshap_analysis - INFO - Instance 271: Predicted class 3
2025-01-27 05:53:36,033 - xai.nshap_analysis - INFO - Instance 272: Predicted class 2
2025-01-27 05:53:36,037 - xai.nshap_analysis - INFO - Instance 273: Predicted class 0
2025-01-27 05:53:36,038 - xai.nshap_analysis - INFO - Instance 274: Predicted class 0
2025-01-27 05:53:36,038 - xai.nshap_analysis - INFO - Instance 275: Predicted class 1
2025-01-27 05:53:36,038 - xai.nshap_analysis - INFO - Instance 276: Predicted class 0
2025-01-27 05:53:36,039 - xai.nshap_analysis - INFO - Instance 277: Predicted class 0
2025-01-27 05:53:36,039 - xai.nshap_analysis - INFO - Instance 278: Predicted class 3
2025-01-27 05:53:36,039 - xai.nshap_analysis - INFO - Instance 279: Predicted class 1
2025-01-27 05:53:59,426 - xai.nshap_analysis - INFO - Instance 280: Predicted class 1
2025-01-27 05:53:59,427 - xai.nshap_analysis - INFO - Instance 281: Predicted class 3
2025-01-27 05:53:59,427 - xai.nshap_analysis - INFO - Instance 282: Predicted class 0
2025-01-27 05:53:59,428 - xai.nshap_analysis - INFO - Instance 283: Predicted class 1
2025-01-27 05:53:59,428 - xai.nshap_analysis - INFO - Instance 284: Predicted class 3
2025-01-27 05:53:59,428 - xai.nshap_analysis - INFO - Instance 285: Predicted class 1
2025-01-27 05:53:59,428 - xai.nshap_analysis - INFO - Instance 286: Predicted class 2
2025-01-27 05:53:59,429 - xai.nshap_analysis - INFO - Instance 287: Predicted class 2
2025-01-27 05:53:59,429 - xai.nshap_analysis - INFO - Instance 288: Predicted class 0
2025-01-27 05:53:59,429 - xai.nshap_analysis - INFO - Instance 289: Predicted class 1
2025-01-27 05:53:59,429 - xai.nshap_analysis - INFO - Instance 290: Predicted class 0
2025-01-27 05:53:59,429 - xai.nshap_analysis - INFO - Instance 291: Predicted class 0
2025-01-27 05:53:59,434 - xai.nshap_analysis - INFO - Instance 292: Predicted class 2
2025-01-27 05:53:59,434 - xai.nshap_analysis - INFO - Instance 293: Predicted class 2
2025-01-27 05:53:59,435 - xai.nshap_analysis - INFO - Instance 294: Predicted class 1
2025-01-27 05:53:59,435 - xai.nshap_analysis - INFO - Instance 295: Predicted class 0
2025-01-27 05:53:59,435 - xai.nshap_analysis - INFO - Instance 296: Predicted class 2
2025-01-27 05:53:59,436 - xai.nshap_analysis - INFO - Instance 297: Predicted class 0
2025-01-27 05:53:59,436 - xai.nshap_analysis - INFO - Instance 298: Predicted class 0
2025-01-27 05:53:59,436 - xai.nshap_analysis - INFO - Instance 299: Predicted class 1
2025-01-27 05:54:23,115 - xai.nshap_analysis - INFO - Instance 300: Predicted class 0
2025-01-27 05:54:23,116 - xai.nshap_analysis - INFO - Instance 301: Predicted class 1
2025-01-27 05:54:23,116 - xai.nshap_analysis - INFO - Instance 302: Predicted class 3
2025-01-27 05:54:23,117 - xai.nshap_analysis - INFO - Instance 303: Predicted class 2
2025-01-27 05:54:23,117 - xai.nshap_analysis - INFO - Instance 304: Predicted class 1
2025-01-27 05:54:23,117 - xai.nshap_analysis - INFO - Instance 305: Predicted class 0
2025-01-27 05:54:23,117 - xai.nshap_analysis - INFO - Instance 306: Predicted class 3
2025-01-27 05:54:23,118 - xai.nshap_analysis - INFO - Instance 307: Predicted class 1
2025-01-27 05:54:23,118 - xai.nshap_analysis - INFO - Instance 308: Predicted class 0
2025-01-27 05:54:23,118 - xai.nshap_analysis - INFO - Instance 309: Predicted class 0
2025-01-27 05:54:23,118 - xai.nshap_analysis - INFO - Instance 310: Predicted class 1
2025-01-27 05:54:23,119 - xai.nshap_analysis - INFO - Instance 311: Predicted class 1
2025-01-27 05:54:23,119 - xai.nshap_analysis - INFO - Instance 312: Predicted class 0
2025-01-27 05:54:23,123 - xai.nshap_analysis - INFO - Instance 313: Predicted class 0
2025-01-27 05:54:23,124 - xai.nshap_analysis - INFO - Instance 314: Predicted class 0
2025-01-27 05:54:23,124 - xai.nshap_analysis - INFO - Instance 315: Predicted class 1
2025-01-27 05:54:23,124 - xai.nshap_analysis - INFO - Instance 316: Predicted class 0
2025-01-27 05:54:23,124 - xai.nshap_analysis - INFO - Instance 317: Predicted class 0
2025-01-27 05:54:23,125 - xai.nshap_analysis - INFO - Instance 318: Predicted class 0
2025-01-27 05:54:23,125 - xai.nshap_analysis - INFO - Instance 319: Predicted class 1
2025-01-27 05:54:46,620 - xai.nshap_analysis - INFO - Instance 320: Predicted class 0
2025-01-27 05:54:46,621 - xai.nshap_analysis - INFO - Instance 321: Predicted class 2
2025-01-27 05:54:46,621 - xai.nshap_analysis - INFO - Instance 322: Predicted class 0
2025-01-27 05:54:46,622 - xai.nshap_analysis - INFO - Instance 323: Predicted class 0
2025-01-27 05:54:46,622 - xai.nshap_analysis - INFO - Instance 324: Predicted class 3
2025-01-27 05:54:46,622 - xai.nshap_analysis - INFO - Instance 325: Predicted class 2
2025-01-27 05:54:46,623 - xai.nshap_analysis - INFO - Instance 326: Predicted class 0
2025-01-27 05:54:46,624 - xai.nshap_analysis - INFO - Instance 327: Predicted class 0
2025-01-27 05:54:46,624 - xai.nshap_analysis - INFO - Instance 328: Predicted class 0
2025-01-27 05:54:46,624 - xai.nshap_analysis - INFO - Instance 329: Predicted class 3
2025-01-27 05:54:46,624 - xai.nshap_analysis - INFO - Instance 330: Predicted class 0
2025-01-27 05:54:46,625 - xai.nshap_analysis - INFO - Instance 331: Predicted class 0
2025-01-27 05:54:46,625 - xai.nshap_analysis - INFO - Instance 332: Predicted class 0
2025-01-27 05:54:46,629 - xai.nshap_analysis - INFO - Instance 333: Predicted class 1
2025-01-27 05:54:46,629 - xai.nshap_analysis - INFO - Instance 334: Predicted class 1
2025-01-27 05:54:46,629 - xai.nshap_analysis - INFO - Instance 335: Predicted class 2
2025-01-27 05:54:46,630 - xai.nshap_analysis - INFO - Instance 336: Predicted class 0
2025-01-27 05:54:46,630 - xai.nshap_analysis - INFO - Instance 337: Predicted class 0
2025-01-27 05:54:46,631 - xai.nshap_analysis - INFO - Instance 338: Predicted class 2
2025-01-27 05:54:46,631 - xai.nshap_analysis - INFO - Instance 339: Predicted class 3
2025-01-27 05:55:10,381 - xai.nshap_analysis - INFO - Instance 340: Predicted class 1
2025-01-27 05:55:10,382 - xai.nshap_analysis - INFO - Instance 341: Predicted class 3
2025-01-27 05:55:10,382 - xai.nshap_analysis - INFO - Instance 342: Predicted class 0
2025-01-27 05:55:10,382 - xai.nshap_analysis - INFO - Instance 343: Predicted class 1
2025-01-27 05:55:10,383 - xai.nshap_analysis - INFO - Instance 344: Predicted class 0
2025-01-27 05:55:10,383 - xai.nshap_analysis - INFO - Instance 345: Predicted class 1
2025-01-27 05:55:10,383 - xai.nshap_analysis - INFO - Instance 346: Predicted class 2
2025-01-27 05:55:10,383 - xai.nshap_analysis - INFO - Instance 347: Predicted class 1
2025-01-27 05:55:10,384 - xai.nshap_analysis - INFO - Instance 348: Predicted class 3
2025-01-27 05:55:10,384 - xai.nshap_analysis - INFO - Instance 349: Predicted class 1
2025-01-27 05:55:10,384 - xai.nshap_analysis - INFO - Instance 350: Predicted class 2
2025-01-27 05:55:10,384 - xai.nshap_analysis - INFO - Instance 351: Predicted class 0
2025-01-27 05:55:10,384 - xai.nshap_analysis - INFO - Instance 352: Predicted class 1
2025-01-27 05:55:10,385 - xai.nshap_analysis - INFO - Instance 353: Predicted class 0
2025-01-27 05:55:10,385 - xai.nshap_analysis - INFO - Instance 354: Predicted class 3
2025-01-27 05:55:10,389 - xai.nshap_analysis - INFO - Instance 355: Predicted class 0
2025-01-27 05:55:10,390 - xai.nshap_analysis - INFO - Instance 356: Predicted class 0
2025-01-27 05:55:10,390 - xai.nshap_analysis - INFO - Instance 357: Predicted class 2
2025-01-27 05:55:10,390 - xai.nshap_analysis - INFO - Instance 358: Predicted class 1
2025-01-27 05:55:10,390 - xai.nshap_analysis - INFO - Instance 359: Predicted class 0
2025-01-27 05:55:34,106 - xai.nshap_analysis - INFO - Instance 360: Predicted class 0
2025-01-27 05:55:34,107 - xai.nshap_analysis - INFO - Instance 361: Predicted class 0
2025-01-27 05:55:34,107 - xai.nshap_analysis - INFO - Instance 362: Predicted class 2
2025-01-27 05:55:34,107 - xai.nshap_analysis - INFO - Instance 363: Predicted class 3
2025-01-27 05:55:34,107 - xai.nshap_analysis - INFO - Instance 364: Predicted class 1
2025-01-27 05:55:34,108 - xai.nshap_analysis - INFO - Instance 365: Predicted class 0
2025-01-27 05:55:34,108 - xai.nshap_analysis - INFO - Instance 366: Predicted class 0
2025-01-27 05:55:34,108 - xai.nshap_analysis - INFO - Instance 367: Predicted class 0
2025-01-27 05:55:34,108 - xai.nshap_analysis - INFO - Instance 368: Predicted class 1
2025-01-27 05:55:34,108 - xai.nshap_analysis - INFO - Instance 369: Predicted class 1
2025-01-27 05:55:34,109 - xai.nshap_analysis - INFO - Instance 370: Predicted class 0
2025-01-27 05:55:34,109 - xai.nshap_analysis - INFO - Instance 371: Predicted class 1
2025-01-27 05:55:34,109 - xai.nshap_analysis - INFO - Instance 372: Predicted class 2
2025-01-27 05:55:34,113 - xai.nshap_analysis - INFO - Instance 373: Predicted class 1
2025-01-27 05:55:34,114 - xai.nshap_analysis - INFO - Instance 374: Predicted class 1
2025-01-27 05:55:34,114 - xai.nshap_analysis - INFO - Instance 375: Predicted class 1
2025-01-27 05:55:34,114 - xai.nshap_analysis - INFO - Instance 376: Predicted class 2
2025-01-27 05:55:34,115 - xai.nshap_analysis - INFO - Instance 377: Predicted class 0
2025-01-27 05:55:34,115 - xai.nshap_analysis - INFO - Instance 378: Predicted class 3
2025-01-27 05:55:34,115 - xai.nshap_analysis - INFO - Instance 379: Predicted class 1
2025-01-27 05:55:57,930 - xai.nshap_analysis - INFO - Instance 380: Predicted class 1
2025-01-27 05:55:57,931 - xai.nshap_analysis - INFO - Instance 381: Predicted class 3
2025-01-27 05:55:57,931 - xai.nshap_analysis - INFO - Instance 382: Predicted class 3
2025-01-27 05:55:57,932 - xai.nshap_analysis - INFO - Instance 383: Predicted class 3
2025-01-27 05:55:57,932 - xai.nshap_analysis - INFO - Instance 384: Predicted class 0
2025-01-27 05:55:57,932 - xai.nshap_analysis - INFO - Instance 385: Predicted class 1
2025-01-27 05:55:57,932 - xai.nshap_analysis - INFO - Instance 386: Predicted class 3
2025-01-27 05:55:57,933 - xai.nshap_analysis - INFO - Instance 387: Predicted class 2
2025-01-27 05:55:57,933 - xai.nshap_analysis - INFO - Instance 388: Predicted class 2
2025-01-27 05:55:57,933 - xai.nshap_analysis - INFO - Instance 389: Predicted class 0
2025-01-27 05:55:57,934 - xai.nshap_analysis - INFO - Instance 390: Predicted class 1
2025-01-27 05:55:57,934 - xai.nshap_analysis - INFO - Instance 391: Predicted class 1
2025-01-27 05:55:57,938 - xai.nshap_analysis - INFO - Instance 392: Predicted class 0
2025-01-27 05:55:57,938 - xai.nshap_analysis - INFO - Instance 393: Predicted class 0
2025-01-27 05:55:57,939 - xai.nshap_analysis - INFO - Instance 394: Predicted class 2
2025-01-27 05:55:57,939 - xai.nshap_analysis - INFO - Instance 395: Predicted class 3
2025-01-27 05:55:57,939 - xai.nshap_analysis - INFO - Instance 396: Predicted class 0
2025-01-27 05:55:57,939 - xai.nshap_analysis - INFO - Instance 397: Predicted class 1
2025-01-27 05:55:57,940 - xai.nshap_analysis - INFO - Instance 398: Predicted class 2
2025-01-27 05:55:57,940 - xai.nshap_analysis - INFO - Instance 399: Predicted class 1
2025-01-27 05:56:21,314 - xai.nshap_analysis - INFO - Instance 400: Predicted class 2
2025-01-27 05:56:21,315 - xai.nshap_analysis - INFO - Instance 401: Predicted class 3
2025-01-27 05:56:21,315 - xai.nshap_analysis - INFO - Instance 402: Predicted class 3
2025-01-27 05:56:21,315 - xai.nshap_analysis - INFO - Instance 403: Predicted class 0
2025-01-27 05:56:21,315 - xai.nshap_analysis - INFO - Instance 404: Predicted class 2
2025-01-27 05:56:21,316 - xai.nshap_analysis - INFO - Instance 405: Predicted class 0
2025-01-27 05:56:21,316 - xai.nshap_analysis - INFO - Instance 406: Predicted class 0
2025-01-27 05:56:21,316 - xai.nshap_analysis - INFO - Instance 407: Predicted class 1
2025-01-27 05:56:21,316 - xai.nshap_analysis - INFO - Instance 408: Predicted class 0
2025-01-27 05:56:21,316 - xai.nshap_analysis - INFO - Instance 409: Predicted class 1
2025-01-27 05:56:21,317 - xai.nshap_analysis - INFO - Instance 410: Predicted class 2
2025-01-27 05:56:21,317 - xai.nshap_analysis - INFO - Instance 411: Predicted class 3
2025-01-27 05:56:21,317 - xai.nshap_analysis - INFO - Instance 412: Predicted class 0
2025-01-27 05:56:21,317 - xai.nshap_analysis - INFO - Instance 413: Predicted class 0
2025-01-27 05:56:21,321 - xai.nshap_analysis - INFO - Instance 414: Predicted class 2
2025-01-27 05:56:21,322 - xai.nshap_analysis - INFO - Instance 415: Predicted class 0
2025-01-27 05:56:21,322 - xai.nshap_analysis - INFO - Instance 416: Predicted class 2
2025-01-27 05:56:21,323 - xai.nshap_analysis - INFO - Instance 417: Predicted class 0
2025-01-27 05:56:21,323 - xai.nshap_analysis - INFO - Instance 418: Predicted class 1
2025-01-27 05:56:21,323 - xai.nshap_analysis - INFO - Instance 419: Predicted class 3
2025-01-27 05:56:45,275 - xai.nshap_analysis - INFO - Instance 420: Predicted class 3
2025-01-27 05:56:45,276 - xai.nshap_analysis - INFO - Instance 421: Predicted class 3
2025-01-27 05:56:45,276 - xai.nshap_analysis - INFO - Instance 422: Predicted class 2
2025-01-27 05:56:45,276 - xai.nshap_analysis - INFO - Instance 423: Predicted class 1
2025-01-27 05:56:45,277 - xai.nshap_analysis - INFO - Instance 424: Predicted class 0
2025-01-27 05:56:45,277 - xai.nshap_analysis - INFO - Instance 425: Predicted class 0
2025-01-27 05:56:45,277 - xai.nshap_analysis - INFO - Instance 426: Predicted class 0
2025-01-27 05:56:45,277 - xai.nshap_analysis - INFO - Instance 427: Predicted class 1
2025-01-27 05:56:45,277 - xai.nshap_analysis - INFO - Instance 428: Predicted class 1
2025-01-27 05:56:45,278 - xai.nshap_analysis - INFO - Instance 429: Predicted class 0
2025-01-27 05:56:45,278 - xai.nshap_analysis - INFO - Instance 430: Predicted class 0
2025-01-27 05:56:45,278 - xai.nshap_analysis - INFO - Instance 431: Predicted class 3
2025-01-27 05:56:45,278 - xai.nshap_analysis - INFO - Instance 432: Predicted class 1
2025-01-27 05:56:45,282 - xai.nshap_analysis - INFO - Instance 433: Predicted class 1
2025-01-27 05:56:45,283 - xai.nshap_analysis - INFO - Instance 434: Predicted class 0
2025-01-27 05:56:45,283 - xai.nshap_analysis - INFO - Instance 435: Predicted class 2
2025-01-27 05:56:45,284 - xai.nshap_analysis - INFO - Instance 436: Predicted class 1
2025-01-27 05:56:45,284 - xai.nshap_analysis - INFO - Instance 437: Predicted class 0
2025-01-27 05:56:45,284 - xai.nshap_analysis - INFO - Instance 438: Predicted class 3
2025-01-27 05:56:45,284 - xai.nshap_analysis - INFO - Instance 439: Predicted class 0
2025-01-27 05:57:08,769 - xai.nshap_analysis - INFO - Instance 440: Predicted class 0
2025-01-27 05:57:08,770 - xai.nshap_analysis - INFO - Instance 441: Predicted class 1
2025-01-27 05:57:08,770 - xai.nshap_analysis - INFO - Instance 442: Predicted class 3
2025-01-27 05:57:08,770 - xai.nshap_analysis - INFO - Instance 443: Predicted class 0
2025-01-27 05:57:08,770 - xai.nshap_analysis - INFO - Instance 444: Predicted class 0
2025-01-27 05:57:08,771 - xai.nshap_analysis - INFO - Instance 445: Predicted class 2
2025-01-27 05:57:08,771 - xai.nshap_analysis - INFO - Instance 446: Predicted class 3
2025-01-27 05:57:08,771 - xai.nshap_analysis - INFO - Instance 447: Predicted class 3
2025-01-27 05:57:08,772 - xai.nshap_analysis - INFO - Instance 448: Predicted class 0
2025-01-27 05:57:08,772 - xai.nshap_analysis - INFO - Instance 449: Predicted class 1
2025-01-27 05:57:08,772 - xai.nshap_analysis - INFO - Instance 450: Predicted class 1
2025-01-27 05:57:08,772 - xai.nshap_analysis - INFO - Instance 451: Predicted class 3
2025-01-27 05:57:08,772 - xai.nshap_analysis - INFO - Instance 452: Predicted class 3
2025-01-27 05:57:08,773 - xai.nshap_analysis - INFO - Instance 453: Predicted class 3
2025-01-27 05:57:08,773 - xai.nshap_analysis - INFO - Instance 454: Predicted class 1
2025-01-27 05:57:08,773 - xai.nshap_analysis - INFO - Instance 455: Predicted class 0
2025-01-27 05:57:08,777 - xai.nshap_analysis - INFO - Instance 456: Predicted class 3
2025-01-27 05:57:08,778 - xai.nshap_analysis - INFO - Instance 457: Predicted class 0
2025-01-27 05:57:08,778 - xai.nshap_analysis - INFO - Instance 458: Predicted class 3
2025-01-27 05:57:08,778 - xai.nshap_analysis - INFO - Instance 459: Predicted class 1
2025-01-27 05:57:32,717 - xai.nshap_analysis - INFO - Instance 460: Predicted class 1
2025-01-27 05:57:32,718 - xai.nshap_analysis - INFO - Instance 461: Predicted class 0
2025-01-27 05:57:32,718 - xai.nshap_analysis - INFO - Instance 462: Predicted class 0
2025-01-27 05:57:32,718 - xai.nshap_analysis - INFO - Instance 463: Predicted class 0
2025-01-27 05:57:32,719 - xai.nshap_analysis - INFO - Instance 464: Predicted class 0
2025-01-27 05:57:32,719 - xai.nshap_analysis - INFO - Instance 465: Predicted class 2
2025-01-27 05:57:32,719 - xai.nshap_analysis - INFO - Instance 466: Predicted class 1
2025-01-27 05:57:32,719 - xai.nshap_analysis - INFO - Instance 467: Predicted class 1
2025-01-27 05:57:32,719 - xai.nshap_analysis - INFO - Instance 468: Predicted class 0
2025-01-27 05:57:32,720 - xai.nshap_analysis - INFO - Instance 469: Predicted class 0
2025-01-27 05:57:32,720 - xai.nshap_analysis - INFO - Instance 470: Predicted class 3
2025-01-27 05:57:32,720 - xai.nshap_analysis - INFO - Instance 471: Predicted class 1
2025-01-27 05:57:32,720 - xai.nshap_analysis - INFO - Instance 472: Predicted class 3
2025-01-27 05:57:32,721 - xai.nshap_analysis - INFO - Instance 473: Predicted class 0
2025-01-27 05:57:32,725 - xai.nshap_analysis - INFO - Instance 474: Predicted class 0
2025-01-27 05:57:32,725 - xai.nshap_analysis - INFO - Instance 475: Predicted class 1
2025-01-27 05:57:32,725 - xai.nshap_analysis - INFO - Instance 476: Predicted class 1
2025-01-27 05:57:32,726 - xai.nshap_analysis - INFO - Instance 477: Predicted class 1
2025-01-27 05:57:32,726 - xai.nshap_analysis - INFO - Instance 478: Predicted class 3
2025-01-27 05:57:32,726 - xai.nshap_analysis - INFO - Instance 479: Predicted class 3
2025-01-27 05:57:56,423 - xai.nshap_analysis - INFO - Instance 480: Predicted class 1
2025-01-27 05:57:56,423 - xai.nshap_analysis - INFO - Instance 481: Predicted class 2
2025-01-27 05:57:56,423 - xai.nshap_analysis - INFO - Instance 482: Predicted class 0
2025-01-27 05:57:56,423 - xai.nshap_analysis - INFO - Instance 483: Predicted class 2
2025-01-27 05:57:56,425 - xai.nshap_analysis - INFO - Instance 484: Predicted class 1
2025-01-27 05:57:56,425 - xai.nshap_analysis - INFO - Instance 485: Predicted class 1
2025-01-27 05:57:56,425 - xai.nshap_analysis - INFO - Instance 486: Predicted class 0
2025-01-27 05:57:56,425 - xai.nshap_analysis - INFO - Instance 487: Predicted class 0
2025-01-27 05:57:56,426 - xai.nshap_analysis - INFO - Instance 488: Predicted class 2
2025-01-27 05:57:56,426 - xai.nshap_analysis - INFO - Instance 489: Predicted class 1
2025-01-27 05:57:56,426 - xai.nshap_analysis - INFO - Instance 490: Predicted class 0
2025-01-27 05:57:56,427 - xai.nshap_analysis - INFO - Instance 491: Predicted class 1
2025-01-27 05:57:56,427 - xai.nshap_analysis - INFO - Instance 492: Predicted class 1
2025-01-27 05:57:56,431 - xai.nshap_analysis - INFO - Instance 493: Predicted class 0
2025-01-27 05:57:56,432 - xai.nshap_analysis - INFO - Instance 494: Predicted class 1
2025-01-27 05:57:56,432 - xai.nshap_analysis - INFO - Instance 495: Predicted class 2
2025-01-27 05:57:56,432 - xai.nshap_analysis - INFO - Instance 496: Predicted class 0
2025-01-27 05:57:56,432 - xai.nshap_analysis - INFO - Instance 497: Predicted class 3
2025-01-27 05:57:56,433 - xai.nshap_analysis - INFO - Instance 498: Predicted class 1
2025-01-27 05:57:56,433 - xai.nshap_analysis - INFO - Instance 499: Predicted class 0
2025-01-27 05:58:20,000 - xai.nshap_analysis - INFO - Instance 500: Predicted class 3
2025-01-27 05:58:20,001 - xai.nshap_analysis - INFO - Instance 501: Predicted class 2
2025-01-27 05:58:20,001 - xai.nshap_analysis - INFO - Instance 502: Predicted class 1
2025-01-27 05:58:20,001 - xai.nshap_analysis - INFO - Instance 503: Predicted class 1
2025-01-27 05:58:20,002 - xai.nshap_analysis - INFO - Instance 504: Predicted class 3
2025-01-27 05:58:20,002 - xai.nshap_analysis - INFO - Instance 505: Predicted class 2
2025-01-27 05:58:20,002 - xai.nshap_analysis - INFO - Instance 506: Predicted class 0
2025-01-27 05:58:20,002 - xai.nshap_analysis - INFO - Instance 507: Predicted class 0
2025-01-27 05:58:20,003 - xai.nshap_analysis - INFO - Instance 508: Predicted class 3
2025-01-27 05:58:20,003 - xai.nshap_analysis - INFO - Instance 509: Predicted class 2
2025-01-27 05:58:20,003 - xai.nshap_analysis - INFO - Instance 510: Predicted class 3
2025-01-27 05:58:20,003 - xai.nshap_analysis - INFO - Instance 511: Predicted class 0
2025-01-27 05:58:20,007 - xai.nshap_analysis - INFO - Instance 512: Predicted class 2
2025-01-27 05:58:20,008 - xai.nshap_analysis - INFO - Instance 513: Predicted class 1
2025-01-27 05:58:20,008 - xai.nshap_analysis - INFO - Instance 514: Predicted class 0
2025-01-27 05:58:20,009 - xai.nshap_analysis - INFO - Instance 515: Predicted class 0
2025-01-27 05:58:20,009 - xai.nshap_analysis - INFO - Instance 516: Predicted class 1
2025-01-27 05:58:20,009 - xai.nshap_analysis - INFO - Instance 517: Predicted class 2
2025-01-27 05:58:20,009 - xai.nshap_analysis - INFO - Instance 518: Predicted class 0
2025-01-27 05:58:20,009 - xai.nshap_analysis - INFO - Instance 519: Predicted class 3
2025-01-27 05:58:43,653 - xai.nshap_analysis - INFO - Instance 520: Predicted class 1
2025-01-27 05:58:43,654 - xai.nshap_analysis - INFO - Instance 521: Predicted class 1
2025-01-27 05:58:43,655 - xai.nshap_analysis - INFO - Instance 522: Predicted class 1
2025-01-27 05:58:43,655 - xai.nshap_analysis - INFO - Instance 523: Predicted class 1
2025-01-27 05:58:43,655 - xai.nshap_analysis - INFO - Instance 524: Predicted class 3
2025-01-27 05:58:43,655 - xai.nshap_analysis - INFO - Instance 525: Predicted class 1
2025-01-27 05:58:43,656 - xai.nshap_analysis - INFO - Instance 526: Predicted class 2
2025-01-27 05:58:43,656 - xai.nshap_analysis - INFO - Instance 527: Predicted class 1
2025-01-27 05:58:43,656 - xai.nshap_analysis - INFO - Instance 528: Predicted class 3
2025-01-27 05:58:43,656 - xai.nshap_analysis - INFO - Instance 529: Predicted class 3
2025-01-27 05:58:43,656 - xai.nshap_analysis - INFO - Instance 530: Predicted class 1
2025-01-27 05:58:43,657 - xai.nshap_analysis - INFO - Instance 531: Predicted class 0
2025-01-27 05:58:43,657 - xai.nshap_analysis - INFO - Instance 532: Predicted class 3
2025-01-27 05:58:43,657 - xai.nshap_analysis - INFO - Instance 533: Predicted class 3
2025-01-27 05:58:43,661 - xai.nshap_analysis - INFO - Instance 534: Predicted class 2
2025-01-27 05:58:43,662 - xai.nshap_analysis - INFO - Instance 535: Predicted class 1
2025-01-27 05:58:43,662 - xai.nshap_analysis - INFO - Instance 536: Predicted class 1
2025-01-27 05:58:43,662 - xai.nshap_analysis - INFO - Instance 537: Predicted class 2
2025-01-27 05:58:43,663 - xai.nshap_analysis - INFO - Instance 538: Predicted class 3
2025-01-27 05:58:43,663 - xai.nshap_analysis - INFO - Instance 539: Predicted class 0
2025-01-27 05:59:07,459 - xai.nshap_analysis - INFO - Instance 540: Predicted class 0
2025-01-27 05:59:07,460 - xai.nshap_analysis - INFO - Instance 541: Predicted class 2
2025-01-27 05:59:07,460 - xai.nshap_analysis - INFO - Instance 542: Predicted class 1
2025-01-27 05:59:07,460 - xai.nshap_analysis - INFO - Instance 543: Predicted class 3
2025-01-27 05:59:07,460 - xai.nshap_analysis - INFO - Instance 544: Predicted class 3
2025-01-27 05:59:07,460 - xai.nshap_analysis - INFO - Instance 545: Predicted class 0
2025-01-27 05:59:07,461 - xai.nshap_analysis - INFO - Instance 546: Predicted class 0
2025-01-27 05:59:07,461 - xai.nshap_analysis - INFO - Instance 547: Predicted class 0
2025-01-27 05:59:07,461 - xai.nshap_analysis - INFO - Instance 548: Predicted class 1
2025-01-27 05:59:07,461 - xai.nshap_analysis - INFO - Instance 549: Predicted class 0
2025-01-27 05:59:07,462 - xai.nshap_analysis - INFO - Instance 550: Predicted class 0
2025-01-27 05:59:07,462 - xai.nshap_analysis - INFO - Instance 551: Predicted class 0
2025-01-27 05:59:07,462 - xai.nshap_analysis - INFO - Instance 552: Predicted class 0
2025-01-27 05:59:07,462 - xai.nshap_analysis - INFO - Instance 553: Predicted class 1
2025-01-27 05:59:07,466 - xai.nshap_analysis - INFO - Instance 554: Predicted class 0
2025-01-27 05:59:07,467 - xai.nshap_analysis - INFO - Instance 555: Predicted class 3
2025-01-27 05:59:07,467 - xai.nshap_analysis - INFO - Instance 556: Predicted class 1
2025-01-27 05:59:07,468 - xai.nshap_analysis - INFO - Instance 557: Predicted class 2
2025-01-27 05:59:07,468 - xai.nshap_analysis - INFO - Instance 558: Predicted class 0
2025-01-27 05:59:07,468 - xai.nshap_analysis - INFO - Instance 559: Predicted class 0
2025-01-27 05:59:31,118 - xai.nshap_analysis - INFO - Instance 560: Predicted class 0
2025-01-27 05:59:31,119 - xai.nshap_analysis - INFO - Instance 561: Predicted class 0
2025-01-27 05:59:31,119 - xai.nshap_analysis - INFO - Instance 562: Predicted class 2
2025-01-27 05:59:31,120 - xai.nshap_analysis - INFO - Instance 563: Predicted class 1
2025-01-27 05:59:31,120 - xai.nshap_analysis - INFO - Instance 564: Predicted class 1
2025-01-27 05:59:31,120 - xai.nshap_analysis - INFO - Instance 565: Predicted class 3
2025-01-27 05:59:31,120 - xai.nshap_analysis - INFO - Instance 566: Predicted class 0
2025-01-27 05:59:31,120 - xai.nshap_analysis - INFO - Instance 567: Predicted class 0
2025-01-27 05:59:31,121 - xai.nshap_analysis - INFO - Instance 568: Predicted class 0
2025-01-27 05:59:31,121 - xai.nshap_analysis - INFO - Instance 569: Predicted class 1
2025-01-27 05:59:31,121 - xai.nshap_analysis - INFO - Instance 570: Predicted class 1
2025-01-27 05:59:31,121 - xai.nshap_analysis - INFO - Instance 571: Predicted class 2
2025-01-27 05:59:31,122 - xai.nshap_analysis - INFO - Instance 572: Predicted class 0
2025-01-27 05:59:31,122 - xai.nshap_analysis - INFO - Instance 573: Predicted class 0
2025-01-27 05:59:31,126 - xai.nshap_analysis - INFO - Instance 574: Predicted class 0
2025-01-27 05:59:31,126 - xai.nshap_analysis - INFO - Instance 575: Predicted class 1
2025-01-27 05:59:31,127 - xai.nshap_analysis - INFO - Instance 576: Predicted class 1
2025-01-27 05:59:31,127 - xai.nshap_analysis - INFO - Instance 577: Predicted class 1
2025-01-27 05:59:31,127 - xai.nshap_analysis - INFO - Instance 578: Predicted class 0
2025-01-27 05:59:31,127 - xai.nshap_analysis - INFO - Instance 579: Predicted class 1
2025-01-27 05:59:54,960 - xai.nshap_analysis - INFO - Instance 580: Predicted class 3
2025-01-27 05:59:54,960 - xai.nshap_analysis - INFO - Instance 581: Predicted class 0
2025-01-27 05:59:54,961 - xai.nshap_analysis - INFO - Instance 582: Predicted class 3
2025-01-27 05:59:54,961 - xai.nshap_analysis - INFO - Instance 583: Predicted class 2
2025-01-27 05:59:54,961 - xai.nshap_analysis - INFO - Instance 584: Predicted class 3
2025-01-27 05:59:54,961 - xai.nshap_analysis - INFO - Instance 585: Predicted class 0
2025-01-27 05:59:54,962 - xai.nshap_analysis - INFO - Instance 586: Predicted class 3
2025-01-27 05:59:54,962 - xai.nshap_analysis - INFO - Instance 587: Predicted class 0
2025-01-27 05:59:54,962 - xai.nshap_analysis - INFO - Instance 588: Predicted class 2
2025-01-27 05:59:54,963 - xai.nshap_analysis - INFO - Instance 589: Predicted class 0
2025-01-27 05:59:54,963 - xai.nshap_analysis - INFO - Instance 590: Predicted class 0
2025-01-27 05:59:54,963 - xai.nshap_analysis - INFO - Instance 591: Predicted class 1
2025-01-27 05:59:54,963 - xai.nshap_analysis - INFO - Instance 592: Predicted class 0
2025-01-27 05:59:54,963 - xai.nshap_analysis - INFO - Instance 593: Predicted class 3
2025-01-27 05:59:54,968 - xai.nshap_analysis - INFO - Instance 594: Predicted class 3
2025-01-27 05:59:54,968 - xai.nshap_analysis - INFO - Instance 595: Predicted class 1
2025-01-27 05:59:54,969 - xai.nshap_analysis - INFO - Instance 596: Predicted class 1
2025-01-27 05:59:54,969 - xai.nshap_analysis - INFO - Instance 597: Predicted class 0
2025-01-27 05:59:54,969 - xai.nshap_analysis - INFO - Instance 598: Predicted class 3
2025-01-27 05:59:54,969 - xai.nshap_analysis - INFO - Instance 599: Predicted class 2
2025-01-27 06:00:18,688 - xai.nshap_analysis - INFO - Instance 600: Predicted class 1
2025-01-27 06:00:18,689 - xai.nshap_analysis - INFO - Instance 601: Predicted class 0
2025-01-27 06:00:18,689 - xai.nshap_analysis - INFO - Instance 602: Predicted class 0
2025-01-27 06:00:18,689 - xai.nshap_analysis - INFO - Instance 603: Predicted class 0
2025-01-27 06:00:18,690 - xai.nshap_analysis - INFO - Instance 604: Predicted class 1
2025-01-27 06:00:18,690 - xai.nshap_analysis - INFO - Instance 605: Predicted class 1
2025-01-27 06:00:18,690 - xai.nshap_analysis - INFO - Instance 606: Predicted class 0
2025-01-27 06:00:18,690 - xai.nshap_analysis - INFO - Instance 607: Predicted class 1
2025-01-27 06:00:18,691 - xai.nshap_analysis - INFO - Instance 608: Predicted class 1
2025-01-27 06:00:18,691 - xai.nshap_analysis - INFO - Instance 609: Predicted class 2
2025-01-27 06:00:18,691 - xai.nshap_analysis - INFO - Instance 610: Predicted class 0
2025-01-27 06:00:18,691 - xai.nshap_analysis - INFO - Instance 611: Predicted class 3
2025-01-27 06:00:18,691 - xai.nshap_analysis - INFO - Instance 612: Predicted class 0
2025-01-27 06:00:18,692 - xai.nshap_analysis - INFO - Instance 613: Predicted class 0
2025-01-27 06:00:18,695 - xai.nshap_analysis - INFO - Instance 614: Predicted class 1
2025-01-27 06:00:18,696 - xai.nshap_analysis - INFO - Instance 615: Predicted class 2
2025-01-27 06:00:18,696 - xai.nshap_analysis - INFO - Instance 616: Predicted class 1
2025-01-27 06:00:18,696 - xai.nshap_analysis - INFO - Instance 617: Predicted class 0
2025-01-27 06:00:18,697 - xai.nshap_analysis - INFO - Instance 618: Predicted class 0
2025-01-27 06:00:18,697 - xai.nshap_analysis - INFO - Instance 619: Predicted class 1
2025-01-27 06:00:42,636 - xai.nshap_analysis - INFO - Instance 620: Predicted class 1
2025-01-27 06:00:42,637 - xai.nshap_analysis - INFO - Instance 621: Predicted class 1
2025-01-27 06:00:42,638 - xai.nshap_analysis - INFO - Instance 622: Predicted class 2
2025-01-27 06:00:42,638 - xai.nshap_analysis - INFO - Instance 623: Predicted class 2
2025-01-27 06:00:42,638 - xai.nshap_analysis - INFO - Instance 624: Predicted class 0
2025-01-27 06:00:42,638 - xai.nshap_analysis - INFO - Instance 625: Predicted class 3
2025-01-27 06:00:42,638 - xai.nshap_analysis - INFO - Instance 626: Predicted class 1
2025-01-27 06:00:42,639 - xai.nshap_analysis - INFO - Instance 627: Predicted class 1
2025-01-27 06:00:42,639 - xai.nshap_analysis - INFO - Instance 628: Predicted class 2
2025-01-27 06:00:42,639 - xai.nshap_analysis - INFO - Instance 629: Predicted class 3
2025-01-27 06:00:42,640 - xai.nshap_analysis - INFO - Instance 630: Predicted class 2
2025-01-27 06:00:42,644 - xai.nshap_analysis - INFO - Instance 631: Predicted class 3
2025-01-27 06:00:42,644 - xai.nshap_analysis - INFO - Instance 632: Predicted class 3
2025-01-27 06:00:42,644 - xai.nshap_analysis - INFO - Instance 633: Predicted class 0
2025-01-27 06:00:42,645 - xai.nshap_analysis - INFO - Instance 634: Predicted class 1
2025-01-27 06:00:42,645 - xai.nshap_analysis - INFO - Instance 635: Predicted class 0
2025-01-27 06:00:42,645 - xai.nshap_analysis - INFO - Instance 636: Predicted class 1
2025-01-27 06:00:42,645 - xai.nshap_analysis - INFO - Instance 637: Predicted class 1
2025-01-27 06:00:42,646 - xai.nshap_analysis - INFO - Instance 638: Predicted class 3
2025-01-27 06:00:42,646 - xai.nshap_analysis - INFO - Instance 639: Predicted class 2
2025-01-27 06:01:06,916 - xai.nshap_analysis - INFO - Instance 640: Predicted class 0
2025-01-27 06:01:06,917 - xai.nshap_analysis - INFO - Instance 641: Predicted class 1
2025-01-27 06:01:06,917 - xai.nshap_analysis - INFO - Instance 642: Predicted class 0
2025-01-27 06:01:06,917 - xai.nshap_analysis - INFO - Instance 643: Predicted class 1
2025-01-27 06:01:06,918 - xai.nshap_analysis - INFO - Instance 644: Predicted class 1
2025-01-27 06:01:06,918 - xai.nshap_analysis - INFO - Instance 645: Predicted class 1
2025-01-27 06:01:06,918 - xai.nshap_analysis - INFO - Instance 646: Predicted class 0
2025-01-27 06:01:06,918 - xai.nshap_analysis - INFO - Instance 647: Predicted class 2
2025-01-27 06:01:06,919 - xai.nshap_analysis - INFO - Instance 648: Predicted class 1
2025-01-27 06:01:06,919 - xai.nshap_analysis - INFO - Instance 649: Predicted class 1
2025-01-27 06:01:06,919 - xai.nshap_analysis - INFO - Instance 650: Predicted class 1
2025-01-27 06:01:06,919 - xai.nshap_analysis - INFO - Instance 651: Predicted class 0
2025-01-27 06:01:06,919 - xai.nshap_analysis - INFO - Instance 652: Predicted class 1
2025-01-27 06:01:06,924 - xai.nshap_analysis - INFO - Instance 653: Predicted class 0
2025-01-27 06:01:06,924 - xai.nshap_analysis - INFO - Instance 654: Predicted class 0
2025-01-27 06:01:06,924 - xai.nshap_analysis - INFO - Instance 655: Predicted class 1
2025-01-27 06:01:06,925 - xai.nshap_analysis - INFO - Instance 656: Predicted class 3
2025-01-27 06:01:06,925 - xai.nshap_analysis - INFO - Instance 657: Predicted class 3
2025-01-27 06:01:06,925 - xai.nshap_analysis - INFO - Instance 658: Predicted class 2
2025-01-27 06:01:06,925 - xai.nshap_analysis - INFO - Instance 659: Predicted class 0
2025-01-27 06:01:30,674 - xai.nshap_analysis - INFO - Instance 660: Predicted class 1
2025-01-27 06:01:30,675 - xai.nshap_analysis - INFO - Instance 661: Predicted class 2
2025-01-27 06:01:30,675 - xai.nshap_analysis - INFO - Instance 662: Predicted class 0
2025-01-27 06:01:30,676 - xai.nshap_analysis - INFO - Instance 663: Predicted class 1
2025-01-27 06:01:30,676 - xai.nshap_analysis - INFO - Instance 664: Predicted class 1
2025-01-27 06:01:30,676 - xai.nshap_analysis - INFO - Instance 665: Predicted class 1
2025-01-27 06:01:30,676 - xai.nshap_analysis - INFO - Instance 666: Predicted class 0
2025-01-27 06:01:30,676 - xai.nshap_analysis - INFO - Instance 667: Predicted class 3
2025-01-27 06:01:30,677 - xai.nshap_analysis - INFO - Instance 668: Predicted class 1
2025-01-27 06:01:30,677 - xai.nshap_analysis - INFO - Instance 669: Predicted class 3
2025-01-27 06:01:30,677 - xai.nshap_analysis - INFO - Instance 670: Predicted class 2
2025-01-27 06:01:30,677 - xai.nshap_analysis - INFO - Instance 671: Predicted class 0
2025-01-27 06:01:30,678 - xai.nshap_analysis - INFO - Instance 672: Predicted class 2
2025-01-27 06:01:30,678 - xai.nshap_analysis - INFO - Instance 673: Predicted class 2
2025-01-27 06:01:30,678 - xai.nshap_analysis - INFO - Instance 674: Predicted class 1
2025-01-27 06:01:30,682 - xai.nshap_analysis - INFO - Instance 675: Predicted class 0
2025-01-27 06:01:30,683 - xai.nshap_analysis - INFO - Instance 676: Predicted class 0
2025-01-27 06:01:30,683 - xai.nshap_analysis - INFO - Instance 677: Predicted class 1
2025-01-27 06:01:30,683 - xai.nshap_analysis - INFO - Instance 678: Predicted class 1
2025-01-27 06:01:30,684 - xai.nshap_analysis - INFO - Instance 679: Predicted class 0
2025-01-27 06:01:54,272 - xai.nshap_analysis - INFO - Instance 680: Predicted class 3
2025-01-27 06:01:54,272 - xai.nshap_analysis - INFO - Instance 681: Predicted class 0
2025-01-27 06:01:54,273 - xai.nshap_analysis - INFO - Instance 682: Predicted class 0
2025-01-27 06:01:54,273 - xai.nshap_analysis - INFO - Instance 683: Predicted class 2
2025-01-27 06:01:54,273 - xai.nshap_analysis - INFO - Instance 684: Predicted class 0
2025-01-27 06:01:54,273 - xai.nshap_analysis - INFO - Instance 685: Predicted class 0
2025-01-27 06:01:54,274 - xai.nshap_analysis - INFO - Instance 686: Predicted class 0
2025-01-27 06:01:54,274 - xai.nshap_analysis - INFO - Instance 687: Predicted class 0
2025-01-27 06:01:54,274 - xai.nshap_analysis - INFO - Instance 688: Predicted class 0
2025-01-27 06:01:54,274 - xai.nshap_analysis - INFO - Instance 689: Predicted class 2
2025-01-27 06:01:54,274 - xai.nshap_analysis - INFO - Instance 690: Predicted class 1
2025-01-27 06:01:54,275 - xai.nshap_analysis - INFO - Instance 691: Predicted class 2
2025-01-27 06:01:54,275 - xai.nshap_analysis - INFO - Instance 692: Predicted class 0
2025-01-27 06:01:54,275 - xai.nshap_analysis - INFO - Instance 693: Predicted class 1
2025-01-27 06:01:54,279 - xai.nshap_analysis - INFO - Instance 694: Predicted class 2
2025-01-27 06:01:54,280 - xai.nshap_analysis - INFO - Instance 695: Predicted class 3
2025-01-27 06:01:54,280 - xai.nshap_analysis - INFO - Instance 696: Predicted class 3
2025-01-27 06:01:54,280 - xai.nshap_analysis - INFO - Instance 697: Predicted class 1
2025-01-27 06:01:54,280 - xai.nshap_analysis - INFO - Instance 698: Predicted class 1
2025-01-27 06:01:54,281 - xai.nshap_analysis - INFO - Instance 699: Predicted class 0
2025-01-27 06:02:18,152 - xai.nshap_analysis - INFO - Instance 700: Predicted class 2
2025-01-27 06:02:18,153 - xai.nshap_analysis - INFO - Instance 701: Predicted class 0
2025-01-27 06:02:18,153 - xai.nshap_analysis - INFO - Instance 702: Predicted class 3
2025-01-27 06:02:18,154 - xai.nshap_analysis - INFO - Instance 703: Predicted class 1
2025-01-27 06:02:18,154 - xai.nshap_analysis - INFO - Instance 704: Predicted class 1
2025-01-27 06:02:18,154 - xai.nshap_analysis - INFO - Instance 705: Predicted class 1
2025-01-27 06:02:18,154 - xai.nshap_analysis - INFO - Instance 706: Predicted class 2
2025-01-27 06:02:18,154 - xai.nshap_analysis - INFO - Instance 707: Predicted class 3
2025-01-27 06:02:18,154 - xai.nshap_analysis - INFO - Instance 708: Predicted class 0
2025-01-27 06:02:18,156 - xai.nshap_analysis - INFO - Instance 709: Predicted class 0
2025-01-27 06:02:18,156 - xai.nshap_analysis - INFO - Instance 710: Predicted class 3
2025-01-27 06:02:18,156 - xai.nshap_analysis - INFO - Instance 711: Predicted class 0
2025-01-27 06:02:18,156 - xai.nshap_analysis - INFO - Instance 712: Predicted class 0
2025-01-27 06:02:18,157 - xai.nshap_analysis - INFO - Instance 713: Predicted class 0
2025-01-27 06:02:18,161 - xai.nshap_analysis - INFO - Instance 714: Predicted class 0
2025-01-27 06:02:18,161 - xai.nshap_analysis - INFO - Instance 715: Predicted class 2
2025-01-27 06:02:18,162 - xai.nshap_analysis - INFO - Instance 716: Predicted class 0
2025-01-27 06:02:18,162 - xai.nshap_analysis - INFO - Instance 717: Predicted class 1
2025-01-27 06:02:18,162 - xai.nshap_analysis - INFO - Instance 718: Predicted class 1
2025-01-27 06:02:18,162 - xai.nshap_analysis - INFO - Instance 719: Predicted class 3
2025-01-27 06:02:41,908 - xai.nshap_analysis - INFO - Instance 720: Predicted class 0
2025-01-27 06:02:41,909 - xai.nshap_analysis - INFO - Instance 721: Predicted class 1
2025-01-27 06:02:41,909 - xai.nshap_analysis - INFO - Instance 722: Predicted class 1
2025-01-27 06:02:41,909 - xai.nshap_analysis - INFO - Instance 723: Predicted class 2
2025-01-27 06:02:41,909 - xai.nshap_analysis - INFO - Instance 724: Predicted class 1
2025-01-27 06:02:41,910 - xai.nshap_analysis - INFO - Instance 725: Predicted class 1
2025-01-27 06:02:41,910 - xai.nshap_analysis - INFO - Instance 726: Predicted class 0
2025-01-27 06:02:41,910 - xai.nshap_analysis - INFO - Instance 727: Predicted class 1
2025-01-27 06:02:41,910 - xai.nshap_analysis - INFO - Instance 728: Predicted class 0
2025-01-27 06:02:41,910 - xai.nshap_analysis - INFO - Instance 729: Predicted class 0
2025-01-27 06:02:41,911 - xai.nshap_analysis - INFO - Instance 730: Predicted class 1
2025-01-27 06:02:41,911 - xai.nshap_analysis - INFO - Instance 731: Predicted class 3
2025-01-27 06:02:41,911 - xai.nshap_analysis - INFO - Instance 732: Predicted class 2
2025-01-27 06:02:41,911 - xai.nshap_analysis - INFO - Instance 733: Predicted class 1
2025-01-27 06:02:41,915 - xai.nshap_analysis - INFO - Instance 734: Predicted class 2
2025-01-27 06:02:41,916 - xai.nshap_analysis - INFO - Instance 735: Predicted class 0
2025-01-27 06:02:41,916 - xai.nshap_analysis - INFO - Instance 736: Predicted class 1
2025-01-27 06:02:41,917 - xai.nshap_analysis - INFO - Instance 737: Predicted class 0
2025-01-27 06:02:41,917 - xai.nshap_analysis - INFO - Instance 738: Predicted class 1
2025-01-27 06:02:41,917 - xai.nshap_analysis - INFO - Instance 739: Predicted class 1
2025-01-27 06:03:05,570 - xai.nshap_analysis - INFO - Instance 740: Predicted class 0
2025-01-27 06:03:05,570 - xai.nshap_analysis - INFO - Instance 741: Predicted class 1
2025-01-27 06:03:05,571 - xai.nshap_analysis - INFO - Instance 742: Predicted class 3
2025-01-27 06:03:05,571 - xai.nshap_analysis - INFO - Instance 743: Predicted class 0
2025-01-27 06:03:05,571 - xai.nshap_analysis - INFO - Instance 744: Predicted class 0
2025-01-27 06:03:05,572 - xai.nshap_analysis - INFO - Instance 745: Predicted class 1
2025-01-27 06:03:05,572 - xai.nshap_analysis - INFO - Instance 746: Predicted class 0
2025-01-27 06:03:05,572 - xai.nshap_analysis - INFO - Instance 747: Predicted class 1
2025-01-27 06:03:05,572 - xai.nshap_analysis - INFO - Instance 748: Predicted class 1
2025-01-27 06:03:05,573 - xai.nshap_analysis - INFO - Instance 749: Predicted class 1
2025-01-27 06:03:05,573 - xai.nshap_analysis - INFO - Instance 750: Predicted class 0
2025-01-27 06:03:05,573 - xai.nshap_analysis - INFO - Instance 751: Predicted class 0
2025-01-27 06:03:05,573 - xai.nshap_analysis - INFO - Instance 752: Predicted class 0
2025-01-27 06:03:05,574 - xai.nshap_analysis - INFO - Instance 753: Predicted class 2
2025-01-27 06:03:05,574 - xai.nshap_analysis - INFO - Instance 754: Predicted class 3
2025-01-27 06:03:05,574 - xai.nshap_analysis - INFO - Instance 755: Predicted class 0
2025-01-27 06:03:05,580 - xai.nshap_analysis - INFO - Instance 756: Predicted class 0
2025-01-27 06:03:05,581 - xai.nshap_analysis - INFO - Instance 757: Predicted class 0
2025-01-27 06:03:05,581 - xai.nshap_analysis - INFO - Instance 758: Predicted class 0
2025-01-27 06:03:05,581 - xai.nshap_analysis - INFO - Instance 759: Predicted class 3
2025-01-27 06:03:29,206 - xai.nshap_analysis - INFO - Instance 760: Predicted class 1
2025-01-27 06:03:29,207 - xai.nshap_analysis - INFO - Instance 761: Predicted class 0
2025-01-27 06:03:29,207 - xai.nshap_analysis - INFO - Instance 762: Predicted class 3
2025-01-27 06:03:29,207 - xai.nshap_analysis - INFO - Instance 763: Predicted class 1
2025-01-27 06:03:29,208 - xai.nshap_analysis - INFO - Instance 764: Predicted class 1
2025-01-27 06:03:29,208 - xai.nshap_analysis - INFO - Instance 765: Predicted class 2
2025-01-27 06:03:29,208 - xai.nshap_analysis - INFO - Instance 766: Predicted class 2
2025-01-27 06:03:29,208 - xai.nshap_analysis - INFO - Instance 767: Predicted class 1
2025-01-27 06:03:29,209 - xai.nshap_analysis - INFO - Instance 768: Predicted class 3
2025-01-27 06:03:29,209 - xai.nshap_analysis - INFO - Instance 769: Predicted class 0
2025-01-27 06:03:29,209 - xai.nshap_analysis - INFO - Instance 770: Predicted class 1
2025-01-27 06:03:29,209 - xai.nshap_analysis - INFO - Instance 771: Predicted class 0
2025-01-27 06:03:29,210 - xai.nshap_analysis - INFO - Instance 772: Predicted class 3
2025-01-27 06:03:29,210 - xai.nshap_analysis - INFO - Instance 773: Predicted class 1
2025-01-27 06:03:29,210 - xai.nshap_analysis - INFO - Instance 774: Predicted class 1
2025-01-27 06:03:29,214 - xai.nshap_analysis - INFO - Instance 775: Predicted class 1
2025-01-27 06:03:29,215 - xai.nshap_analysis - INFO - Instance 776: Predicted class 1
2025-01-27 06:03:29,215 - xai.nshap_analysis - INFO - Instance 777: Predicted class 2
2025-01-27 06:03:29,215 - xai.nshap_analysis - INFO - Instance 778: Predicted class 1
2025-01-27 06:03:29,215 - xai.nshap_analysis - INFO - Instance 779: Predicted class 1
2025-01-27 06:03:52,603 - xai.nshap_analysis - INFO - Instance 780: Predicted class 3
2025-01-27 06:03:52,604 - xai.nshap_analysis - INFO - Instance 781: Predicted class 0
2025-01-27 06:03:52,604 - xai.nshap_analysis - INFO - Instance 782: Predicted class 1
2025-01-27 06:03:52,604 - xai.nshap_analysis - INFO - Instance 783: Predicted class 1
2025-01-27 06:03:52,605 - xai.nshap_analysis - INFO - Instance 784: Predicted class 3
2025-01-27 06:03:52,605 - xai.nshap_analysis - INFO - Instance 785: Predicted class 3
2025-01-27 06:04:32,594 - xai.nshap_analysis - INFO - Computing moebius transform values
2025-01-27 06:04:32,595 - xai.nshap_analysis - INFO - Instance 0: Predicted class 0
2025-01-27 06:04:32,596 - xai.nshap_analysis - INFO - Instance 1: Predicted class 3
2025-01-27 06:04:32,596 - xai.nshap_analysis - INFO - Instance 2: Predicted class 0
2025-01-27 06:04:32,596 - xai.nshap_analysis - INFO - Instance 3: Predicted class 2
2025-01-27 06:04:32,596 - xai.nshap_analysis - INFO - Instance 4: Predicted class 0
2025-01-27 06:04:32,597 - xai.nshap_analysis - INFO - Instance 5: Predicted class 0
2025-01-27 06:04:32,597 - xai.nshap_analysis - INFO - Instance 6: Predicted class 3
2025-01-27 06:04:32,597 - xai.nshap_analysis - INFO - Instance 7: Predicted class 0
2025-01-27 06:04:32,597 - xai.nshap_analysis - INFO - Instance 8: Predicted class 1
2025-01-27 06:04:32,597 - xai.nshap_analysis - INFO - Instance 9: Predicted class 2
2025-01-27 06:04:32,597 - xai.nshap_analysis - INFO - Instance 10: Predicted class 3
2025-01-27 06:04:32,598 - xai.nshap_analysis - INFO - Instance 11: Predicted class 1
2025-01-27 06:04:32,598 - xai.nshap_analysis - INFO - Instance 12: Predicted class 2
2025-01-27 06:04:32,598 - xai.nshap_analysis - INFO - Instance 13: Predicted class 0
2025-01-27 06:04:32,598 - xai.nshap_analysis - INFO - Instance 14: Predicted class 0
2025-01-27 06:04:32,598 - xai.nshap_analysis - INFO - Instance 15: Predicted class 0
2025-01-27 06:04:32,598 - xai.nshap_analysis - INFO - Instance 16: Predicted class 0
2025-01-27 06:04:32,598 - xai.nshap_analysis - INFO - Instance 17: Predicted class 3
2025-01-27 06:04:32,599 - xai.nshap_analysis - INFO - Instance 18: Predicted class 2
2025-01-27 06:04:32,599 - xai.nshap_analysis - INFO - Instance 19: Predicted class 0
2025-01-27 06:04:32,600 - xai.nshap_analysis - INFO - Instance 20: Predicted class 1
2025-01-27 06:04:32,600 - xai.nshap_analysis - INFO - Instance 21: Predicted class 2
2025-01-27 06:04:32,602 - xai.nshap_analysis - INFO - Instance 22: Predicted class 0
2025-01-27 06:04:32,602 - xai.nshap_analysis - INFO - Instance 23: Predicted class 0
2025-01-27 06:04:32,603 - xai.nshap_analysis - INFO - Instance 24: Predicted class 3
2025-01-27 06:04:32,603 - xai.nshap_analysis - INFO - Instance 25: Predicted class 1
2025-01-27 06:04:32,603 - xai.nshap_analysis - INFO - Instance 26: Predicted class 1
2025-01-27 06:04:32,604 - xai.nshap_analysis - INFO - Instance 27: Predicted class 2
2025-01-27 06:04:32,604 - xai.nshap_analysis - INFO - Instance 28: Predicted class 3
2025-01-27 06:04:32,604 - xai.nshap_analysis - INFO - Instance 29: Predicted class 3
2025-01-27 06:04:32,605 - xai.nshap_analysis - INFO - Instance 30: Predicted class 2
2025-01-27 06:04:32,605 - xai.nshap_analysis - INFO - Instance 31: Predicted class 3
2025-01-27 06:04:32,605 - xai.nshap_analysis - INFO - Instance 32: Predicted class 3
2025-01-27 06:04:32,606 - xai.nshap_analysis - INFO - Instance 33: Predicted class 1
2025-01-27 06:04:32,606 - xai.nshap_analysis - INFO - Instance 34: Predicted class 1
2025-01-27 06:04:32,607 - xai.nshap_analysis - INFO - Instance 35: Predicted class 3
2025-01-27 06:04:32,608 - xai.nshap_analysis - INFO - Instance 36: Predicted class 2
2025-01-27 06:04:32,610 - xai.nshap_analysis - INFO - Instance 37: Predicted class 1
2025-01-27 06:04:32,627 - xai.nshap_analysis - INFO - Instance 38: Predicted class 1
2025-01-27 06:04:32,628 - xai.nshap_analysis - INFO - Instance 39: Predicted class 2
2025-01-27 06:04:49,780 - xai.nshap_analysis - INFO - Instance 40: Predicted class 1
2025-01-27 06:04:49,781 - xai.nshap_analysis - INFO - Instance 41: Predicted class 2
2025-01-27 06:04:49,781 - xai.nshap_analysis - INFO - Instance 42: Predicted class 2
2025-01-27 06:04:49,781 - xai.nshap_analysis - INFO - Instance 43: Predicted class 2
2025-01-27 06:04:49,781 - xai.nshap_analysis - INFO - Instance 44: Predicted class 0
2025-01-27 06:04:49,782 - xai.nshap_analysis - INFO - Instance 45: Predicted class 0
2025-01-27 06:04:49,782 - xai.nshap_analysis - INFO - Instance 46: Predicted class 1
2025-01-27 06:04:49,782 - xai.nshap_analysis - INFO - Instance 47: Predicted class 1
2025-01-27 06:04:49,782 - xai.nshap_analysis - INFO - Instance 48: Predicted class 3
2025-01-27 06:04:49,783 - xai.nshap_analysis - INFO - Instance 49: Predicted class 0
2025-01-27 06:04:49,783 - xai.nshap_analysis - INFO - Instance 50: Predicted class 3
2025-01-27 06:04:49,783 - xai.nshap_analysis - INFO - Instance 51: Predicted class 0
2025-01-27 06:04:49,787 - xai.nshap_analysis - INFO - Instance 52: Predicted class 2
2025-01-27 06:04:49,787 - xai.nshap_analysis - INFO - Instance 53: Predicted class 0
2025-01-27 06:04:49,788 - xai.nshap_analysis - INFO - Instance 54: Predicted class 1
2025-01-27 06:04:49,788 - xai.nshap_analysis - INFO - Instance 55: Predicted class 2
2025-01-27 06:04:49,788 - xai.nshap_analysis - INFO - Instance 56: Predicted class 0
2025-01-27 06:04:49,789 - xai.nshap_analysis - INFO - Instance 57: Predicted class 1
2025-01-27 06:04:49,789 - xai.nshap_analysis - INFO - Instance 58: Predicted class 0
2025-01-27 06:04:49,789 - xai.nshap_analysis - INFO - Instance 59: Predicted class 2
2025-01-27 06:05:13,608 - xai.nshap_analysis - INFO - Instance 60: Predicted class 3
2025-01-27 06:05:13,609 - xai.nshap_analysis - INFO - Instance 61: Predicted class 0
2025-01-27 06:05:13,609 - xai.nshap_analysis - INFO - Instance 62: Predicted class 2
2025-01-27 06:05:13,609 - xai.nshap_analysis - INFO - Instance 63: Predicted class 2
2025-01-27 06:05:13,610 - xai.nshap_analysis - INFO - Instance 64: Predicted class 1
2025-01-27 06:05:13,610 - xai.nshap_analysis - INFO - Instance 65: Predicted class 1
2025-01-27 06:05:13,610 - xai.nshap_analysis - INFO - Instance 66: Predicted class 1
2025-01-27 06:05:13,610 - xai.nshap_analysis - INFO - Instance 67: Predicted class 3
2025-01-27 06:05:13,611 - xai.nshap_analysis - INFO - Instance 68: Predicted class 0
2025-01-27 06:05:13,611 - xai.nshap_analysis - INFO - Instance 69: Predicted class 2
2025-01-27 06:05:13,611 - xai.nshap_analysis - INFO - Instance 70: Predicted class 0
2025-01-27 06:05:13,611 - xai.nshap_analysis - INFO - Instance 71: Predicted class 1
2025-01-27 06:05:13,611 - xai.nshap_analysis - INFO - Instance 72: Predicted class 0
2025-01-27 06:05:13,615 - xai.nshap_analysis - INFO - Instance 73: Predicted class 3
2025-01-27 06:05:13,616 - xai.nshap_analysis - INFO - Instance 74: Predicted class 1
2025-01-27 06:05:13,616 - xai.nshap_analysis - INFO - Instance 75: Predicted class 1
2025-01-27 06:05:13,617 - xai.nshap_analysis - INFO - Instance 76: Predicted class 1
2025-01-27 06:05:13,617 - xai.nshap_analysis - INFO - Instance 77: Predicted class 3
2025-01-27 06:05:13,617 - xai.nshap_analysis - INFO - Instance 78: Predicted class 0
2025-01-27 06:05:13,617 - xai.nshap_analysis - INFO - Instance 79: Predicted class 0
2025-01-27 06:05:37,311 - xai.nshap_analysis - INFO - Instance 80: Predicted class 3
2025-01-27 06:05:37,311 - xai.nshap_analysis - INFO - Instance 81: Predicted class 0
2025-01-27 06:05:37,312 - xai.nshap_analysis - INFO - Instance 82: Predicted class 3
2025-01-27 06:05:37,312 - xai.nshap_analysis - INFO - Instance 83: Predicted class 0
2025-01-27 06:05:37,312 - xai.nshap_analysis - INFO - Instance 84: Predicted class 0
2025-01-27 06:05:37,313 - xai.nshap_analysis - INFO - Instance 85: Predicted class 0
2025-01-27 06:05:37,313 - xai.nshap_analysis - INFO - Instance 86: Predicted class 0
2025-01-27 06:05:37,313 - xai.nshap_analysis - INFO - Instance 87: Predicted class 0
2025-01-27 06:05:37,313 - xai.nshap_analysis - INFO - Instance 88: Predicted class 0
2025-01-27 06:05:37,314 - xai.nshap_analysis - INFO - Instance 89: Predicted class 3
2025-01-27 06:05:37,314 - xai.nshap_analysis - INFO - Instance 90: Predicted class 2
2025-01-27 06:05:37,314 - xai.nshap_analysis - INFO - Instance 91: Predicted class 0
2025-01-27 06:05:37,318 - xai.nshap_analysis - INFO - Instance 92: Predicted class 1
2025-01-27 06:05:37,319 - xai.nshap_analysis - INFO - Instance 93: Predicted class 0
2025-01-27 06:05:37,319 - xai.nshap_analysis - INFO - Instance 94: Predicted class 0
2025-01-27 06:05:37,319 - xai.nshap_analysis - INFO - Instance 95: Predicted class 1
2025-01-27 06:05:37,319 - xai.nshap_analysis - INFO - Instance 96: Predicted class 3
2025-01-27 06:05:37,320 - xai.nshap_analysis - INFO - Instance 97: Predicted class 1
2025-01-27 06:05:37,320 - xai.nshap_analysis - INFO - Instance 98: Predicted class 0
2025-01-27 06:05:37,320 - xai.nshap_analysis - INFO - Instance 99: Predicted class 1
2025-01-27 06:06:01,055 - xai.nshap_analysis - INFO - Instance 100: Predicted class 0
2025-01-27 06:06:01,055 - xai.nshap_analysis - INFO - Instance 101: Predicted class 1
2025-01-27 06:06:01,056 - xai.nshap_analysis - INFO - Instance 102: Predicted class 1
2025-01-27 06:06:01,056 - xai.nshap_analysis - INFO - Instance 103: Predicted class 1
2025-01-27 06:06:01,056 - xai.nshap_analysis - INFO - Instance 104: Predicted class 0
2025-01-27 06:06:01,057 - xai.nshap_analysis - INFO - Instance 105: Predicted class 0
2025-01-27 06:06:01,057 - xai.nshap_analysis - INFO - Instance 106: Predicted class 0
2025-01-27 06:06:01,057 - xai.nshap_analysis - INFO - Instance 107: Predicted class 3
2025-01-27 06:06:01,057 - xai.nshap_analysis - INFO - Instance 108: Predicted class 0
2025-01-27 06:06:01,057 - xai.nshap_analysis - INFO - Instance 109: Predicted class 1
2025-01-27 06:06:01,058 - xai.nshap_analysis - INFO - Instance 110: Predicted class 0
2025-01-27 06:06:01,058 - xai.nshap_analysis - INFO - Instance 111: Predicted class 2
2025-01-27 06:06:01,061 - xai.nshap_analysis - INFO - Instance 112: Predicted class 0
2025-01-27 06:06:01,062 - xai.nshap_analysis - INFO - Instance 113: Predicted class 0
2025-01-27 06:06:01,062 - xai.nshap_analysis - INFO - Instance 114: Predicted class 0
2025-01-27 06:06:01,062 - xai.nshap_analysis - INFO - Instance 115: Predicted class 0
2025-01-27 06:06:01,063 - xai.nshap_analysis - INFO - Instance 116: Predicted class 0
2025-01-27 06:06:01,063 - xai.nshap_analysis - INFO - Instance 117: Predicted class 3
2025-01-27 06:06:01,063 - xai.nshap_analysis - INFO - Instance 118: Predicted class 0
2025-01-27 06:06:01,063 - xai.nshap_analysis - INFO - Instance 119: Predicted class 1
2025-01-27 06:06:24,784 - xai.nshap_analysis - INFO - Instance 120: Predicted class 0
2025-01-27 06:06:24,785 - xai.nshap_analysis - INFO - Instance 121: Predicted class 2
2025-01-27 06:06:24,785 - xai.nshap_analysis - INFO - Instance 122: Predicted class 3
2025-01-27 06:06:24,785 - xai.nshap_analysis - INFO - Instance 123: Predicted class 0
2025-01-27 06:06:24,785 - xai.nshap_analysis - INFO - Instance 124: Predicted class 0
2025-01-27 06:06:24,786 - xai.nshap_analysis - INFO - Instance 125: Predicted class 1
2025-01-27 06:06:24,786 - xai.nshap_analysis - INFO - Instance 126: Predicted class 0
2025-01-27 06:06:24,786 - xai.nshap_analysis - INFO - Instance 127: Predicted class 0
2025-01-27 06:06:24,786 - xai.nshap_analysis - INFO - Instance 128: Predicted class 2
2025-01-27 06:06:24,787 - xai.nshap_analysis - INFO - Instance 129: Predicted class 2
2025-01-27 06:06:24,787 - xai.nshap_analysis - INFO - Instance 130: Predicted class 1
2025-01-27 06:06:24,787 - xai.nshap_analysis - INFO - Instance 131: Predicted class 2
2025-01-27 06:06:24,787 - xai.nshap_analysis - INFO - Instance 132: Predicted class 1
2025-01-27 06:06:24,791 - xai.nshap_analysis - INFO - Instance 133: Predicted class 1
2025-01-27 06:06:24,792 - xai.nshap_analysis - INFO - Instance 134: Predicted class 0
2025-01-27 06:06:24,792 - xai.nshap_analysis - INFO - Instance 135: Predicted class 0
2025-01-27 06:06:24,792 - xai.nshap_analysis - INFO - Instance 136: Predicted class 1
2025-01-27 06:06:24,793 - xai.nshap_analysis - INFO - Instance 137: Predicted class 1
2025-01-27 06:06:24,793 - xai.nshap_analysis - INFO - Instance 138: Predicted class 1
2025-01-27 06:06:24,793 - xai.nshap_analysis - INFO - Instance 139: Predicted class 1
2025-01-27 06:06:48,394 - xai.nshap_analysis - INFO - Instance 140: Predicted class 3
2025-01-27 06:06:48,395 - xai.nshap_analysis - INFO - Instance 141: Predicted class 3
2025-01-27 06:06:48,395 - xai.nshap_analysis - INFO - Instance 142: Predicted class 3
2025-01-27 06:06:48,395 - xai.nshap_analysis - INFO - Instance 143: Predicted class 1
2025-01-27 06:06:48,396 - xai.nshap_analysis - INFO - Instance 144: Predicted class 0
2025-01-27 06:06:48,396 - xai.nshap_analysis - INFO - Instance 145: Predicted class 2
2025-01-27 06:06:48,396 - xai.nshap_analysis - INFO - Instance 146: Predicted class 0
2025-01-27 06:06:48,396 - xai.nshap_analysis - INFO - Instance 147: Predicted class 1
2025-01-27 06:06:48,397 - xai.nshap_analysis - INFO - Instance 148: Predicted class 0
2025-01-27 06:06:48,397 - xai.nshap_analysis - INFO - Instance 149: Predicted class 2
2025-01-27 06:06:48,397 - xai.nshap_analysis - INFO - Instance 150: Predicted class 1
2025-01-27 06:06:48,397 - xai.nshap_analysis - INFO - Instance 151: Predicted class 3
2025-01-27 06:06:48,397 - xai.nshap_analysis - INFO - Instance 152: Predicted class 3
2025-01-27 06:06:48,402 - xai.nshap_analysis - INFO - Instance 153: Predicted class 1
2025-01-27 06:06:48,402 - xai.nshap_analysis - INFO - Instance 154: Predicted class 1
2025-01-27 06:06:48,402 - xai.nshap_analysis - INFO - Instance 155: Predicted class 3
2025-01-27 06:06:48,403 - xai.nshap_analysis - INFO - Instance 156: Predicted class 2
2025-01-27 06:06:48,403 - xai.nshap_analysis - INFO - Instance 157: Predicted class 1
2025-01-27 06:06:48,403 - xai.nshap_analysis - INFO - Instance 158: Predicted class 0
2025-01-27 06:06:48,404 - xai.nshap_analysis - INFO - Instance 159: Predicted class 2
2025-01-27 06:07:12,186 - xai.nshap_analysis - INFO - Instance 160: Predicted class 0
2025-01-27 06:07:12,187 - xai.nshap_analysis - INFO - Instance 161: Predicted class 1
2025-01-27 06:07:12,187 - xai.nshap_analysis - INFO - Instance 162: Predicted class 0
2025-01-27 06:07:12,188 - xai.nshap_analysis - INFO - Instance 163: Predicted class 0
2025-01-27 06:07:12,188 - xai.nshap_analysis - INFO - Instance 164: Predicted class 2
2025-01-27 06:07:12,188 - xai.nshap_analysis - INFO - Instance 165: Predicted class 1
2025-01-27 06:07:12,188 - xai.nshap_analysis - INFO - Instance 166: Predicted class 1
2025-01-27 06:07:12,189 - xai.nshap_analysis - INFO - Instance 167: Predicted class 1
2025-01-27 06:07:12,189 - xai.nshap_analysis - INFO - Instance 168: Predicted class 2
2025-01-27 06:07:12,189 - xai.nshap_analysis - INFO - Instance 169: Predicted class 1
2025-01-27 06:07:12,189 - xai.nshap_analysis - INFO - Instance 170: Predicted class 1
2025-01-27 06:07:12,189 - xai.nshap_analysis - INFO - Instance 171: Predicted class 1
2025-01-27 06:07:12,190 - xai.nshap_analysis - INFO - Instance 172: Predicted class 2
2025-01-27 06:07:12,190 - xai.nshap_analysis - INFO - Instance 173: Predicted class 2
2025-01-27 06:07:12,193 - xai.nshap_analysis - INFO - Instance 174: Predicted class 1
2025-01-27 06:07:12,194 - xai.nshap_analysis - INFO - Instance 175: Predicted class 1
2025-01-27 06:07:12,194 - xai.nshap_analysis - INFO - Instance 176: Predicted class 0
2025-01-27 06:07:12,194 - xai.nshap_analysis - INFO - Instance 177: Predicted class 1
2025-01-27 06:07:12,194 - xai.nshap_analysis - INFO - Instance 178: Predicted class 0
2025-01-27 06:07:12,195 - xai.nshap_analysis - INFO - Instance 179: Predicted class 2
2025-01-27 06:07:36,323 - xai.nshap_analysis - INFO - Instance 180: Predicted class 1
2025-01-27 06:07:36,323 - xai.nshap_analysis - INFO - Instance 181: Predicted class 1
2025-01-27 06:07:36,324 - xai.nshap_analysis - INFO - Instance 182: Predicted class 3
2025-01-27 06:07:36,324 - xai.nshap_analysis - INFO - Instance 183: Predicted class 2
2025-01-27 06:07:36,324 - xai.nshap_analysis - INFO - Instance 184: Predicted class 1
2025-01-27 06:07:36,324 - xai.nshap_analysis - INFO - Instance 185: Predicted class 1
2025-01-27 06:07:36,324 - xai.nshap_analysis - INFO - Instance 186: Predicted class 2
2025-01-27 06:07:36,325 - xai.nshap_analysis - INFO - Instance 187: Predicted class 0
2025-01-27 06:07:36,325 - xai.nshap_analysis - INFO - Instance 188: Predicted class 1
2025-01-27 06:07:36,325 - xai.nshap_analysis - INFO - Instance 189: Predicted class 0
2025-01-27 06:07:36,325 - xai.nshap_analysis - INFO - Instance 190: Predicted class 1
2025-01-27 06:07:36,326 - xai.nshap_analysis - INFO - Instance 191: Predicted class 3
2025-01-27 06:07:36,326 - xai.nshap_analysis - INFO - Instance 192: Predicted class 1
2025-01-27 06:07:36,326 - xai.nshap_analysis - INFO - Instance 193: Predicted class 3
2025-01-27 06:07:36,330 - xai.nshap_analysis - INFO - Instance 194: Predicted class 0
2025-01-27 06:07:36,331 - xai.nshap_analysis - INFO - Instance 195: Predicted class 3
2025-01-27 06:07:36,331 - xai.nshap_analysis - INFO - Instance 196: Predicted class 0
2025-01-27 06:07:36,331 - xai.nshap_analysis - INFO - Instance 197: Predicted class 1
2025-01-27 06:07:36,331 - xai.nshap_analysis - INFO - Instance 198: Predicted class 2
2025-01-27 06:07:36,332 - xai.nshap_analysis - INFO - Instance 199: Predicted class 2
2025-01-27 06:07:59,916 - xai.nshap_analysis - INFO - Instance 200: Predicted class 3
2025-01-27 06:07:59,917 - xai.nshap_analysis - INFO - Instance 201: Predicted class 1
2025-01-27 06:07:59,917 - xai.nshap_analysis - INFO - Instance 202: Predicted class 1
2025-01-27 06:07:59,918 - xai.nshap_analysis - INFO - Instance 203: Predicted class 1
2025-01-27 06:07:59,918 - xai.nshap_analysis - INFO - Instance 204: Predicted class 1
2025-01-27 06:07:59,919 - xai.nshap_analysis - INFO - Instance 205: Predicted class 1
2025-01-27 06:07:59,919 - xai.nshap_analysis - INFO - Instance 206: Predicted class 1
2025-01-27 06:07:59,919 - xai.nshap_analysis - INFO - Instance 207: Predicted class 3
2025-01-27 06:07:59,919 - xai.nshap_analysis - INFO - Instance 208: Predicted class 1
2025-01-27 06:07:59,919 - xai.nshap_analysis - INFO - Instance 209: Predicted class 2
2025-01-27 06:07:59,920 - xai.nshap_analysis - INFO - Instance 210: Predicted class 0
2025-01-27 06:07:59,920 - xai.nshap_analysis - INFO - Instance 211: Predicted class 3
2025-01-27 06:07:59,920 - xai.nshap_analysis - INFO - Instance 212: Predicted class 2
2025-01-27 06:07:59,920 - xai.nshap_analysis - INFO - Instance 213: Predicted class 1
2025-01-27 06:07:59,921 - xai.nshap_analysis - INFO - Instance 214: Predicted class 2
2025-01-27 06:07:59,921 - xai.nshap_analysis - INFO - Instance 215: Predicted class 2
2025-01-27 06:07:59,921 - xai.nshap_analysis - INFO - Instance 216: Predicted class 2
2025-01-27 06:07:59,921 - xai.nshap_analysis - INFO - Instance 217: Predicted class 1
2025-01-27 06:07:59,922 - xai.nshap_analysis - INFO - Instance 218: Predicted class 1
2025-01-27 06:07:59,925 - xai.nshap_analysis - INFO - Instance 219: Predicted class 2
2025-01-27 06:08:23,543 - xai.nshap_analysis - INFO - Instance 220: Predicted class 1
2025-01-27 06:08:23,543 - xai.nshap_analysis - INFO - Instance 221: Predicted class 3
2025-01-27 06:08:23,544 - xai.nshap_analysis - INFO - Instance 222: Predicted class 3
2025-01-27 06:08:23,544 - xai.nshap_analysis - INFO - Instance 223: Predicted class 0
2025-01-27 06:08:23,544 - xai.nshap_analysis - INFO - Instance 224: Predicted class 3
2025-01-27 06:08:23,544 - xai.nshap_analysis - INFO - Instance 225: Predicted class 2
2025-01-27 06:08:23,545 - xai.nshap_analysis - INFO - Instance 226: Predicted class 2
2025-01-27 06:08:23,545 - xai.nshap_analysis - INFO - Instance 227: Predicted class 1
2025-01-27 06:08:23,545 - xai.nshap_analysis - INFO - Instance 228: Predicted class 0
2025-01-27 06:08:23,545 - xai.nshap_analysis - INFO - Instance 229: Predicted class 3
2025-01-27 06:08:23,545 - xai.nshap_analysis - INFO - Instance 230: Predicted class 2
2025-01-27 06:08:23,546 - xai.nshap_analysis - INFO - Instance 231: Predicted class 3
2025-01-27 06:08:23,546 - xai.nshap_analysis - INFO - Instance 232: Predicted class 3
2025-01-27 06:08:23,546 - xai.nshap_analysis - INFO - Instance 233: Predicted class 0
2025-01-27 06:08:23,550 - xai.nshap_analysis - INFO - Instance 234: Predicted class 0
2025-01-27 06:08:23,551 - xai.nshap_analysis - INFO - Instance 235: Predicted class 0
2025-01-27 06:08:23,551 - xai.nshap_analysis - INFO - Instance 236: Predicted class 1
2025-01-27 06:08:23,551 - xai.nshap_analysis - INFO - Instance 237: Predicted class 3
2025-01-27 06:08:23,551 - xai.nshap_analysis - INFO - Instance 238: Predicted class 1
2025-01-27 06:08:23,552 - xai.nshap_analysis - INFO - Instance 239: Predicted class 3
2025-01-27 06:08:47,448 - xai.nshap_analysis - INFO - Instance 240: Predicted class 2
2025-01-27 06:08:47,449 - xai.nshap_analysis - INFO - Instance 241: Predicted class 1
2025-01-27 06:08:47,449 - xai.nshap_analysis - INFO - Instance 242: Predicted class 0
2025-01-27 06:08:47,450 - xai.nshap_analysis - INFO - Instance 243: Predicted class 2
2025-01-27 06:08:47,450 - xai.nshap_analysis - INFO - Instance 244: Predicted class 1
2025-01-27 06:08:47,450 - xai.nshap_analysis - INFO - Instance 245: Predicted class 0
2025-01-27 06:08:47,450 - xai.nshap_analysis - INFO - Instance 246: Predicted class 2
2025-01-27 06:08:47,450 - xai.nshap_analysis - INFO - Instance 247: Predicted class 1
2025-01-27 06:08:47,451 - xai.nshap_analysis - INFO - Instance 248: Predicted class 3
2025-01-27 06:08:47,451 - xai.nshap_analysis - INFO - Instance 249: Predicted class 2
2025-01-27 06:08:47,451 - xai.nshap_analysis - INFO - Instance 250: Predicted class 2
2025-01-27 06:08:47,451 - xai.nshap_analysis - INFO - Instance 251: Predicted class 1
2025-01-27 06:08:47,451 - xai.nshap_analysis - INFO - Instance 252: Predicted class 1
2025-01-27 06:08:47,452 - xai.nshap_analysis - INFO - Instance 253: Predicted class 0
2025-01-27 06:08:47,452 - xai.nshap_analysis - INFO - Instance 254: Predicted class 3
2025-01-27 06:08:47,452 - xai.nshap_analysis - INFO - Instance 255: Predicted class 0
2025-01-27 06:08:47,452 - xai.nshap_analysis - INFO - Instance 256: Predicted class 3
2025-01-27 06:08:47,452 - xai.nshap_analysis - INFO - Instance 257: Predicted class 0
2025-01-27 06:08:47,453 - xai.nshap_analysis - INFO - Instance 258: Predicted class 0
2025-01-27 06:08:47,457 - xai.nshap_analysis - INFO - Instance 259: Predicted class 0
2025-01-27 06:09:11,178 - xai.nshap_analysis - INFO - Instance 260: Predicted class 1
2025-01-27 06:09:11,179 - xai.nshap_analysis - INFO - Instance 261: Predicted class 3
2025-01-27 06:09:11,179 - xai.nshap_analysis - INFO - Instance 262: Predicted class 0
2025-01-27 06:09:11,179 - xai.nshap_analysis - INFO - Instance 263: Predicted class 2
2025-01-27 06:09:11,180 - xai.nshap_analysis - INFO - Instance 264: Predicted class 0
2025-01-27 06:09:11,180 - xai.nshap_analysis - INFO - Instance 265: Predicted class 1
2025-01-27 06:09:11,180 - xai.nshap_analysis - INFO - Instance 266: Predicted class 1
2025-01-27 06:09:11,180 - xai.nshap_analysis - INFO - Instance 267: Predicted class 2
2025-01-27 06:09:11,180 - xai.nshap_analysis - INFO - Instance 268: Predicted class 1
2025-01-27 06:09:11,181 - xai.nshap_analysis - INFO - Instance 269: Predicted class 0
2025-01-27 06:09:11,181 - xai.nshap_analysis - INFO - Instance 270: Predicted class 0
2025-01-27 06:09:11,181 - xai.nshap_analysis - INFO - Instance 271: Predicted class 3
2025-01-27 06:09:11,181 - xai.nshap_analysis - INFO - Instance 272: Predicted class 2
2025-01-27 06:09:11,182 - xai.nshap_analysis - INFO - Instance 273: Predicted class 0
2025-01-27 06:09:11,182 - xai.nshap_analysis - INFO - Instance 274: Predicted class 0
2025-01-27 06:09:11,182 - xai.nshap_analysis - INFO - Instance 275: Predicted class 1
2025-01-27 06:09:11,182 - xai.nshap_analysis - INFO - Instance 276: Predicted class 0
2025-01-27 06:09:11,182 - xai.nshap_analysis - INFO - Instance 277: Predicted class 0
2025-01-27 06:09:11,187 - xai.nshap_analysis - INFO - Instance 278: Predicted class 3
2025-01-27 06:09:11,187 - xai.nshap_analysis - INFO - Instance 279: Predicted class 1
2025-01-27 06:09:34,861 - xai.nshap_analysis - INFO - Instance 280: Predicted class 1
2025-01-27 06:09:34,861 - xai.nshap_analysis - INFO - Instance 281: Predicted class 3
2025-01-27 06:09:34,862 - xai.nshap_analysis - INFO - Instance 282: Predicted class 0
2025-01-27 06:09:34,862 - xai.nshap_analysis - INFO - Instance 283: Predicted class 1
2025-01-27 06:09:34,862 - xai.nshap_analysis - INFO - Instance 284: Predicted class 3
2025-01-27 06:09:34,862 - xai.nshap_analysis - INFO - Instance 285: Predicted class 1
2025-01-27 06:09:34,863 - xai.nshap_analysis - INFO - Instance 286: Predicted class 2
2025-01-27 06:09:34,863 - xai.nshap_analysis - INFO - Instance 287: Predicted class 2
2025-01-27 06:09:34,863 - xai.nshap_analysis - INFO - Instance 288: Predicted class 0
2025-01-27 06:09:34,863 - xai.nshap_analysis - INFO - Instance 289: Predicted class 1
2025-01-27 06:09:34,863 - xai.nshap_analysis - INFO - Instance 290: Predicted class 0
2025-01-27 06:09:34,864 - xai.nshap_analysis - INFO - Instance 291: Predicted class 0
2025-01-27 06:09:34,864 - xai.nshap_analysis - INFO - Instance 292: Predicted class 2
2025-01-27 06:09:34,868 - xai.nshap_analysis - INFO - Instance 293: Predicted class 2
2025-01-27 06:09:34,869 - xai.nshap_analysis - INFO - Instance 294: Predicted class 1
2025-01-27 06:09:34,869 - xai.nshap_analysis - INFO - Instance 295: Predicted class 0
2025-01-27 06:09:34,870 - xai.nshap_analysis - INFO - Instance 296: Predicted class 2
2025-01-27 06:09:34,870 - xai.nshap_analysis - INFO - Instance 297: Predicted class 0
2025-01-27 06:09:34,870 - xai.nshap_analysis - INFO - Instance 298: Predicted class 0
2025-01-27 06:09:34,870 - xai.nshap_analysis - INFO - Instance 299: Predicted class 1
2025-01-27 06:09:58,356 - xai.nshap_analysis - INFO - Instance 300: Predicted class 0
2025-01-27 06:09:58,357 - xai.nshap_analysis - INFO - Instance 301: Predicted class 1
2025-01-27 06:09:58,357 - xai.nshap_analysis - INFO - Instance 302: Predicted class 3
2025-01-27 06:09:58,358 - xai.nshap_analysis - INFO - Instance 303: Predicted class 2
2025-01-27 06:09:58,358 - xai.nshap_analysis - INFO - Instance 304: Predicted class 1
2025-01-27 06:09:58,358 - xai.nshap_analysis - INFO - Instance 305: Predicted class 0
2025-01-27 06:09:58,358 - xai.nshap_analysis - INFO - Instance 306: Predicted class 3
2025-01-27 06:09:58,359 - xai.nshap_analysis - INFO - Instance 307: Predicted class 1
2025-01-27 06:09:58,359 - xai.nshap_analysis - INFO - Instance 308: Predicted class 0
2025-01-27 06:09:58,359 - xai.nshap_analysis - INFO - Instance 309: Predicted class 0
2025-01-27 06:09:58,359 - xai.nshap_analysis - INFO - Instance 310: Predicted class 1
2025-01-27 06:09:58,359 - xai.nshap_analysis - INFO - Instance 311: Predicted class 1
2025-01-27 06:09:58,360 - xai.nshap_analysis - INFO - Instance 312: Predicted class 0
2025-01-27 06:09:58,360 - xai.nshap_analysis - INFO - Instance 313: Predicted class 0
2025-01-27 06:09:58,360 - xai.nshap_analysis - INFO - Instance 314: Predicted class 0
2025-01-27 06:09:58,360 - xai.nshap_analysis - INFO - Instance 315: Predicted class 1
2025-01-27 06:09:58,361 - xai.nshap_analysis - INFO - Instance 316: Predicted class 0
2025-01-27 06:09:58,361 - xai.nshap_analysis - INFO - Instance 317: Predicted class 0
2025-01-27 06:09:58,361 - xai.nshap_analysis - INFO - Instance 318: Predicted class 0
2025-01-27 06:09:58,361 - xai.nshap_analysis - INFO - Instance 319: Predicted class 1
2025-01-27 06:10:22,140 - xai.nshap_analysis - INFO - Instance 320: Predicted class 0
2025-01-27 06:10:22,140 - xai.nshap_analysis - INFO - Instance 321: Predicted class 2
2025-01-27 06:10:22,141 - xai.nshap_analysis - INFO - Instance 322: Predicted class 0
2025-01-27 06:10:22,141 - xai.nshap_analysis - INFO - Instance 323: Predicted class 0
2025-01-27 06:10:22,141 - xai.nshap_analysis - INFO - Instance 324: Predicted class 3
2025-01-27 06:10:22,141 - xai.nshap_analysis - INFO - Instance 325: Predicted class 2
2025-01-27 06:10:22,142 - xai.nshap_analysis - INFO - Instance 326: Predicted class 0
2025-01-27 06:10:22,142 - xai.nshap_analysis - INFO - Instance 327: Predicted class 0
2025-01-27 06:10:22,142 - xai.nshap_analysis - INFO - Instance 328: Predicted class 0
2025-01-27 06:10:22,142 - xai.nshap_analysis - INFO - Instance 329: Predicted class 3
2025-01-27 06:10:22,143 - xai.nshap_analysis - INFO - Instance 330: Predicted class 0
2025-01-27 06:10:22,143 - xai.nshap_analysis - INFO - Instance 331: Predicted class 0
2025-01-27 06:10:22,143 - xai.nshap_analysis - INFO - Instance 332: Predicted class 0
2025-01-27 06:10:22,143 - xai.nshap_analysis - INFO - Instance 333: Predicted class 1
2025-01-27 06:10:22,143 - xai.nshap_analysis - INFO - Instance 334: Predicted class 1
2025-01-27 06:10:22,148 - xai.nshap_analysis - INFO - Instance 335: Predicted class 2
2025-01-27 06:10:22,148 - xai.nshap_analysis - INFO - Instance 336: Predicted class 0
2025-01-27 06:10:22,148 - xai.nshap_analysis - INFO - Instance 337: Predicted class 0
2025-01-27 06:10:22,149 - xai.nshap_analysis - INFO - Instance 338: Predicted class 2
2025-01-27 06:10:22,149 - xai.nshap_analysis - INFO - Instance 339: Predicted class 3
2025-01-27 06:10:45,828 - xai.nshap_analysis - INFO - Instance 340: Predicted class 1
2025-01-27 06:10:45,829 - xai.nshap_analysis - INFO - Instance 341: Predicted class 3
2025-01-27 06:10:45,829 - xai.nshap_analysis - INFO - Instance 342: Predicted class 0
2025-01-27 06:10:45,830 - xai.nshap_analysis - INFO - Instance 343: Predicted class 1
2025-01-27 06:10:45,830 - xai.nshap_analysis - INFO - Instance 344: Predicted class 0
2025-01-27 06:10:45,830 - xai.nshap_analysis - INFO - Instance 345: Predicted class 1
2025-01-27 06:10:45,830 - xai.nshap_analysis - INFO - Instance 346: Predicted class 2
2025-01-27 06:10:45,831 - xai.nshap_analysis - INFO - Instance 347: Predicted class 1
2025-01-27 06:10:45,831 - xai.nshap_analysis - INFO - Instance 348: Predicted class 3
2025-01-27 06:10:45,831 - xai.nshap_analysis - INFO - Instance 349: Predicted class 1
2025-01-27 06:10:45,831 - xai.nshap_analysis - INFO - Instance 350: Predicted class 2
2025-01-27 06:10:45,831 - xai.nshap_analysis - INFO - Instance 351: Predicted class 0
2025-01-27 06:10:45,832 - xai.nshap_analysis - INFO - Instance 352: Predicted class 1
2025-01-27 06:10:45,832 - xai.nshap_analysis - INFO - Instance 353: Predicted class 0
2025-01-27 06:10:45,832 - xai.nshap_analysis - INFO - Instance 354: Predicted class 3
2025-01-27 06:10:45,832 - xai.nshap_analysis - INFO - Instance 355: Predicted class 0
2025-01-27 06:10:45,833 - xai.nshap_analysis - INFO - Instance 356: Predicted class 0
2025-01-27 06:10:45,833 - xai.nshap_analysis - INFO - Instance 357: Predicted class 2
2025-01-27 06:10:45,833 - xai.nshap_analysis - INFO - Instance 358: Predicted class 1
2025-01-27 06:10:45,837 - xai.nshap_analysis - INFO - Instance 359: Predicted class 0
2025-01-27 06:11:09,415 - xai.nshap_analysis - INFO - Instance 360: Predicted class 0
2025-01-27 06:11:09,415 - xai.nshap_analysis - INFO - Instance 361: Predicted class 0
2025-01-27 06:11:09,416 - xai.nshap_analysis - INFO - Instance 362: Predicted class 2
2025-01-27 06:11:09,416 - xai.nshap_analysis - INFO - Instance 363: Predicted class 3
2025-01-27 06:11:09,416 - xai.nshap_analysis - INFO - Instance 364: Predicted class 1
2025-01-27 06:11:09,416 - xai.nshap_analysis - INFO - Instance 365: Predicted class 0
2025-01-27 06:11:09,417 - xai.nshap_analysis - INFO - Instance 366: Predicted class 0
2025-01-27 06:11:09,417 - xai.nshap_analysis - INFO - Instance 367: Predicted class 0
2025-01-27 06:11:09,417 - xai.nshap_analysis - INFO - Instance 368: Predicted class 1
2025-01-27 06:11:09,417 - xai.nshap_analysis - INFO - Instance 369: Predicted class 1
2025-01-27 06:11:09,417 - xai.nshap_analysis - INFO - Instance 370: Predicted class 0
2025-01-27 06:11:09,418 - xai.nshap_analysis - INFO - Instance 371: Predicted class 1
2025-01-27 06:11:09,422 - xai.nshap_analysis - INFO - Instance 372: Predicted class 2
2025-01-27 06:11:09,422 - xai.nshap_analysis - INFO - Instance 373: Predicted class 1
2025-01-27 06:11:09,423 - xai.nshap_analysis - INFO - Instance 374: Predicted class 1
2025-01-27 06:11:09,423 - xai.nshap_analysis - INFO - Instance 375: Predicted class 1
2025-01-27 06:11:09,423 - xai.nshap_analysis - INFO - Instance 376: Predicted class 2
2025-01-27 06:11:09,423 - xai.nshap_analysis - INFO - Instance 377: Predicted class 0
2025-01-27 06:11:09,424 - xai.nshap_analysis - INFO - Instance 378: Predicted class 3
2025-01-27 06:11:09,424 - xai.nshap_analysis - INFO - Instance 379: Predicted class 1
2025-01-27 06:11:33,728 - xai.nshap_analysis - INFO - Instance 380: Predicted class 1
2025-01-27 06:11:33,728 - xai.nshap_analysis - INFO - Instance 381: Predicted class 3
2025-01-27 06:11:33,729 - xai.nshap_analysis - INFO - Instance 382: Predicted class 3
2025-01-27 06:11:33,729 - xai.nshap_analysis - INFO - Instance 383: Predicted class 3
2025-01-27 06:11:33,729 - xai.nshap_analysis - INFO - Instance 384: Predicted class 0
2025-01-27 06:11:33,729 - xai.nshap_analysis - INFO - Instance 385: Predicted class 1
2025-01-27 06:11:33,730 - xai.nshap_analysis - INFO - Instance 386: Predicted class 3
2025-01-27 06:11:33,730 - xai.nshap_analysis - INFO - Instance 387: Predicted class 2
2025-01-27 06:11:33,730 - xai.nshap_analysis - INFO - Instance 388: Predicted class 2
2025-01-27 06:11:33,730 - xai.nshap_analysis - INFO - Instance 389: Predicted class 0
2025-01-27 06:11:33,731 - xai.nshap_analysis - INFO - Instance 390: Predicted class 1
2025-01-27 06:11:33,731 - xai.nshap_analysis - INFO - Instance 391: Predicted class 1
2025-01-27 06:11:33,731 - xai.nshap_analysis - INFO - Instance 392: Predicted class 0
2025-01-27 06:11:33,731 - xai.nshap_analysis - INFO - Instance 393: Predicted class 0
2025-01-27 06:11:33,731 - xai.nshap_analysis - INFO - Instance 394: Predicted class 2
2025-01-27 06:11:33,732 - xai.nshap_analysis - INFO - Instance 395: Predicted class 3
2025-01-27 06:11:33,736 - xai.nshap_analysis - INFO - Instance 396: Predicted class 0
2025-01-27 06:11:33,736 - xai.nshap_analysis - INFO - Instance 397: Predicted class 1
2025-01-27 06:11:33,736 - xai.nshap_analysis - INFO - Instance 398: Predicted class 2
2025-01-27 06:11:33,736 - xai.nshap_analysis - INFO - Instance 399: Predicted class 1
2025-01-27 06:11:57,466 - xai.nshap_analysis - INFO - Instance 400: Predicted class 2
2025-01-27 06:11:57,467 - xai.nshap_analysis - INFO - Instance 401: Predicted class 3
2025-01-27 06:11:57,467 - xai.nshap_analysis - INFO - Instance 402: Predicted class 3
2025-01-27 06:11:57,468 - xai.nshap_analysis - INFO - Instance 403: Predicted class 0
2025-01-27 06:11:57,468 - xai.nshap_analysis - INFO - Instance 404: Predicted class 2
2025-01-27 06:11:57,468 - xai.nshap_analysis - INFO - Instance 405: Predicted class 0
2025-01-27 06:11:57,468 - xai.nshap_analysis - INFO - Instance 406: Predicted class 0
2025-01-27 06:11:57,468 - xai.nshap_analysis - INFO - Instance 407: Predicted class 1
2025-01-27 06:11:57,469 - xai.nshap_analysis - INFO - Instance 408: Predicted class 0
2025-01-27 06:11:57,469 - xai.nshap_analysis - INFO - Instance 409: Predicted class 1
2025-01-27 06:11:57,469 - xai.nshap_analysis - INFO - Instance 410: Predicted class 2
2025-01-27 06:11:57,469 - xai.nshap_analysis - INFO - Instance 411: Predicted class 3
2025-01-27 06:11:57,470 - xai.nshap_analysis - INFO - Instance 412: Predicted class 0
2025-01-27 06:11:57,470 - xai.nshap_analysis - INFO - Instance 413: Predicted class 0
2025-01-27 06:11:57,474 - xai.nshap_analysis - INFO - Instance 414: Predicted class 2
2025-01-27 06:11:57,474 - xai.nshap_analysis - INFO - Instance 415: Predicted class 0
2025-01-27 06:11:57,475 - xai.nshap_analysis - INFO - Instance 416: Predicted class 2
2025-01-27 06:11:57,475 - xai.nshap_analysis - INFO - Instance 417: Predicted class 0
2025-01-27 06:11:57,475 - xai.nshap_analysis - INFO - Instance 418: Predicted class 1
2025-01-27 06:11:57,475 - xai.nshap_analysis - INFO - Instance 419: Predicted class 3
2025-01-27 06:12:21,199 - xai.nshap_analysis - INFO - Instance 420: Predicted class 3
2025-01-27 06:12:21,200 - xai.nshap_analysis - INFO - Instance 421: Predicted class 3
2025-01-27 06:12:21,200 - xai.nshap_analysis - INFO - Instance 422: Predicted class 2
2025-01-27 06:12:21,200 - xai.nshap_analysis - INFO - Instance 423: Predicted class 1
2025-01-27 06:12:21,200 - xai.nshap_analysis - INFO - Instance 424: Predicted class 0
2025-01-27 06:12:21,201 - xai.nshap_analysis - INFO - Instance 425: Predicted class 0
2025-01-27 06:12:21,201 - xai.nshap_analysis - INFO - Instance 426: Predicted class 0
2025-01-27 06:12:21,201 - xai.nshap_analysis - INFO - Instance 427: Predicted class 1
2025-01-27 06:12:21,201 - xai.nshap_analysis - INFO - Instance 428: Predicted class 1
2025-01-27 06:12:21,202 - xai.nshap_analysis - INFO - Instance 429: Predicted class 0
2025-01-27 06:12:21,202 - xai.nshap_analysis - INFO - Instance 430: Predicted class 0
2025-01-27 06:12:21,202 - xai.nshap_analysis - INFO - Instance 431: Predicted class 3
2025-01-27 06:12:21,202 - xai.nshap_analysis - INFO - Instance 432: Predicted class 1
2025-01-27 06:12:21,206 - xai.nshap_analysis - INFO - Instance 433: Predicted class 1
2025-01-27 06:12:21,207 - xai.nshap_analysis - INFO - Instance 434: Predicted class 0
2025-01-27 06:12:21,207 - xai.nshap_analysis - INFO - Instance 435: Predicted class 2
2025-01-27 06:12:21,207 - xai.nshap_analysis - INFO - Instance 436: Predicted class 1
2025-01-27 06:12:21,208 - xai.nshap_analysis - INFO - Instance 437: Predicted class 0
2025-01-27 06:12:21,208 - xai.nshap_analysis - INFO - Instance 438: Predicted class 3
2025-01-27 06:12:21,208 - xai.nshap_analysis - INFO - Instance 439: Predicted class 0
2025-01-27 06:12:45,091 - xai.nshap_analysis - INFO - Instance 440: Predicted class 0
2025-01-27 06:12:45,092 - xai.nshap_analysis - INFO - Instance 441: Predicted class 1
2025-01-27 06:12:45,092 - xai.nshap_analysis - INFO - Instance 442: Predicted class 3
2025-01-27 06:12:45,093 - xai.nshap_analysis - INFO - Instance 443: Predicted class 0
2025-01-27 06:12:45,093 - xai.nshap_analysis - INFO - Instance 444: Predicted class 0
2025-01-27 06:12:45,093 - xai.nshap_analysis - INFO - Instance 445: Predicted class 2
2025-01-27 06:12:45,093 - xai.nshap_analysis - INFO - Instance 446: Predicted class 3
2025-01-27 06:12:45,094 - xai.nshap_analysis - INFO - Instance 447: Predicted class 3
2025-01-27 06:12:45,094 - xai.nshap_analysis - INFO - Instance 448: Predicted class 0
2025-01-27 06:12:45,094 - xai.nshap_analysis - INFO - Instance 449: Predicted class 1
2025-01-27 06:12:45,094 - xai.nshap_analysis - INFO - Instance 450: Predicted class 1
2025-01-27 06:12:45,095 - xai.nshap_analysis - INFO - Instance 451: Predicted class 3
2025-01-27 06:12:45,099 - xai.nshap_analysis - INFO - Instance 452: Predicted class 3
2025-01-27 06:12:45,099 - xai.nshap_analysis - INFO - Instance 453: Predicted class 3
2025-01-27 06:12:45,099 - xai.nshap_analysis - INFO - Instance 454: Predicted class 1
2025-01-27 06:12:45,100 - xai.nshap_analysis - INFO - Instance 455: Predicted class 0
2025-01-27 06:12:45,100 - xai.nshap_analysis - INFO - Instance 456: Predicted class 3
2025-01-27 06:12:45,100 - xai.nshap_analysis - INFO - Instance 457: Predicted class 0
2025-01-27 06:12:45,100 - xai.nshap_analysis - INFO - Instance 458: Predicted class 3
2025-01-27 06:12:45,100 - xai.nshap_analysis - INFO - Instance 459: Predicted class 1
2025-01-27 06:13:08,886 - xai.nshap_analysis - INFO - Instance 460: Predicted class 1
2025-01-27 06:13:08,886 - xai.nshap_analysis - INFO - Instance 461: Predicted class 0
2025-01-27 06:13:08,887 - xai.nshap_analysis - INFO - Instance 462: Predicted class 0
2025-01-27 06:13:08,887 - xai.nshap_analysis - INFO - Instance 463: Predicted class 0
2025-01-27 06:13:08,887 - xai.nshap_analysis - INFO - Instance 464: Predicted class 0
2025-01-27 06:13:08,888 - xai.nshap_analysis - INFO - Instance 465: Predicted class 2
2025-01-27 06:13:08,888 - xai.nshap_analysis - INFO - Instance 466: Predicted class 1
2025-01-27 06:13:08,888 - xai.nshap_analysis - INFO - Instance 467: Predicted class 1
2025-01-27 06:13:08,888 - xai.nshap_analysis - INFO - Instance 468: Predicted class 0
2025-01-27 06:13:08,888 - xai.nshap_analysis - INFO - Instance 469: Predicted class 0
2025-01-27 06:13:08,889 - xai.nshap_analysis - INFO - Instance 470: Predicted class 3
2025-01-27 06:13:08,889 - xai.nshap_analysis - INFO - Instance 471: Predicted class 1
2025-01-27 06:13:08,889 - xai.nshap_analysis - INFO - Instance 472: Predicted class 3
2025-01-27 06:13:08,889 - xai.nshap_analysis - INFO - Instance 473: Predicted class 0
2025-01-27 06:13:08,890 - xai.nshap_analysis - INFO - Instance 474: Predicted class 0
2025-01-27 06:13:08,890 - xai.nshap_analysis - INFO - Instance 475: Predicted class 1
2025-01-27 06:13:08,890 - xai.nshap_analysis - INFO - Instance 476: Predicted class 1
2025-01-27 06:13:08,890 - xai.nshap_analysis - INFO - Instance 477: Predicted class 1
2025-01-27 06:13:08,894 - xai.nshap_analysis - INFO - Instance 478: Predicted class 3
2025-01-27 06:13:08,895 - xai.nshap_analysis - INFO - Instance 479: Predicted class 3
2025-01-27 06:13:32,934 - xai.nshap_analysis - INFO - Instance 480: Predicted class 1
2025-01-27 06:13:32,935 - xai.nshap_analysis - INFO - Instance 481: Predicted class 2
2025-01-27 06:13:32,935 - xai.nshap_analysis - INFO - Instance 482: Predicted class 0
2025-01-27 06:13:32,936 - xai.nshap_analysis - INFO - Instance 483: Predicted class 2
2025-01-27 06:13:32,936 - xai.nshap_analysis - INFO - Instance 484: Predicted class 1
2025-01-27 06:13:32,936 - xai.nshap_analysis - INFO - Instance 485: Predicted class 1
2025-01-27 06:13:32,936 - xai.nshap_analysis - INFO - Instance 486: Predicted class 0
2025-01-27 06:13:32,937 - xai.nshap_analysis - INFO - Instance 487: Predicted class 0
2025-01-27 06:13:32,937 - xai.nshap_analysis - INFO - Instance 488: Predicted class 2
2025-01-27 06:13:32,937 - xai.nshap_analysis - INFO - Instance 489: Predicted class 1
2025-01-27 06:13:32,937 - xai.nshap_analysis - INFO - Instance 490: Predicted class 0
2025-01-27 06:13:32,941 - xai.nshap_analysis - INFO - Instance 491: Predicted class 1
2025-01-27 06:13:32,942 - xai.nshap_analysis - INFO - Instance 492: Predicted class 1
2025-01-27 06:13:32,942 - xai.nshap_analysis - INFO - Instance 493: Predicted class 0
2025-01-27 06:13:32,942 - xai.nshap_analysis - INFO - Instance 494: Predicted class 1
2025-01-27 06:13:32,943 - xai.nshap_analysis - INFO - Instance 495: Predicted class 2
2025-01-27 06:13:32,943 - xai.nshap_analysis - INFO - Instance 496: Predicted class 0
2025-01-27 06:13:32,943 - xai.nshap_analysis - INFO - Instance 497: Predicted class 3
2025-01-27 06:13:32,943 - xai.nshap_analysis - INFO - Instance 498: Predicted class 1
2025-01-27 06:13:32,944 - xai.nshap_analysis - INFO - Instance 499: Predicted class 0
2025-01-27 06:13:56,511 - xai.nshap_analysis - INFO - Instance 500: Predicted class 3
2025-01-27 06:13:56,511 - xai.nshap_analysis - INFO - Instance 501: Predicted class 2
2025-01-27 06:13:56,512 - xai.nshap_analysis - INFO - Instance 502: Predicted class 1
2025-01-27 06:13:56,512 - xai.nshap_analysis - INFO - Instance 503: Predicted class 1
2025-01-27 06:13:56,512 - xai.nshap_analysis - INFO - Instance 504: Predicted class 3
2025-01-27 06:13:56,512 - xai.nshap_analysis - INFO - Instance 505: Predicted class 2
2025-01-27 06:13:56,513 - xai.nshap_analysis - INFO - Instance 506: Predicted class 0
2025-01-27 06:13:56,513 - xai.nshap_analysis - INFO - Instance 507: Predicted class 0
2025-01-27 06:13:56,513 - xai.nshap_analysis - INFO - Instance 508: Predicted class 3
2025-01-27 06:13:56,513 - xai.nshap_analysis - INFO - Instance 509: Predicted class 2
2025-01-27 06:13:56,513 - xai.nshap_analysis - INFO - Instance 510: Predicted class 3
2025-01-27 06:13:56,514 - xai.nshap_analysis - INFO - Instance 511: Predicted class 0
2025-01-27 06:13:56,514 - xai.nshap_analysis - INFO - Instance 512: Predicted class 2
2025-01-27 06:13:56,514 - xai.nshap_analysis - INFO - Instance 513: Predicted class 1
2025-01-27 06:13:56,518 - xai.nshap_analysis - INFO - Instance 514: Predicted class 0
2025-01-27 06:13:56,519 - xai.nshap_analysis - INFO - Instance 515: Predicted class 0
2025-01-27 06:13:56,519 - xai.nshap_analysis - INFO - Instance 516: Predicted class 1
2025-01-27 06:13:56,519 - xai.nshap_analysis - INFO - Instance 517: Predicted class 2
2025-01-27 06:13:56,520 - xai.nshap_analysis - INFO - Instance 518: Predicted class 0
2025-01-27 06:13:56,520 - xai.nshap_analysis - INFO - Instance 519: Predicted class 3
2025-01-27 06:14:20,486 - xai.nshap_analysis - INFO - Instance 520: Predicted class 1
2025-01-27 06:14:20,487 - xai.nshap_analysis - INFO - Instance 521: Predicted class 1
2025-01-27 06:14:20,487 - xai.nshap_analysis - INFO - Instance 522: Predicted class 1
2025-01-27 06:14:20,487 - xai.nshap_analysis - INFO - Instance 523: Predicted class 1
2025-01-27 06:14:20,488 - xai.nshap_analysis - INFO - Instance 524: Predicted class 3
2025-01-27 06:14:20,488 - xai.nshap_analysis - INFO - Instance 525: Predicted class 1
2025-01-27 06:14:20,488 - xai.nshap_analysis - INFO - Instance 526: Predicted class 2
2025-01-27 06:14:20,488 - xai.nshap_analysis - INFO - Instance 527: Predicted class 1
2025-01-27 06:14:20,489 - xai.nshap_analysis - INFO - Instance 528: Predicted class 3
2025-01-27 06:14:20,489 - xai.nshap_analysis - INFO - Instance 529: Predicted class 3
2025-01-27 06:14:20,489 - xai.nshap_analysis - INFO - Instance 530: Predicted class 1
2025-01-27 06:14:20,489 - xai.nshap_analysis - INFO - Instance 531: Predicted class 0
2025-01-27 06:14:20,489 - xai.nshap_analysis - INFO - Instance 532: Predicted class 3
2025-01-27 06:14:20,490 - xai.nshap_analysis - INFO - Instance 533: Predicted class 3
2025-01-27 06:14:20,490 - xai.nshap_analysis - INFO - Instance 534: Predicted class 2
2025-01-27 06:14:20,490 - xai.nshap_analysis - INFO - Instance 535: Predicted class 1
2025-01-27 06:14:20,490 - xai.nshap_analysis - INFO - Instance 536: Predicted class 1
2025-01-27 06:14:20,494 - xai.nshap_analysis - INFO - Instance 537: Predicted class 2
2025-01-27 06:14:20,495 - xai.nshap_analysis - INFO - Instance 538: Predicted class 3
2025-01-27 06:14:20,495 - xai.nshap_analysis - INFO - Instance 539: Predicted class 0
2025-01-27 06:14:44,154 - xai.nshap_analysis - INFO - Instance 540: Predicted class 0
2025-01-27 06:14:44,155 - xai.nshap_analysis - INFO - Instance 541: Predicted class 2
2025-01-27 06:14:44,155 - xai.nshap_analysis - INFO - Instance 542: Predicted class 1
2025-01-27 06:14:44,155 - xai.nshap_analysis - INFO - Instance 543: Predicted class 3
2025-01-27 06:14:44,156 - xai.nshap_analysis - INFO - Instance 544: Predicted class 3
2025-01-27 06:14:44,156 - xai.nshap_analysis - INFO - Instance 545: Predicted class 0
2025-01-27 06:14:44,156 - xai.nshap_analysis - INFO - Instance 546: Predicted class 0
2025-01-27 06:14:44,156 - xai.nshap_analysis - INFO - Instance 547: Predicted class 0
2025-01-27 06:14:44,156 - xai.nshap_analysis - INFO - Instance 548: Predicted class 1
2025-01-27 06:14:44,157 - xai.nshap_analysis - INFO - Instance 549: Predicted class 0
2025-01-27 06:14:44,157 - xai.nshap_analysis - INFO - Instance 550: Predicted class 0
2025-01-27 06:14:44,157 - xai.nshap_analysis - INFO - Instance 551: Predicted class 0
2025-01-27 06:14:44,157 - xai.nshap_analysis - INFO - Instance 552: Predicted class 0
2025-01-27 06:14:44,157 - xai.nshap_analysis - INFO - Instance 553: Predicted class 1
2025-01-27 06:14:44,161 - xai.nshap_analysis - INFO - Instance 554: Predicted class 0
2025-01-27 06:14:44,162 - xai.nshap_analysis - INFO - Instance 555: Predicted class 3
2025-01-27 06:14:44,162 - xai.nshap_analysis - INFO - Instance 556: Predicted class 1
2025-01-27 06:14:44,163 - xai.nshap_analysis - INFO - Instance 557: Predicted class 2
2025-01-27 06:14:44,163 - xai.nshap_analysis - INFO - Instance 558: Predicted class 0
2025-01-27 06:14:44,163 - xai.nshap_analysis - INFO - Instance 559: Predicted class 0
2025-01-27 06:15:07,852 - xai.nshap_analysis - INFO - Instance 560: Predicted class 0
2025-01-27 06:15:07,853 - xai.nshap_analysis - INFO - Instance 561: Predicted class 0
2025-01-27 06:15:07,853 - xai.nshap_analysis - INFO - Instance 562: Predicted class 2
2025-01-27 06:15:07,853 - xai.nshap_analysis - INFO - Instance 563: Predicted class 1
2025-01-27 06:15:07,854 - xai.nshap_analysis - INFO - Instance 564: Predicted class 1
2025-01-27 06:15:07,854 - xai.nshap_analysis - INFO - Instance 565: Predicted class 3
2025-01-27 06:15:07,854 - xai.nshap_analysis - INFO - Instance 566: Predicted class 0
2025-01-27 06:15:07,854 - xai.nshap_analysis - INFO - Instance 567: Predicted class 0
2025-01-27 06:15:07,854 - xai.nshap_analysis - INFO - Instance 568: Predicted class 0
2025-01-27 06:15:07,855 - xai.nshap_analysis - INFO - Instance 569: Predicted class 1
2025-01-27 06:15:07,855 - xai.nshap_analysis - INFO - Instance 570: Predicted class 1
2025-01-27 06:15:07,855 - xai.nshap_analysis - INFO - Instance 571: Predicted class 2
2025-01-27 06:15:07,855 - xai.nshap_analysis - INFO - Instance 572: Predicted class 0
2025-01-27 06:15:07,860 - xai.nshap_analysis - INFO - Instance 573: Predicted class 0
2025-01-27 06:15:07,860 - xai.nshap_analysis - INFO - Instance 574: Predicted class 0
2025-01-27 06:15:07,861 - xai.nshap_analysis - INFO - Instance 575: Predicted class 1
2025-01-27 06:15:07,861 - xai.nshap_analysis - INFO - Instance 576: Predicted class 1
2025-01-27 06:15:07,861 - xai.nshap_analysis - INFO - Instance 577: Predicted class 1
2025-01-27 06:15:07,861 - xai.nshap_analysis - INFO - Instance 578: Predicted class 0
2025-01-27 06:15:07,861 - xai.nshap_analysis - INFO - Instance 579: Predicted class 1
2025-01-27 06:15:31,476 - xai.nshap_analysis - INFO - Instance 580: Predicted class 3
2025-01-27 06:15:31,477 - xai.nshap_analysis - INFO - Instance 581: Predicted class 0
2025-01-27 06:15:31,477 - xai.nshap_analysis - INFO - Instance 582: Predicted class 3
2025-01-27 06:15:31,477 - xai.nshap_analysis - INFO - Instance 583: Predicted class 2
2025-01-27 06:15:31,478 - xai.nshap_analysis - INFO - Instance 584: Predicted class 3
2025-01-27 06:15:31,478 - xai.nshap_analysis - INFO - Instance 585: Predicted class 0
2025-01-27 06:15:31,478 - xai.nshap_analysis - INFO - Instance 586: Predicted class 3
2025-01-27 06:15:31,478 - xai.nshap_analysis - INFO - Instance 587: Predicted class 0
2025-01-27 06:15:31,479 - xai.nshap_analysis - INFO - Instance 588: Predicted class 2
2025-01-27 06:15:31,479 - xai.nshap_analysis - INFO - Instance 589: Predicted class 0
2025-01-27 06:15:31,479 - xai.nshap_analysis - INFO - Instance 590: Predicted class 0
2025-01-27 06:15:31,479 - xai.nshap_analysis - INFO - Instance 591: Predicted class 1
2025-01-27 06:15:31,483 - xai.nshap_analysis - INFO - Instance 592: Predicted class 0
2025-01-27 06:15:31,484 - xai.nshap_analysis - INFO - Instance 593: Predicted class 3
2025-01-27 06:15:31,484 - xai.nshap_analysis - INFO - Instance 594: Predicted class 3
2025-01-27 06:15:31,484 - xai.nshap_analysis - INFO - Instance 595: Predicted class 1
2025-01-27 06:15:31,486 - xai.nshap_analysis - INFO - Instance 596: Predicted class 1
2025-01-27 06:15:31,486 - xai.nshap_analysis - INFO - Instance 597: Predicted class 0
2025-01-27 06:15:31,487 - xai.nshap_analysis - INFO - Instance 598: Predicted class 3
2025-01-27 06:15:31,487 - xai.nshap_analysis - INFO - Instance 599: Predicted class 2
2025-01-27 06:15:54,977 - xai.nshap_analysis - INFO - Instance 600: Predicted class 1
2025-01-27 06:15:54,978 - xai.nshap_analysis - INFO - Instance 601: Predicted class 0
2025-01-27 06:15:54,978 - xai.nshap_analysis - INFO - Instance 602: Predicted class 0
2025-01-27 06:15:54,978 - xai.nshap_analysis - INFO - Instance 603: Predicted class 0
2025-01-27 06:15:54,979 - xai.nshap_analysis - INFO - Instance 604: Predicted class 1
2025-01-27 06:15:54,979 - xai.nshap_analysis - INFO - Instance 605: Predicted class 1
2025-01-27 06:15:54,979 - xai.nshap_analysis - INFO - Instance 606: Predicted class 0
2025-01-27 06:15:54,980 - xai.nshap_analysis - INFO - Instance 607: Predicted class 1
2025-01-27 06:15:54,980 - xai.nshap_analysis - INFO - Instance 608: Predicted class 1
2025-01-27 06:15:54,980 - xai.nshap_analysis - INFO - Instance 609: Predicted class 2
2025-01-27 06:15:54,980 - xai.nshap_analysis - INFO - Instance 610: Predicted class 0
2025-01-27 06:15:54,980 - xai.nshap_analysis - INFO - Instance 611: Predicted class 3
2025-01-27 06:15:54,980 - xai.nshap_analysis - INFO - Instance 612: Predicted class 0
2025-01-27 06:15:54,981 - xai.nshap_analysis - INFO - Instance 613: Predicted class 0
2025-01-27 06:15:54,981 - xai.nshap_analysis - INFO - Instance 614: Predicted class 1
2025-01-27 06:15:54,981 - xai.nshap_analysis - INFO - Instance 615: Predicted class 2
2025-01-27 06:15:54,985 - xai.nshap_analysis - INFO - Instance 616: Predicted class 1
2025-01-27 06:15:54,985 - xai.nshap_analysis - INFO - Instance 617: Predicted class 0
2025-01-27 06:15:54,986 - xai.nshap_analysis - INFO - Instance 618: Predicted class 0
2025-01-27 06:15:54,986 - xai.nshap_analysis - INFO - Instance 619: Predicted class 1
2025-01-27 06:16:18,774 - xai.nshap_analysis - INFO - Instance 620: Predicted class 1
2025-01-27 06:16:18,775 - xai.nshap_analysis - INFO - Instance 621: Predicted class 1
2025-01-27 06:16:18,775 - xai.nshap_analysis - INFO - Instance 622: Predicted class 2
2025-01-27 06:16:18,775 - xai.nshap_analysis - INFO - Instance 623: Predicted class 2
2025-01-27 06:16:18,776 - xai.nshap_analysis - INFO - Instance 624: Predicted class 0
2025-01-27 06:16:18,776 - xai.nshap_analysis - INFO - Instance 625: Predicted class 3
2025-01-27 06:16:18,776 - xai.nshap_analysis - INFO - Instance 626: Predicted class 1
2025-01-27 06:16:18,776 - xai.nshap_analysis - INFO - Instance 627: Predicted class 1
2025-01-27 06:16:18,777 - xai.nshap_analysis - INFO - Instance 628: Predicted class 2
2025-01-27 06:16:18,777 - xai.nshap_analysis - INFO - Instance 629: Predicted class 3
2025-01-27 06:16:18,777 - xai.nshap_analysis - INFO - Instance 630: Predicted class 2
2025-01-27 06:16:18,777 - xai.nshap_analysis - INFO - Instance 631: Predicted class 3
2025-01-27 06:16:18,781 - xai.nshap_analysis - INFO - Instance 632: Predicted class 3
2025-01-27 06:16:18,782 - xai.nshap_analysis - INFO - Instance 633: Predicted class 0
2025-01-27 06:16:18,782 - xai.nshap_analysis - INFO - Instance 634: Predicted class 1
2025-01-27 06:16:18,782 - xai.nshap_analysis - INFO - Instance 635: Predicted class 0
2025-01-27 06:16:18,783 - xai.nshap_analysis - INFO - Instance 636: Predicted class 1
2025-01-27 06:16:18,783 - xai.nshap_analysis - INFO - Instance 637: Predicted class 1
2025-01-27 06:16:18,783 - xai.nshap_analysis - INFO - Instance 638: Predicted class 3
2025-01-27 06:16:18,783 - xai.nshap_analysis - INFO - Instance 639: Predicted class 2
2025-01-27 06:16:42,628 - xai.nshap_analysis - INFO - Instance 640: Predicted class 0
2025-01-27 06:16:42,628 - xai.nshap_analysis - INFO - Instance 641: Predicted class 1
2025-01-27 06:16:42,629 - xai.nshap_analysis - INFO - Instance 642: Predicted class 0
2025-01-27 06:16:42,629 - xai.nshap_analysis - INFO - Instance 643: Predicted class 1
2025-01-27 06:16:42,629 - xai.nshap_analysis - INFO - Instance 644: Predicted class 1
2025-01-27 06:16:42,629 - xai.nshap_analysis - INFO - Instance 645: Predicted class 1
2025-01-27 06:16:42,630 - xai.nshap_analysis - INFO - Instance 646: Predicted class 0
2025-01-27 06:16:42,630 - xai.nshap_analysis - INFO - Instance 647: Predicted class 2
2025-01-27 06:16:42,630 - xai.nshap_analysis - INFO - Instance 648: Predicted class 1
2025-01-27 06:16:42,631 - xai.nshap_analysis - INFO - Instance 649: Predicted class 1
2025-01-27 06:16:42,631 - xai.nshap_analysis - INFO - Instance 650: Predicted class 1
2025-01-27 06:16:42,631 - xai.nshap_analysis - INFO - Instance 651: Predicted class 0
2025-01-27 06:16:42,631 - xai.nshap_analysis - INFO - Instance 652: Predicted class 1
2025-01-27 06:16:42,632 - xai.nshap_analysis - INFO - Instance 653: Predicted class 0
2025-01-27 06:16:42,632 - xai.nshap_analysis - INFO - Instance 654: Predicted class 0
2025-01-27 06:16:42,632 - xai.nshap_analysis - INFO - Instance 655: Predicted class 1
2025-01-27 06:16:42,636 - xai.nshap_analysis - INFO - Instance 656: Predicted class 3
2025-01-27 06:16:42,637 - xai.nshap_analysis - INFO - Instance 657: Predicted class 3
2025-01-27 06:16:42,637 - xai.nshap_analysis - INFO - Instance 658: Predicted class 2
2025-01-27 06:16:42,638 - xai.nshap_analysis - INFO - Instance 659: Predicted class 0
2025-01-27 06:17:06,225 - xai.nshap_analysis - INFO - Instance 660: Predicted class 1
2025-01-27 06:17:06,226 - xai.nshap_analysis - INFO - Instance 661: Predicted class 2
2025-01-27 06:17:06,226 - xai.nshap_analysis - INFO - Instance 662: Predicted class 0
2025-01-27 06:17:06,226 - xai.nshap_analysis - INFO - Instance 663: Predicted class 1
2025-01-27 06:17:06,227 - xai.nshap_analysis - INFO - Instance 664: Predicted class 1
2025-01-27 06:17:06,227 - xai.nshap_analysis - INFO - Instance 665: Predicted class 1
2025-01-27 06:17:06,227 - xai.nshap_analysis - INFO - Instance 666: Predicted class 0
2025-01-27 06:17:06,227 - xai.nshap_analysis - INFO - Instance 667: Predicted class 3
2025-01-27 06:17:06,228 - xai.nshap_analysis - INFO - Instance 668: Predicted class 1
2025-01-27 06:17:06,228 - xai.nshap_analysis - INFO - Instance 669: Predicted class 3
2025-01-27 06:17:06,228 - xai.nshap_analysis - INFO - Instance 670: Predicted class 2
2025-01-27 06:17:06,228 - xai.nshap_analysis - INFO - Instance 671: Predicted class 0
2025-01-27 06:17:06,229 - xai.nshap_analysis - INFO - Instance 672: Predicted class 2
2025-01-27 06:17:06,229 - xai.nshap_analysis - INFO - Instance 673: Predicted class 2
2025-01-27 06:17:06,229 - xai.nshap_analysis - INFO - Instance 674: Predicted class 1
2025-01-27 06:17:06,229 - xai.nshap_analysis - INFO - Instance 675: Predicted class 0
2025-01-27 06:17:06,229 - xai.nshap_analysis - INFO - Instance 676: Predicted class 0
2025-01-27 06:17:06,230 - xai.nshap_analysis - INFO - Instance 677: Predicted class 1
2025-01-27 06:17:06,230 - xai.nshap_analysis - INFO - Instance 678: Predicted class 1
2025-01-27 06:17:06,230 - xai.nshap_analysis - INFO - Instance 679: Predicted class 0
2025-01-27 06:17:29,926 - xai.nshap_analysis - INFO - Instance 680: Predicted class 3
2025-01-27 06:17:29,927 - xai.nshap_analysis - INFO - Instance 681: Predicted class 0
2025-01-27 06:17:29,927 - xai.nshap_analysis - INFO - Instance 682: Predicted class 0
2025-01-27 06:17:29,928 - xai.nshap_analysis - INFO - Instance 683: Predicted class 2
2025-01-27 06:17:29,928 - xai.nshap_analysis - INFO - Instance 684: Predicted class 0
2025-01-27 06:17:29,928 - xai.nshap_analysis - INFO - Instance 685: Predicted class 0
2025-01-27 06:17:29,928 - xai.nshap_analysis - INFO - Instance 686: Predicted class 0
2025-01-27 06:17:29,929 - xai.nshap_analysis - INFO - Instance 687: Predicted class 0
2025-01-27 06:17:29,929 - xai.nshap_analysis - INFO - Instance 688: Predicted class 0
2025-01-27 06:17:29,929 - xai.nshap_analysis - INFO - Instance 689: Predicted class 2
2025-01-27 06:17:29,929 - xai.nshap_analysis - INFO - Instance 690: Predicted class 1
2025-01-27 06:17:29,933 - xai.nshap_analysis - INFO - Instance 691: Predicted class 2
2025-01-27 06:17:29,934 - xai.nshap_analysis - INFO - Instance 692: Predicted class 0
2025-01-27 06:17:29,934 - xai.nshap_analysis - INFO - Instance 693: Predicted class 1
2025-01-27 06:17:29,935 - xai.nshap_analysis - INFO - Instance 694: Predicted class 2
2025-01-27 06:17:29,935 - xai.nshap_analysis - INFO - Instance 695: Predicted class 3
2025-01-27 06:17:29,935 - xai.nshap_analysis - INFO - Instance 696: Predicted class 3
2025-01-27 06:17:29,935 - xai.nshap_analysis - INFO - Instance 697: Predicted class 1
2025-01-27 06:17:29,935 - xai.nshap_analysis - INFO - Instance 698: Predicted class 1
2025-01-27 06:17:29,936 - xai.nshap_analysis - INFO - Instance 699: Predicted class 0
2025-01-27 06:17:53,972 - xai.nshap_analysis - INFO - Instance 700: Predicted class 2
2025-01-27 06:17:53,973 - xai.nshap_analysis - INFO - Instance 701: Predicted class 0
2025-01-27 06:17:53,973 - xai.nshap_analysis - INFO - Instance 702: Predicted class 3
2025-01-27 06:17:53,973 - xai.nshap_analysis - INFO - Instance 703: Predicted class 1
2025-01-27 06:17:53,973 - xai.nshap_analysis - INFO - Instance 704: Predicted class 1
2025-01-27 06:17:53,974 - xai.nshap_analysis - INFO - Instance 705: Predicted class 1
2025-01-27 06:17:53,974 - xai.nshap_analysis - INFO - Instance 706: Predicted class 2
2025-01-27 06:17:53,974 - xai.nshap_analysis - INFO - Instance 707: Predicted class 3
2025-01-27 06:17:53,974 - xai.nshap_analysis - INFO - Instance 708: Predicted class 0
2025-01-27 06:17:53,974 - xai.nshap_analysis - INFO - Instance 709: Predicted class 0
2025-01-27 06:17:53,975 - xai.nshap_analysis - INFO - Instance 710: Predicted class 3
2025-01-27 06:17:53,975 - xai.nshap_analysis - INFO - Instance 711: Predicted class 0
2025-01-27 06:17:53,975 - xai.nshap_analysis - INFO - Instance 712: Predicted class 0
2025-01-27 06:17:53,975 - xai.nshap_analysis - INFO - Instance 713: Predicted class 0
2025-01-27 06:17:53,979 - xai.nshap_analysis - INFO - Instance 714: Predicted class 0
2025-01-27 06:17:53,980 - xai.nshap_analysis - INFO - Instance 715: Predicted class 2
2025-01-27 06:17:53,981 - xai.nshap_analysis - INFO - Instance 716: Predicted class 0
2025-01-27 06:17:53,981 - xai.nshap_analysis - INFO - Instance 717: Predicted class 1
2025-01-27 06:17:53,981 - xai.nshap_analysis - INFO - Instance 718: Predicted class 1
2025-01-27 06:17:53,981 - xai.nshap_analysis - INFO - Instance 719: Predicted class 3
2025-01-27 06:18:17,796 - xai.nshap_analysis - INFO - Instance 720: Predicted class 0
2025-01-27 06:18:17,797 - xai.nshap_analysis - INFO - Instance 721: Predicted class 1
2025-01-27 06:18:17,797 - xai.nshap_analysis - INFO - Instance 722: Predicted class 1
2025-01-27 06:18:17,797 - xai.nshap_analysis - INFO - Instance 723: Predicted class 2
2025-01-27 06:18:17,798 - xai.nshap_analysis - INFO - Instance 724: Predicted class 1
2025-01-27 06:18:17,798 - xai.nshap_analysis - INFO - Instance 725: Predicted class 1
2025-01-27 06:18:17,798 - xai.nshap_analysis - INFO - Instance 726: Predicted class 0
2025-01-27 06:18:17,798 - xai.nshap_analysis - INFO - Instance 727: Predicted class 1
2025-01-27 06:18:17,799 - xai.nshap_analysis - INFO - Instance 728: Predicted class 0
2025-01-27 06:18:17,799 - xai.nshap_analysis - INFO - Instance 729: Predicted class 0
2025-01-27 06:18:17,799 - xai.nshap_analysis - INFO - Instance 730: Predicted class 1
2025-01-27 06:18:17,803 - xai.nshap_analysis - INFO - Instance 731: Predicted class 3
2025-01-27 06:18:17,804 - xai.nshap_analysis - INFO - Instance 732: Predicted class 2
2025-01-27 06:18:17,804 - xai.nshap_analysis - INFO - Instance 733: Predicted class 1
2025-01-27 06:18:17,804 - xai.nshap_analysis - INFO - Instance 734: Predicted class 2
2025-01-27 06:18:17,804 - xai.nshap_analysis - INFO - Instance 735: Predicted class 0
2025-01-27 06:18:17,804 - xai.nshap_analysis - INFO - Instance 736: Predicted class 1
2025-01-27 06:18:17,805 - xai.nshap_analysis - INFO - Instance 737: Predicted class 0
2025-01-27 06:18:17,805 - xai.nshap_analysis - INFO - Instance 738: Predicted class 1
2025-01-27 06:18:17,805 - xai.nshap_analysis - INFO - Instance 739: Predicted class 1
2025-01-27 06:18:41,541 - xai.nshap_analysis - INFO - Instance 740: Predicted class 0
2025-01-27 06:18:41,542 - xai.nshap_analysis - INFO - Instance 741: Predicted class 1
2025-01-27 06:18:41,542 - xai.nshap_analysis - INFO - Instance 742: Predicted class 3
2025-01-27 06:18:41,543 - xai.nshap_analysis - INFO - Instance 743: Predicted class 0
2025-01-27 06:18:41,543 - xai.nshap_analysis - INFO - Instance 744: Predicted class 0
2025-01-27 06:18:41,543 - xai.nshap_analysis - INFO - Instance 745: Predicted class 1
2025-01-27 06:18:41,543 - xai.nshap_analysis - INFO - Instance 746: Predicted class 0
2025-01-27 06:18:41,544 - xai.nshap_analysis - INFO - Instance 747: Predicted class 1
2025-01-27 06:18:41,544 - xai.nshap_analysis - INFO - Instance 748: Predicted class 1
2025-01-27 06:18:41,544 - xai.nshap_analysis - INFO - Instance 749: Predicted class 1
2025-01-27 06:18:41,544 - xai.nshap_analysis - INFO - Instance 750: Predicted class 0
2025-01-27 06:18:41,544 - xai.nshap_analysis - INFO - Instance 751: Predicted class 0
2025-01-27 06:18:41,545 - xai.nshap_analysis - INFO - Instance 752: Predicted class 0
2025-01-27 06:18:41,545 - xai.nshap_analysis - INFO - Instance 753: Predicted class 2
2025-01-27 06:18:41,545 - xai.nshap_analysis - INFO - Instance 754: Predicted class 3
2025-01-27 06:18:41,545 - xai.nshap_analysis - INFO - Instance 755: Predicted class 0
2025-01-27 06:18:41,545 - xai.nshap_analysis - INFO - Instance 756: Predicted class 0
2025-01-27 06:18:41,546 - xai.nshap_analysis - INFO - Instance 757: Predicted class 0
2025-01-27 06:18:41,546 - xai.nshap_analysis - INFO - Instance 758: Predicted class 0
2025-01-27 06:18:41,546 - xai.nshap_analysis - INFO - Instance 759: Predicted class 3
2025-01-27 06:19:05,237 - xai.nshap_analysis - INFO - Instance 760: Predicted class 1
2025-01-27 06:19:05,238 - xai.nshap_analysis - INFO - Instance 761: Predicted class 0
2025-01-27 06:19:05,238 - xai.nshap_analysis - INFO - Instance 762: Predicted class 3
2025-01-27 06:19:05,239 - xai.nshap_analysis - INFO - Instance 763: Predicted class 1
2025-01-27 06:19:05,239 - xai.nshap_analysis - INFO - Instance 764: Predicted class 1
2025-01-27 06:19:05,239 - xai.nshap_analysis - INFO - Instance 765: Predicted class 2
2025-01-27 06:19:05,239 - xai.nshap_analysis - INFO - Instance 766: Predicted class 2
2025-01-27 06:19:05,240 - xai.nshap_analysis - INFO - Instance 767: Predicted class 1
2025-01-27 06:19:05,240 - xai.nshap_analysis - INFO - Instance 768: Predicted class 3
2025-01-27 06:19:05,240 - xai.nshap_analysis - INFO - Instance 769: Predicted class 0
2025-01-27 06:19:05,240 - xai.nshap_analysis - INFO - Instance 770: Predicted class 1
2025-01-27 06:19:05,240 - xai.nshap_analysis - INFO - Instance 771: Predicted class 0
2025-01-27 06:19:05,245 - xai.nshap_analysis - INFO - Instance 772: Predicted class 3
2025-01-27 06:19:05,245 - xai.nshap_analysis - INFO - Instance 773: Predicted class 1
2025-01-27 06:19:05,246 - xai.nshap_analysis - INFO - Instance 774: Predicted class 1
2025-01-27 06:19:05,246 - xai.nshap_analysis - INFO - Instance 775: Predicted class 1
2025-01-27 06:19:05,246 - xai.nshap_analysis - INFO - Instance 776: Predicted class 1
2025-01-27 06:19:05,246 - xai.nshap_analysis - INFO - Instance 777: Predicted class 2
2025-01-27 06:19:05,246 - xai.nshap_analysis - INFO - Instance 778: Predicted class 1
2025-01-27 06:19:05,247 - xai.nshap_analysis - INFO - Instance 779: Predicted class 1
2025-01-27 06:19:28,855 - xai.nshap_analysis - INFO - Instance 780: Predicted class 3
2025-01-27 06:19:28,855 - xai.nshap_analysis - INFO - Instance 781: Predicted class 0
2025-01-27 06:19:28,856 - xai.nshap_analysis - INFO - Instance 782: Predicted class 1
2025-01-27 06:19:28,856 - xai.nshap_analysis - INFO - Instance 783: Predicted class 1
2025-01-27 06:19:28,856 - xai.nshap_analysis - INFO - Instance 784: Predicted class 3
2025-01-27 06:19:28,856 - xai.nshap_analysis - INFO - Instance 785: Predicted class 3
2025-01-27 06:20:10,002 - xai.nshap_analysis - INFO - nSHAP completed
2025-01-27 06:20:10,003 - xai.nshap_analysis - INFO - Allclose nSHAP
2025-01-27 06:21:10,396 - xai.nshap_analysis - INFO - Allclose nSHAP completed
2025-01-27 06:21:10,403 - xai.gshap_analysis - INFO - Processing model 1/1: Start
2025-01-27 06:21:10,403 - xai.gshap_analysis - INFO - Loading data and model for filename_covid_filter_col_None_filter_val_None_target_daylight_rain_ml_model_LGBMModel_mh_algo_SCA
2025-01-27 06:21:10,471 - xai.gshap_analysis - INFO - gSHAP started
2025-01-27 06:21:10,473 - xai.gshap_analysis - INFO - Computing G-SHAP values for Class 0 vs. Class 1
2025-01-27 07:31:48,323 - xai.gshap_analysis - INFO - Computing G-SHAP values for Class 0 vs. Class 2
2025-01-27 08:42:25,829 - xai.gshap_analysis - INFO - Computing G-SHAP values for Class 0 vs. Class 3
2025-01-27 09:53:09,265 - xai.gshap_analysis - INFO - Computing G-SHAP values for Class 1 vs. Class 0
2025-01-27 10:59:20,136 - xai.gshap_analysis - INFO - Computing G-SHAP values for Class 1 vs. Class 2
2025-01-27 12:05:43,434 - xai.gshap_analysis - INFO - Computing G-SHAP values for Class 1 vs. Class 3
2025-01-27 13:12:01,971 - xai.gshap_analysis - INFO - Computing G-SHAP values for Class 2 vs. Class 0
2025-01-27 13:52:56,208 - xai.gshap_analysis - INFO - Computing G-SHAP values for Class 2 vs. Class 1
2025-01-27 14:33:42,739 - xai.gshap_analysis - INFO - Computing G-SHAP values for Class 2 vs. Class 3
2025-01-27 15:14:24,045 - xai.gshap_analysis - INFO - Computing G-SHAP values for Class 3 vs. Class 0
2025-01-27 15:55:46,999 - xai.gshap_analysis - INFO - Computing G-SHAP values for Class 3 vs. Class 1
2025-01-27 16:37:06,574 - xai.gshap_analysis - INFO - Computing G-SHAP values for Class 3 vs. Class 2
2025-01-27 17:18:25,301 - xai.gshap_analysis - INFO - gSHAP model failure
2025-01-28 08:38:09,913 - xai.gshap_analysis - INFO - gSHAP intergroup difference
2025-01-28 21:08:44,379 - utils.train_and_optimize - INFO - File: ca_housing
2025-01-28 21:08:44,400 - utils.train_and_optimize - INFO - -------Target: target-------
2025-01-28 21:08:44,401 - utils.train_and_optimize - INFO - ----------ML model evaluation----------
2025-01-28 21:08:44,401 - utils.train_and_optimize - INFO - 

Evaluating: LGBMModel CV
2025-01-28 21:08:44,761 - utils.train_and_optimize - INFO - 

Evaluating: ExtraTreesModel CV
2025-01-28 21:08:49,938 - utils.train_and_optimize - INFO - Top models:
       ml_model     r2
      LGBMModel 0.8632
ExtraTreesModel 0.8536
2025-01-28 21:08:49,939 - utils.train_and_optimize - INFO - -------------Optimization-------------
2025-01-28 21:08:49,939 - utils.train_and_optimize - INFO - Optimizing: LGBMModel CV
2025-01-28 21:08:49,939 - optimization.optimization_problem - INFO - Initializing BaseOptimizerProblem with cross-validation
2025-01-28 21:09:39,737 - utils.train_and_optimize - INFO - File: ca_housing
2025-01-28 21:09:39,756 - utils.train_and_optimize - INFO - -------Target: target-------
2025-01-28 21:09:39,757 - utils.train_and_optimize - INFO - ----------ML model evaluation----------
2025-01-28 21:09:39,757 - utils.train_and_optimize - INFO - 

Evaluating: LGBMModel CV
2025-01-28 21:09:40,079 - utils.train_and_optimize - INFO - 

Evaluating: ExtraTreesModel CV
2025-01-28 21:09:45,269 - utils.train_and_optimize - INFO - Top models:
       ml_model     r2
      LGBMModel 0.8632
ExtraTreesModel 0.8536
2025-01-28 21:09:45,270 - utils.train_and_optimize - INFO - -------------Optimization-------------
2025-01-28 21:09:45,270 - utils.train_and_optimize - INFO - Optimizing: LGBMModel CV
2025-01-28 21:09:45,271 - optimization.optimization_problem - INFO - Initializing BaseOptimizerProblem with cross-validation
2025-01-28 21:11:37,050 - optimization.optimizer - INFO - Model: LGBMModel, Dataset: ca_housing, Best MSE: 0.11564714603834278
2025-01-28 21:11:44,391 - utils.train_and_optimize - INFO - Optimized LGBMModel CV by SCA
2025-01-28 21:11:46,109 - utils.train_and_optimize - INFO - Optimized LGBMModel by SCA
2025-01-28 21:11:46,204 - utils.train_and_optimize - INFO - Optimizing: ExtraTreesModel CV
2025-01-28 21:11:46,205 - optimization.optimization_problem - INFO - Initializing BaseOptimizerProblem with cross-validation
2025-01-28 21:12:26,879 - optimization.optimizer - INFO - Model: ExtraTreesModel, Dataset: ca_housing, Best MSE: 0.13144408709656
2025-01-28 21:12:35,692 - utils.train_and_optimize - INFO - Optimized ExtraTreesModel CV by SCA
2025-01-28 21:12:37,449 - utils.train_and_optimize - INFO - Optimized ExtraTreesModel by SCA
2025-01-28 21:12:37,518 - utils.train_and_optimize - INFO -    iteration    g_best    runtime         ml_model metaheuristic    filename filter_column filter_value  target
0          1  0.115647  43.293980        LGBMModel           SCA  ca_housing          None         None  target
1          2  0.115647  31.900544        LGBMModel           SCA  ca_housing          None         None  target
2          1  0.144409  10.275639  ExtraTreesModel           SCA  ca_housing          None         None  target
3          2  0.131444  11.895155  ExtraTreesModel           SCA  ca_housing          None         None  target
2025-01-28 21:12:37,529 - utils.train_and_optimize - INFO - JSON options file saved for ca_housing
2025-01-28 21:12:37,580 - utils.best_eval - INFO - Loading model from C:\Users\tbezdan\Desktop\crAIRsis datasets\reg_test\models\filename_ca_housing_filter_col_None_filter_val_None_target_target_ml_model_LGBMModel_mh_algo_SCA.joblib
2025-01-28 21:12:37,680 - utils.best_eval - INFO - Loading data from C:\Users\tbezdan\Desktop\crAIRsis datasets\reg_test\data\datasets\filename_ca_housing_filter_col_None_filter_val_None_target_target.csv
2025-01-28 21:12:37,729 - utils.best_eval - INFO - filename_ca_housing_filter_col_None_filter_val_None_target_target_ml_model_LGBMModel_mh_algo_SCA
2025-01-28 21:12:37,730 - utils.best_eval - INFO - R2 score difference: 0.0171
2025-01-28 21:12:37,733 - xai.shap_analysis - INFO - Processing model 1/1: Start
2025-01-28 21:12:37,734 - xai.shap_analysis - INFO - Loading data and model for filename_ca_housing_filter_col_None_filter_val_None_target_target_ml_model_LGBMModel_mh_algo_SCA
2025-01-28 21:12:37,782 - xai.shap_analysis - INFO - Initializing SHAP explainer
2025-01-28 21:12:43,625 - xai.shap_analysis - INFO - Performing local SHAP analysis for regression
2025-01-28 21:12:43,646 - xai.shap_analysis - INFO - Processing model 1/1: Completed

2025-01-28 21:12:43,657 - xai.shap_analysis - INFO - Processing model 1/1: Start
2025-01-28 21:12:43,657 - xai.shap_analysis - INFO - Loading data and model for filename_ca_housing_filter_col_None_filter_val_None_target_target_ml_model_LGBMModel_mh_algo_SCA
2025-01-28 21:12:43,687 - xai.shap_analysis - INFO - Initializing SHAP explainer
2025-01-28 21:12:45,615 - xai.shap_analysis - INFO - Calculating SHAP interaction values
2025-01-28 21:13:19,993 - xai.shap_analysis - INFO - Analyzing main effects and interactions - regression
2025-01-28 21:13:20,076 - xai.shap_analysis - INFO - Processing model 1/1: Completed

2025-01-28 21:13:20,084 - xai.shap_clustering - INFO - Starting SHAP clustering process.
2025-01-28 21:13:20,084 - xai.shap_clustering - INFO - Processing file: filename_ca_housing_filter_col_None_filter_val_None_target_target_ml_model_LGBMModel_mh_algo_SCA_impacts_local.csv
2025-01-28 21:13:20,104 - xai.shap_clustering - INFO - Performing clustering for general data.
2025-01-28 21:13:20,106 - xai.shap_clustering - INFO - Dimensionality reduction method: PaCMAP
2025-01-28 21:13:20,929 - xai.shap_clustering - INFO - Starting subclustering process. Task type: regression
2025-01-28 21:13:20,930 - xai.shap_clustering - INFO - Found 14 unique clusters: [-1  0  1  2  3  4  5  6  7  8  9 10 11 12]
2025-01-28 21:13:20,930 - xai.shap_clustering - INFO - Skipping noise points for cluster -1.
2025-01-28 21:13:20,930 - xai.shap_clustering - INFO - Processing parent cluster 0.
2025-01-28 21:13:20,932 - xai.shap_clustering - INFO - Cluster 0: Points after probability threshold filter: 22
2025-01-28 21:13:20,933 - xai.shap_clustering - INFO - Parent cluster 0: Found 1 subclusters.
2025-01-28 21:13:20,936 - xai.shap_clustering - INFO - Processing parent cluster 1.
2025-01-28 21:13:20,936 - xai.shap_clustering - INFO - Cluster 1: Points after probability threshold filter: 66
2025-01-28 21:13:20,939 - xai.shap_clustering - INFO - Parent cluster 1: Found 3 subclusters.
2025-01-28 21:13:20,945 - xai.shap_clustering - INFO - Processing parent cluster 2.
2025-01-28 21:13:20,945 - xai.shap_clustering - INFO - Cluster 2: Points after probability threshold filter: 18
2025-01-28 21:13:20,947 - xai.shap_clustering - INFO - Parent cluster 2: Found 1 subclusters.
2025-01-28 21:13:20,949 - xai.shap_clustering - INFO - Processing parent cluster 3.
2025-01-28 21:13:20,950 - xai.shap_clustering - INFO - Cluster 3: Points after probability threshold filter: 17
2025-01-28 21:13:20,951 - xai.shap_clustering - INFO - Parent cluster 3: Found 1 subclusters.
2025-01-28 21:13:20,953 - xai.shap_clustering - INFO - Processing parent cluster 4.
2025-01-28 21:13:20,954 - xai.shap_clustering - INFO - Cluster 4: Points after probability threshold filter: 24
2025-01-28 21:13:20,955 - xai.shap_clustering - INFO - Parent cluster 4: Found 3 subclusters.
2025-01-28 21:13:20,958 - xai.shap_clustering - INFO - Processing parent cluster 5.
2025-01-28 21:13:20,959 - xai.shap_clustering - INFO - Cluster 5: Points after probability threshold filter: 35
2025-01-28 21:13:20,962 - xai.shap_clustering - INFO - Parent cluster 5: Found 3 subclusters.
2025-01-28 21:13:20,966 - xai.shap_clustering - INFO - Processing parent cluster 6.
2025-01-28 21:13:20,967 - xai.shap_clustering - INFO - Cluster 6: Points after probability threshold filter: 30
2025-01-28 21:13:20,968 - xai.shap_clustering - INFO - Parent cluster 6: Found 3 subclusters.
2025-01-28 21:13:20,971 - xai.shap_clustering - INFO - Processing parent cluster 7.
2025-01-28 21:13:20,972 - xai.shap_clustering - INFO - Cluster 7: Points after probability threshold filter: 16
2025-01-28 21:13:20,973 - xai.shap_clustering - INFO - Parent cluster 7: Found 1 subclusters.
2025-01-28 21:13:20,977 - xai.shap_clustering - INFO - Processing parent cluster 8.
2025-01-28 21:13:20,977 - xai.shap_clustering - INFO - Cluster 8: Points after probability threshold filter: 14
2025-01-28 21:13:20,980 - xai.shap_clustering - INFO - Parent cluster 8: Found 1 subclusters.
2025-01-28 21:13:20,983 - xai.shap_clustering - INFO - Processing parent cluster 9.
2025-01-28 21:13:20,983 - xai.shap_clustering - INFO - Cluster 9: Points after probability threshold filter: 16
2025-01-28 21:13:20,984 - xai.shap_clustering - INFO - Parent cluster 9: Found 1 subclusters.
2025-01-28 21:13:20,987 - xai.shap_clustering - INFO - Processing parent cluster 10.
2025-01-28 21:13:20,988 - xai.shap_clustering - INFO - Cluster 10: Points after probability threshold filter: 17
2025-01-28 21:13:20,989 - xai.shap_clustering - INFO - Parent cluster 10: Found 1 subclusters.
2025-01-28 21:13:20,991 - xai.shap_clustering - INFO - Processing parent cluster 11.
2025-01-28 21:13:20,992 - xai.shap_clustering - INFO - Cluster 11: Points after probability threshold filter: 14
2025-01-28 21:13:20,993 - xai.shap_clustering - INFO - Parent cluster 11: Found 1 subclusters.
2025-01-28 21:13:20,997 - xai.shap_clustering - INFO - Processing parent cluster 12.
2025-01-28 21:13:20,998 - xai.shap_clustering - INFO - Cluster 12: Points after probability threshold filter: 17
2025-01-28 21:13:20,999 - xai.shap_clustering - INFO - Parent cluster 12: Found 1 subclusters.
2025-01-28 21:13:21,002 - xai.shap_clustering - INFO - Subclustering process completed.
2025-01-28 21:13:21,003 - xai.shap_clustering - INFO - Successfully processed file: filename_ca_housing_filter_col_None_filter_val_None_target_target_ml_model_LGBMModel_mh_algo_SCA_impacts_local.csv
2025-01-28 21:13:21,003 - xai.shap_clustering - INFO - SHAP clustering process completed.
2025-01-28 21:13:21,004 - xai.sage_analysis - INFO - Starting SAGE analysis...
2025-01-28 21:13:21,005 - xai.sage_analysis - INFO - Analyzing model: LGBMModel with mh_algo: SCA for target: target, filename: ca_housing, filter value: None
2025-01-28 21:24:28,905 - xai.sage_analysis - INFO - SAGE analysis completed.
2025-01-28 21:24:28,917 - xai.nshap_analysis - INFO - Processing model 1/1: Start
2025-01-28 21:24:28,918 - xai.nshap_analysis - INFO - Loading data and model for filename_ca_housing_filter_col_None_filter_val_None_target_target_ml_model_LGBMModel_mh_algo_SCA
2025-01-28 21:24:29,048 - xai.nshap_analysis - INFO - Training new model with the most important features from SAGE
2025-01-28 21:24:34,449 - xai.nshap_analysis - INFO - Saving predictions for the new model
2025-01-28 21:24:34,478 - xai.nshap_analysis - INFO - Predictions saved to C:\Users\tbezdan\Desktop\crAIRsis datasets\reg_test\data\nshap\filename_ca_housing_filter_col_None_filter_val_None_target_target_ml_model_LGBMModel_mh_algo_SCA_predictions.csv
2025-01-28 21:24:34,478 - xai.nshap_analysis - INFO - Initializing nSHAP
2025-01-28 21:24:34,479 - xai.nshap_analysis - INFO - Computing n shapley values
2025-01-28 21:33:07,694 - xai.nshap_analysis - INFO - Computing shapley taylor values
2025-01-28 21:41:34,589 - xai.nshap_analysis - INFO - Computing faith shap values
2025-01-28 21:50:01,822 - xai.nshap_analysis - INFO - Computing shapley interaction index values
2025-01-28 21:58:36,323 - xai.nshap_analysis - INFO - Computing banzhaf interaction index values
2025-01-28 22:07:41,928 - xai.nshap_analysis - INFO - Computing faith banzhaf values
2025-01-28 22:19:15,797 - xai.nshap_analysis - INFO - Computing moebius transform values
2025-01-28 22:28:46,247 - xai.nshap_analysis - INFO - nSHAP completed
2025-01-28 22:28:46,247 - xai.nshap_analysis - INFO - Allclose nSHAP
2025-01-28 22:29:34,201 - xai.nshap_analysis - INFO - Allclose nSHAP completed
2025-01-28 22:29:34,210 - xai.gshap_analysis - INFO - Processing model 1/1: Start
2025-01-28 22:29:34,211 - xai.gshap_analysis - INFO - Loading data and model for filename_ca_housing_filter_col_None_filter_val_None_target_target_ml_model_LGBMModel_mh_algo_SCA
2025-01-28 22:29:34,247 - xai.gshap_analysis - INFO - gSHAP started
2025-01-28 23:54:35,057 - xai.gshap_analysis - INFO - gSHAP model failure
2025-01-29 01:20:47,648 - xai.gshap_analysis - INFO - gSHAP intergroup difference
2025-01-29 01:38:47,443 - xai.gshap_analysis - INFO - gSHAP mediation
2025-01-29 04:25:15,499 - utils.train_and_optimize - INFO - File: ca_housing
2025-01-29 04:25:15,533 - utils.train_and_optimize - INFO - -------Target: target-------
2025-01-29 04:25:15,534 - utils.train_and_optimize - INFO - ----------ML model evaluation----------
2025-01-29 04:25:15,534 - utils.train_and_optimize - INFO - 

Evaluating: LGBMModel CV
2025-01-29 04:25:15,868 - utils.train_and_optimize - INFO - 

Evaluating: ExtraTreesModel CV
2025-01-29 04:25:21,221 - utils.train_and_optimize - INFO - Top models:
       ml_model     r2
      LGBMModel 0.8632
ExtraTreesModel 0.8536
2025-01-29 04:25:21,222 - utils.train_and_optimize - INFO - -------------Optimization-------------
2025-01-29 04:25:21,222 - utils.train_and_optimize - INFO - Optimizing: LGBMModel CV
2025-01-29 04:25:21,222 - optimization.optimization_problem - INFO - Initializing BaseOptimizerProblem with cross-validation
2025-01-29 04:26:39,321 - xai.nshap_analysis - INFO - Processing model 1/1: Start
2025-01-29 04:26:39,322 - xai.nshap_analysis - INFO - Loading data and model for filename_ca_housing_filter_col_None_filter_val_None_target_target_ml_model_LGBMModel_mh_algo_SCA
2025-01-29 04:26:39,397 - xai.nshap_analysis - INFO - Training new model with the most important features from SAGE
2025-01-29 04:26:40,427 - xai.nshap_analysis - INFO - Saving predictions for the new model
2025-01-29 04:26:40,440 - xai.nshap_analysis - INFO - Predictions saved to C:\Users\tbezdan\Desktop\crAIRsis datasets\reg_test\data\nshap\filename_ca_housing_filter_col_None_filter_val_None_target_target_ml_model_LGBMModel_mh_algo_SCA_predictions.csv
2025-01-29 04:26:40,440 - xai.nshap_analysis - INFO - Initializing nSHAP
2025-01-29 04:26:40,440 - xai.nshap_analysis - INFO - Computing n shapley values
2025-01-29 04:35:35,161 - xai.nshap_analysis - INFO - Computing shapley taylor values
2025-01-29 04:44:05,928 - xai.nshap_analysis - INFO - Computing faith shap values
2025-01-29 04:52:33,136 - xai.nshap_analysis - INFO - Computing shapley interaction index values
2025-01-29 05:00:59,735 - xai.nshap_analysis - INFO - Computing banzhaf interaction index values
2025-01-29 05:09:26,804 - xai.nshap_analysis - INFO - Computing faith banzhaf values
2025-01-29 05:17:53,438 - xai.nshap_analysis - INFO - Computing moebius transform values
2025-01-29 05:26:32,616 - xai.nshap_analysis - INFO - nSHAP completed
2025-01-29 05:26:32,616 - xai.nshap_analysis - INFO - Allclose nSHAP
2025-01-29 05:27:18,510 - xai.nshap_analysis - INFO - Allclose nSHAP completed
2025-01-29 05:27:18,518 - xai.gshap_analysis - INFO - Processing model 1/1: Start
2025-01-29 05:27:18,519 - xai.gshap_analysis - INFO - Loading data and model for filename_ca_housing_filter_col_None_filter_val_None_target_target_ml_model_LGBMModel_mh_algo_SCA
2025-01-29 05:27:18,553 - xai.gshap_analysis - INFO - gSHAP started
2025-01-29 06:45:32,383 - xai.gshap_analysis - INFO - gSHAP model failure
2025-01-29 08:20:51,406 - xai.gshap_analysis - INFO - gSHAP intergroup difference
2025-01-29 08:40:57,367 - xai.gshap_analysis - INFO - gSHAP mediation
2025-01-30 01:49:21,726 - xai.gshap_analysis - INFO - gSHAP hypothesis
2025-01-30 04:19:39,709 - xai.gshap_analysis - INFO - Processing model 1/1: Start
2025-01-30 04:19:39,710 - xai.gshap_analysis - INFO - Loading data and model for filename_ca_housing_filter_col_None_filter_val_None_target_target_ml_model_LGBMModel_mh_algo_SCA
2025-01-30 04:19:39,769 - xai.gshap_analysis - INFO - gSHAP started
2025-01-30 04:19:39,769 - xai.gshap_analysis - INFO - gSHAP hypothesis
2025-01-30 06:12:58,993 - xai.gshap_analysis - INFO - gSHAP completed
2025-01-30 06:41:09,829 - xai.gshap_analysis - INFO - Processing model 1/1: Start
2025-01-30 06:41:09,829 - xai.gshap_analysis - INFO - Loading data and model for filename_ca_housing_filter_col_None_filter_val_None_target_target_ml_model_LGBMModel_mh_algo_SCA
2025-01-30 06:41:09,860 - xai.gshap_analysis - INFO - gSHAP started
2025-01-30 06:41:09,860 - xai.gshap_analysis - INFO - gSHAP intergroup difference
2025-01-30 06:58:04,797 - xai.gshap_analysis - INFO - gSHAP hypothesis
2025-01-30 09:27:25,156 - xai.gshap_analysis - INFO - gSHAP completed
2025-01-30 11:06:56,790 - xai.gshap_analysis - INFO - Processing model 1/1: Start
2025-01-30 11:06:56,791 - xai.gshap_analysis - INFO - Loading data and model for filename_ca_housing_filter_col_None_filter_val_None_target_target_ml_model_LGBMModel_mh_algo_SCA
2025-01-30 11:06:56,822 - xai.gshap_analysis - INFO - gSHAP started
2025-01-30 11:06:56,823 - xai.gshap_analysis - INFO - gSHAP intergroup difference
2025-01-30 11:24:39,488 - xai.gshap_analysis - INFO - gSHAP hypothesis
2025-01-30 13:19:38,301 - xai.gshap_analysis - INFO - gSHAP completed
2025-01-30 13:24:47,043 - xai.gshap_analysis - INFO - Processing model 1/1: Start
2025-01-30 13:24:47,043 - xai.gshap_analysis - INFO - Loading data and model for filename_ca_housing_filter_col_None_filter_val_None_target_target_ml_model_LGBMModel_mh_algo_SCA
2025-01-30 13:24:47,074 - xai.gshap_analysis - INFO - gSHAP started
2025-01-30 13:24:47,074 - xai.gshap_analysis - INFO - gSHAP intergroup difference
2025-01-30 13:42:01,385 - xai.gshap_analysis - INFO - gSHAP hypothesis
2025-01-30 15:43:49,448 - xai.gshap_analysis - INFO - gSHAP completed
2025-01-30 16:07:50,972 - xai.gshap_analysis - INFO - Processing model 1/1: Start
2025-01-30 16:07:50,973 - xai.gshap_analysis - INFO - Loading data and model for filename_ca_housing_filter_col_None_filter_val_None_target_target_ml_model_LGBMModel_mh_algo_SCA
2025-01-30 16:07:51,035 - xai.gshap_analysis - INFO - gSHAP started
2025-01-30 16:07:51,035 - xai.gshap_analysis - INFO - gSHAP intergroup difference
2025-01-30 16:24:52,818 - xai.gshap_analysis - INFO - gSHAP hypothesis
2025-01-30 18:24:50,290 - xai.gshap_analysis - INFO - gSHAP completed
2025-01-30 21:04:22,448 - xai.isage_analysis - INFO - Processing model 1/1: Start
2025-01-30 21:04:22,449 - xai.isage_analysis - INFO - Loading data and model for filename_ca_housing_filter_col_None_filter_val_None_target_target_ml_model_LGBMModel_mh_algo_SCA
2025-01-30 21:04:22,486 - xai.isage_analysis - INFO - iSAGE started
2025-01-30 21:06:02,639 - xai.isage_analysis - INFO - iSAGE completed
